{"width":512,"imagePath":"common_ui_tex.png","height":1024,"name":"common_ui","SubTexture":[{"width":61,"y":943,"height":56,"name":"mobile_size/m_ba_betcontrol_btn_undo","x":1},{"width":150,"y":433,"height":144,"name":"mobile_size/ripple","x":1},{"width":65,"y":971,"height":32,"name":"mobile_size/label-undo_tc","x":127},{"width":61,"y":835,"height":70,"name":"mobile_size/m_ba_betcontrol_btn_clear","x":1},{"width":66,"y":642,"height":32,"name":"mobile_size/label-clear_tc","x":430},{"frameHeight":21,"y":805,"frameX":-4,"width":22,"frameY":-4,"height":13,"name":"d_common_icon_refresh_1","frameWidth":30,"x":435},{"frameHeight":11,"y":823,"frameX":-4,"width":29,"frameY":-4,"height":3,"name":"d_common_icon_menu_3","frameWidth":37,"x":287},{"frameHeight":11,"y":823,"frameX":-4,"width":29,"frameY":-4,"height":3,"name":"d_common_icon_menu_2","frameWidth":37,"x":318},{"frameHeight":11,"y":730,"frameX":-4,"width":29,"frameY":-4,"height":3,"name":"d_common_icon_menu_1","frameWidth":37,"x":475},{"frameHeight":24,"y":1001,"frameX":-1,"width":22,"frameY":-1,"height":22,"name":"d_common_icon_gameinfo_circle","frameWidth":24,"x":25},{"frameHeight":15,"y":579,"frameX":-1,"width":7,"frameY":-1,"height":13,"name":"d_common_icon_gameinfo_i","frameWidth":9,"x":141},{"frameHeight":28,"y":833,"frameX":-1,"width":26,"frameY":-1,"height":26,"name":"d_common_icon_close","frameWidth":28,"x":159},{"frameHeight":24,"y":1001,"frameX":-1,"width":22,"frameY":-1,"height":22,"name":"d_common_icon_betlimit_expand_circle","frameWidth":24,"x":1},{"frameHeight":9,"y":747,"frameX":-1,"width":12,"frameY":-1,"height":7,"name":"d_common_icon_betlimit_expand_circle_arror","frameWidth":14,"x":193},{"frameHeight":38,"y":789,"frameX":-4,"width":30,"frameY":-4,"height":30,"name":"d_common_icon_back","frameWidth":38,"x":460},{"frameHeight":68,"y":857,"frameX":-4,"width":60,"frameY":-4,"height":60,"name":"d_common_hideui_bg","frameWidth":68,"x":361},{"width":25,"y":665,"height":20,"name":"d_common_hideui2","x":207},{"width":25,"y":665,"height":20,"name":"d_common_hideui1","x":234},{"width":24,"y":549,"height":30,"name":"d_common_hideui3","x":447},{"frameHeight":68,"y":823,"frameX":-4,"width":60,"frameY":-4,"height":60,"name":"d_common_hideui_bg_border","frameWidth":68,"x":435},{"width":35,"y":676,"height":24,"name":"d_common_gamesetting_video_on","x":475},{"width":30,"y":607,"height":30,"name":"d_common_gamesetting_video_off_line","x":430},{"width":36,"y":695,"height":36,"name":"d_common_betcontrol_btn_undo","x":83},{"width":26,"y":805,"height":26,"name":"d_common_gamesetting_stat_circle_circle","x":159},{"width":2,"y":665,"height":14,"name":"d_common_gamesetting_stat_line","x":261},{"width":19,"y":789,"height":26,"name":"d_common_gamesetting_sound_on","x":492},{"width":5,"y":857,"height":14,"name":"d_common_gamesetting_sound_on_line","x":423},{"frameHeight":26,"y":581,"frameX":-1,"width":24,"frameY":-1,"height":24,"name":"d_common_gamesetting_sound_off_line","frameWidth":26,"x":447},{"frameHeight":50,"y":702,"frameX":-12,"width":26,"frameY":-12,"height":26,"name":"d_common_gamesetting","frameWidth":50,"x":475},{"width":80,"y":607,"height":80,"name":"mobile_size/m_betcontrol_btn_bg","x":266},{"width":80,"y":695,"height":80,"name":"mobile_size/m_betcontrol_btn_bg_hover","x":1},{"width":80,"y":607,"height":80,"name":"mobile_size/m_betcontrol_btn_undo","x":348},{"frameHeight":80,"y":747,"frameX":-20,"width":46,"frameY":-20,"height":40,"name":"mobile_size/m_betcontrol_btn_rebet","frameWidth":80,"x":460},{"frameHeight":80,"y":907,"frameX":-15,"width":48,"frameY":-22,"height":34,"name":"mobile_size/m_betcontrol_btn_double","frameWidth":80,"x":1},{"frameHeight":226,"y":217,"frameX":-6,"width":449,"frameY":-6,"height":214,"name":"mobile_size/confirm btn/btn_bet_glow","frameWidth":474,"x":1},{"frameHeight":51,"y":689,"frameX":-35,"width":156,"frameY":-6,"height":39,"name":"mobile_size/confirm btn/one_line_full","frameWidth":226,"x":207},{"width":72,"y":771,"height":50,"name":"mobile_size/confirm btn/icon_tick_normal","x":287},{"frameHeight":124,"y":702,"frameX":-103,"width":2,"frameY":-22,"height":80,"name":"mobile_size/confirm btn/timer_divider","frameWidth":372,"x":508},{"width":1,"y":777,"height":1,"name":"mobile_size/confirm btn/confirm_btn_effect/confirm_sequence_00018","x":80},{"width":1,"y":820,"height":1,"name":"mobile_size/confirm btn/confirm_btn_effect/confirm_sequence_00012","x":450},{"width":1,"y":780,"height":1,"name":"mobile_size/confirm btn/confirm_btn_effect/confirm_sequence_00015","x":80},{"width":1,"y":820,"height":1,"name":"mobile_size/confirm btn/confirm_btn_effect/confirm_sequence_00013","x":444},{"width":1,"y":684,"height":1,"name":"mobile_size/confirm btn/confirm_btn_effect/confirm_sequence_00008","x":261},{"width":1,"y":820,"height":1,"name":"mobile_size/confirm btn/confirm_btn_effect/confirm_sequence_00016","x":456},{"width":1,"y":820,"height":1,"name":"mobile_size/confirm btn/confirm_btn_effect/confirm_sequence_00010","x":438},{"width":1,"y":820,"height":1,"name":"mobile_size/confirm btn/confirm_btn_effect/confirm_sequence_00009","x":441},{"width":1,"y":820,"height":1,"name":"mobile_size/confirm btn/confirm_btn_effect/confirm_sequence_00017","x":447},{"width":1,"y":820,"height":1,"name":"mobile_size/confirm btn/confirm_btn_effect/confirm_sequence_00006","x":435},{"width":1,"y":820,"height":1,"name":"mobile_size/confirm btn/confirm_btn_effect/confirm_sequence_00007","x":453},{"width":1,"y":784,"height":1,"name":"mobile_size/confirm btn/confirm_btn_effect/confirm_sequence_00005","x":508},{"width":1,"y":783,"height":1,"name":"mobile_size/confirm btn/confirm_btn_effect/confirm_sequence_00004","x":80},{"width":1,"y":786,"height":1,"name":"mobile_size/confirm btn/confirm_btn_effect/confirm_sequence_00011","x":80},{"width":1,"y":817,"height":1,"name":"mobile_size/confirm btn/confirm_btn_effect/confirm_sequence_00003","x":492},{"width":1,"y":681,"height":1,"name":"mobile_size/confirm btn/confirm_btn_effect/confirm_sequence_00014","x":261},{"width":1,"y":820,"height":1,"name":"mobile_size/confirm btn/confirm_btn_effect/confirm_sequence_00019","x":492},{"width":80,"y":665,"height":80,"name":"mobile_size/m_betcontrol_btn_clear","x":125},{"frameHeight":76,"y":885,"frameX":-10,"width":64,"frameY":-10,"height":56,"name":"mobile_size/m_ba_betcontrol_btn_rebet","frameWidth":76,"x":423},{"width":134,"y":829,"height":32,"name":"mobile_size/label-rebet_tc","x":193},{"width":64,"y":920,"height":49,"name":"mobile_size/m_ba_betcontrol_btn_double","x":127},{"width":66,"y":863,"height":32,"name":"mobile_size/label-double_tc","x":128},{"frameHeight":226,"y":1,"frameX":-6,"width":449,"frameY":-6,"height":214,"name":"mobile_size/confirm btn animation/btn_bet_glow","frameWidth":474,"x":1},{"frameHeight":51,"y":730,"frameX":-35,"width":156,"frameY":-6,"height":39,"name":"mobile_size/confirm btn animation/one_line_full","frameWidth":226,"x":207},{"width":36,"y":491,"height":149,"name":"mobile_size/confirm btn animation/mobile/label-auto-confirm-vert_tc","x":475},{"width":72,"y":805,"height":50,"name":"mobile_size/confirm btn animation/icon_tick_normal","x":361},{"frameHeight":124,"y":817,"frameX":-103,"width":2,"frameY":-22,"height":80,"name":"mobile_size/confirm btn animation/timer_divider","frameWidth":372,"x":497},{"frameHeight":62,"y":549,"frameX":-45,"width":138,"frameY":-3,"height":56,"name":"confirm_btn_effect/confirm_sequence_00014","frameWidth":186,"x":307},{"frameHeight":62,"y":943,"frameX":-3,"width":61,"frameY":-3,"height":56,"name":"confirm_btn_effect/confirm_sequence_00003","frameWidth":186,"x":64},{"frameHeight":62,"y":491,"frameX":-30,"width":153,"frameY":-3,"height":56,"name":"confirm_btn_effect/confirm_sequence_00013","frameWidth":186,"x":320},{"frameHeight":62,"y":491,"frameX":-18,"width":165,"frameY":-3,"height":56,"name":"confirm_btn_effect/confirm_sequence_00012","frameWidth":186,"x":153},{"frameHeight":62,"y":433,"frameX":-8,"width":170,"frameY":-3,"height":56,"name":"confirm_btn_effect/confirm_sequence_00011","frameWidth":186,"x":153},{"frameHeight":62,"y":433,"frameX":-3,"width":165,"frameY":-3,"height":56,"name":"confirm_btn_effect/confirm_sequence_00010","frameWidth":186,"x":325},{"frameHeight":62,"y":549,"frameX":-3,"width":152,"frameY":-3,"height":56,"name":"confirm_btn_effect/confirm_sequence_00009","frameWidth":186,"x":153},{"frameHeight":62,"y":863,"frameX":-121,"width":62,"frameY":-3,"height":55,"name":"confirm_btn_effect/confirm_sequence_00019","frameWidth":186,"x":64},{"frameHeight":62,"y":579,"frameX":-3,"width":138,"frameY":-3,"height":56,"name":"confirm_btn_effect/confirm_sequence_00008","frameWidth":186,"x":1},{"frameHeight":62,"y":805,"frameX":-106,"width":77,"frameY":-3,"height":56,"name":"confirm_btn_effect/confirm_sequence_00018","frameWidth":186,"x":80},{"frameHeight":62,"y":637,"frameX":-3,"width":122,"frameY":-3,"height":56,"name":"confirm_btn_effect/confirm_sequence_00007","frameWidth":186,"x":1},{"frameHeight":62,"y":771,"frameX":-91,"width":92,"frameY":-3,"height":56,"name":"confirm_btn_effect/confirm_sequence_00017","frameWidth":186,"x":193},{"frameHeight":62,"y":689,"frameX":-3,"width":108,"frameY":-3,"height":56,"name":"confirm_btn_effect/confirm_sequence_00006","frameWidth":186,"x":365},{"frameHeight":62,"y":747,"frameX":-75,"width":108,"frameY":-3,"height":56,"name":"confirm_btn_effect/confirm_sequence_00016","frameWidth":186,"x":83},{"frameHeight":62,"y":747,"frameX":-3,"width":93,"frameY":-3,"height":56,"name":"confirm_btn_effect/confirm_sequence_00005","frameWidth":186,"x":365},{"frameHeight":62,"y":607,"frameX":-60,"width":123,"frameY":-3,"height":56,"name":"confirm_btn_effect/confirm_sequence_00015","frameWidth":186,"x":141},{"frameHeight":62,"y":777,"frameX":-3,"width":77,"frameY":-3,"height":56,"name":"confirm_btn_effect/confirm_sequence_00004","frameWidth":186,"x":1}]}