{"width":1024,"SubTexture":[{"width":61,"y":567,"height":56,"name":"mobile_size/m_ba_betcontrol_btn_undo","x":129},{"width":150,"y":217,"height":144,"name":"mobile_size/ripple","x":477},{"width":65,"y":477,"height":32,"name":"mobile_size/label-undo_tc","x":603},{"width":61,"y":519,"height":70,"name":"mobile_size/m_ba_betcontrol_btn_clear","x":241},{"width":66,"y":409,"height":32,"name":"mobile_size/label-clear_tc","x":603},{"frameY":-4,"y":625,"frameWidth":30,"frameX":-4,"frameHeight":21,"width":22,"height":13,"name":"d_common_icon_refresh_1","x":145},{"frameY":-4,"y":555,"frameWidth":37,"frameX":-4,"frameHeight":11,"width":29,"height":3,"name":"d_common_icon_menu_3","x":478},{"frameY":-4,"y":555,"frameWidth":37,"frameX":-4,"frameHeight":11,"width":29,"height":3,"name":"d_common_icon_menu_2","x":416},{"frameY":-4,"y":555,"frameWidth":37,"frameX":-4,"frameHeight":11,"width":29,"height":3,"name":"d_common_icon_menu_1","x":447},{"frameY":-1,"y":581,"frameWidth":24,"frameX":-1,"frameHeight":24,"width":22,"height":22,"name":"d_common_icon_gameinfo_circle","x":342},{"frameY":-1,"y":519,"frameWidth":9,"frameX":-1,"frameHeight":15,"width":7,"height":13,"name":"d_common_icon_gameinfo_i","x":366},{"frameY":-1,"y":629,"frameWidth":28,"frameX":-1,"frameHeight":28,"width":26,"height":26,"name":"d_common_icon_close","x":29},{"frameY":-1,"y":337,"frameWidth":24,"frameX":-1,"frameHeight":24,"width":22,"height":22,"name":"d_common_icon_betlimit_expand_circle","x":451},{"frameY":-1,"y":395,"frameWidth":14,"frameX":-1,"frameHeight":9,"width":12,"height":7,"name":"d_common_icon_betlimit_expand_circle_arror","x":603},{"frameY":-4,"y":591,"frameWidth":38,"frameX":-4,"frameHeight":38,"width":30,"height":30,"name":"d_common_icon_back","x":272},{"frameY":-4,"y":519,"frameWidth":68,"frameX":-4,"frameHeight":68,"width":60,"height":60,"name":"d_common_hideui_bg","x":304},{"width":25,"y":625,"height":20,"name":"d_common_hideui2","x":91},{"width":25,"y":625,"height":20,"name":"d_common_hideui1","x":118},{"width":24,"y":363,"height":30,"name":"d_common_hideui3","x":603},{"frameY":-4,"y":567,"frameWidth":68,"frameX":-4,"frameHeight":68,"width":60,"height":60,"name":"d_common_hideui_bg_border","x":1},{"width":35,"y":609,"height":24,"name":"d_common_gamesetting_video_on","x":192},{"width":30,"y":591,"height":30,"name":"d_common_gamesetting_video_off_line","x":240},{"width":36,"y":581,"height":36,"name":"d_common_betcontrol_btn_undo","x":304},{"width":26,"y":625,"height":26,"name":"d_common_gamesetting_stat_circle_circle","x":63},{"width":2,"y":534,"height":14,"name":"d_common_gamesetting_stat_line","x":373},{"width":19,"y":165,"height":26,"name":"d_common_gamesetting_sound_on","x":1002},{"width":5,"y":534,"height":14,"name":"d_common_gamesetting_sound_on_line","x":366},{"frameY":-1,"y":311,"frameWidth":26,"frameX":-1,"frameHeight":26,"width":24,"height":24,"name":"d_common_gamesetting_sound_off_line","x":451},{"frameY":-12,"y":629,"frameWidth":50,"frameX":-12,"frameHeight":50,"width":26,"height":26,"name":"d_common_gamesetting","x":1},{"width":80,"y":229,"height":80,"name":"mobile_size/m_betcontrol_btn_bg","x":377},{"width":80,"y":1,"height":80,"name":"mobile_size/m_betcontrol_btn_bg_hover","x":928},{"width":80,"y":485,"height":80,"name":"mobile_size/m_betcontrol_btn_undo","x":1},{"frameY":-20,"y":567,"frameWidth":80,"frameX":-20,"frameHeight":80,"width":46,"height":40,"name":"mobile_size/m_betcontrol_btn_rebet","x":192},{"frameY":-22,"y":555,"frameWidth":80,"frameX":-15,"frameHeight":80,"width":48,"height":34,"name":"mobile_size/m_betcontrol_btn_double","x":366},{"frameY":-6,"y":1,"frameWidth":474,"frameX":-6,"frameHeight":226,"width":449,"height":214,"name":"mobile_size/confirm btn/btn_bet_glow","x":477},{"frameY":-6,"y":485,"frameWidth":226,"frameX":-35,"frameHeight":51,"width":156,"height":39,"name":"mobile_size/confirm btn/one_line_full","x":83},{"width":72,"y":311,"height":50,"name":"mobile_size/confirm btn/icon_tick_normal","x":377},{"frameY":-22,"y":229,"frameWidth":372,"frameX":-103,"frameHeight":124,"width":2,"height":80,"name":"mobile_size/confirm btn/timer_divider","x":463},{"width":1,"y":398,"height":1,"name":"mobile_size/confirm btn/confirm_btn_effect/confirm_sequence_00006","x":620},{"width":1,"y":550,"height":1,"name":"mobile_size/confirm btn/confirm_btn_effect/confirm_sequence_00016","x":373},{"width":1,"y":404,"height":1,"name":"mobile_size/confirm btn/confirm_btn_effect/confirm_sequence_00018","x":612},{"width":1,"y":395,"height":1,"name":"mobile_size/confirm btn/confirm_btn_effect/confirm_sequence_00019","x":623},{"width":1,"y":395,"height":1,"name":"mobile_size/confirm btn/confirm_btn_effect/confirm_sequence_00007","x":617},{"width":1,"y":398,"height":1,"name":"mobile_size/confirm btn/confirm_btn_effect/confirm_sequence_00008","x":617},{"width":1,"y":404,"height":1,"name":"mobile_size/confirm btn/confirm_btn_effect/confirm_sequence_00013","x":603},{"width":1,"y":404,"height":1,"name":"mobile_size/confirm btn/confirm_btn_effect/confirm_sequence_00009","x":618},{"width":1,"y":395,"height":1,"name":"mobile_size/confirm btn/confirm_btn_effect/confirm_sequence_00017","x":620},{"width":1,"y":550,"height":1,"name":"mobile_size/confirm btn/confirm_btn_effect/confirm_sequence_00003","x":366},{"width":1,"y":401,"height":1,"name":"mobile_size/confirm btn/confirm_btn_effect/confirm_sequence_00010","x":620},{"width":1,"y":404,"height":1,"name":"mobile_size/confirm btn/confirm_btn_effect/confirm_sequence_00014","x":606},{"width":1,"y":404,"height":1,"name":"mobile_size/confirm btn/confirm_btn_effect/confirm_sequence_00011","x":621},{"width":1,"y":404,"height":1,"name":"mobile_size/confirm btn/confirm_btn_effect/confirm_sequence_00004","x":609},{"width":1,"y":550,"height":1,"name":"mobile_size/confirm btn/confirm_btn_effect/confirm_sequence_00015","x":369},{"width":1,"y":401,"height":1,"name":"mobile_size/confirm btn/confirm_btn_effect/confirm_sequence_00012","x":617},{"width":1,"y":404,"height":1,"name":"mobile_size/confirm btn/confirm_btn_effect/confirm_sequence_00005","x":615},{"width":80,"y":83,"height":80,"name":"mobile_size/m_betcontrol_btn_clear","x":928},{"frameY":-10,"y":567,"frameWidth":76,"frameX":-10,"frameHeight":76,"width":64,"height":56,"name":"mobile_size/m_ba_betcontrol_btn_rebet","x":63},{"width":134,"y":485,"height":32,"name":"mobile_size/label-rebet_tc","x":241},{"width":64,"y":514,"height":49,"name":"mobile_size/m_ba_betcontrol_btn_double","x":565},{"width":66,"y":443,"height":32,"name":"mobile_size/label-double_tc","x":603},{"width":474,"y":1,"height":226,"name":"mobile_size/confirm btn animation/btn_bet_glow","x":1},{"frameY":-6,"y":526,"frameWidth":226,"frameX":-35,"frameHeight":51,"width":156,"height":39,"name":"mobile_size/confirm btn animation/one_line_full","x":83},{"width":36,"y":363,"height":149,"name":"mobile_size/confirm btn animation/mobile/label-auto-confirm-vert_tc","x":565},{"width":72,"y":165,"height":50,"name":"mobile_size/confirm btn animation/icon_tick_normal","x":928},{"frameY":-22,"y":229,"frameWidth":372,"frameX":-103,"frameHeight":124,"width":2,"height":80,"name":"mobile_size/confirm btn animation/timer_divider","x":459},{"width":186,"y":217,"height":62,"name":"confirm_btn_effect/confirm_sequence_00014","x":629},{"width":186,"y":421,"height":62,"name":"confirm_btn_effect/confirm_sequence_00004","x":189},{"width":186,"y":427,"height":62,"name":"confirm_btn_effect/confirm_sequence_00013","x":377},{"width":186,"y":293,"height":62,"name":"confirm_btn_effect/confirm_sequence_00003","x":189},{"width":186,"y":229,"height":62,"name":"confirm_btn_effect/confirm_sequence_00012","x":189},{"width":186,"y":217,"height":62,"name":"confirm_btn_effect/confirm_sequence_00011","x":817},{"width":186,"y":281,"height":62,"name":"confirm_btn_effect/confirm_sequence_00019","x":629},{"width":186,"y":281,"height":62,"name":"confirm_btn_effect/confirm_sequence_00010","x":817},{"width":186,"y":491,"height":62,"name":"confirm_btn_effect/confirm_sequence_00018","x":377},{"width":186,"y":363,"height":62,"name":"confirm_btn_effect/confirm_sequence_00009","x":377},{"width":186,"y":229,"height":62,"name":"confirm_btn_effect/confirm_sequence_00017","x":1},{"width":186,"y":357,"height":62,"name":"confirm_btn_effect/confirm_sequence_00008","x":189},{"width":186,"y":345,"height":62,"name":"confirm_btn_effect/confirm_sequence_00016","x":817},{"width":186,"y":293,"height":62,"name":"confirm_btn_effect/confirm_sequence_00007","x":1},{"width":186,"y":345,"height":62,"name":"confirm_btn_effect/confirm_sequence_00006","x":629},{"width":186,"y":421,"height":62,"name":"confirm_btn_effect/confirm_sequence_00015","x":1},{"width":186,"y":357,"height":62,"name":"confirm_btn_effect/confirm_sequence_00005","x":1}],"height":1024,"name":"common","imagePath":"common_tex.png"}