{"width":512,"SubTexture":[{"frameWidth":50,"y":43,"frameHeight":50,"width":26,"frameX":-12,"height":26,"name":"d_common_gamesetting","frameY":-12,"x":452},{"width":19,"y":97,"height":26,"name":"d_common_gamesetting_sound_on","x":480},{"width":5,"y":473,"height":14,"name":"d_common_gamesetting_sound_on_line","x":240},{"frameWidth":26,"y":71,"frameHeight":26,"width":24,"frameX":-1,"height":24,"name":"d_common_gamesetting_sound_off_line","frameY":-1,"x":480},{"width":26,"y":71,"height":26,"name":"d_common_gamesetting_stat_circle_circle","x":452},{"width":2,"y":531,"height":14,"name":"d_common_gamesetting_stat_line","x":186},{"width":35,"y":333,"height":24,"name":"d_common_gamesetting_video_on","x":472},{"width":30,"y":531,"height":30,"name":"d_common_gamesetting_video_off_line","x":154},{"width":36,"y":415,"height":36,"name":"d_common_betcontrol_btn_undo","x":405},{"frameWidth":68,"y":572,"frameHeight":68,"width":60,"frameX":-4,"height":60,"name":"d_common_hideui_bg","frameY":-4,"x":154},{"width":25,"y":391,"height":20,"name":"d_common_hideui2","x":472},{"width":25,"y":391,"height":20,"name":"d_common_hideui1","x":247},{"width":24,"y":359,"height":30,"name":"d_common_hideui3","x":472},{"frameWidth":68,"y":514,"frameHeight":68,"width":60,"frameX":-4,"height":60,"name":"d_common_hideui_bg_border","frameY":-4,"x":269},{"frameWidth":38,"y":415,"frameHeight":38,"width":30,"frameX":-4,"height":30,"name":"d_common_icon_back","frameY":-4,"x":443},{"frameWidth":24,"y":391,"frameHeight":24,"width":22,"frameX":-1,"height":22,"name":"d_common_icon_betlimit_expand_circle","frameY":-1,"x":298},{"frameWidth":14,"y":374,"frameHeight":9,"width":12,"frameX":-1,"height":7,"name":"d_common_icon_betlimit_expand_circle_arror","frameY":-1,"x":498},{"frameWidth":28,"y":43,"frameHeight":28,"width":26,"frameX":-1,"height":26,"name":"d_common_icon_close","frameY":-1,"x":480},{"frameWidth":24,"y":391,"frameHeight":24,"width":22,"frameX":-1,"height":22,"name":"d_common_icon_gameinfo_circle","frameY":-1,"x":274},{"frameWidth":9,"y":359,"frameHeight":15,"width":7,"frameX":-1,"height":13,"name":"d_common_icon_gameinfo_i","frameY":-1,"x":498},{"frameWidth":37,"y":406,"frameHeight":11,"width":29,"frameX":-4,"height":3,"name":"d_common_icon_menu_3","frameY":-4,"x":322},{"frameWidth":37,"y":509,"frameHeight":11,"width":29,"frameX":-4,"height":3,"name":"d_common_icon_menu_2","frameY":-4,"x":190},{"frameWidth":37,"y":563,"frameHeight":11,"width":29,"frameX":-4,"height":3,"name":"d_common_icon_menu_1","frameY":-4,"x":154},{"frameWidth":30,"y":391,"frameHeight":21,"width":22,"frameX":-4,"height":13,"name":"d_common_icon_refresh_1","frameY":-4,"x":322},{"width":80,"y":391,"height":80,"name":"mobile_size/m_betcontrol_btn_bg","x":83},{"width":80,"y":391,"height":80,"name":"mobile_size/m_betcontrol_btn_bg_hover","x":1},{"width":80,"y":333,"height":80,"name":"mobile_size/m_betcontrol_btn_clear","x":390},{"frameWidth":80,"y":473,"frameHeight":80,"width":48,"frameX":-15,"height":34,"name":"mobile_size/m_betcontrol_btn_double","frameY":-22,"x":190},{"frameWidth":80,"y":1,"frameHeight":80,"width":46,"frameX":-20,"height":40,"name":"mobile_size/m_betcontrol_btn_rebet","frameY":-20,"x":452},{"width":80,"y":391,"height":80,"name":"mobile_size/m_betcontrol_btn_undo","x":165},{"frameWidth":474,"y":1,"frameHeight":226,"width":449,"frameX":-6,"height":214,"name":"mobile_size/confirm btn/btn_bet_glow","frameY":-6,"x":1},{"frameWidth":226,"y":415,"frameHeight":51,"width":156,"frameX":-35,"height":39,"name":"mobile_size/confirm btn/one_line_full","frameY":-6,"x":247},{"width":72,"y":531,"height":50,"name":"mobile_size/confirm btn/icon_tick_normal","x":80},{"frameWidth":372,"y":71,"frameHeight":124,"width":2,"frameX":-103,"height":80,"name":"mobile_size/confirm btn/timer_divider","frameY":-22,"x":506},{"frameWidth":186,"y":333,"frameHeight":62,"width":138,"frameX":-3,"height":56,"name":"mobile_size/confirm btn/confirm_btn_effect/confirm_sequence_00008","frameY":-3,"x":1},{"frameWidth":186,"y":217,"frameHeight":62,"width":170,"frameX":-8,"height":56,"name":"mobile_size/confirm btn/confirm_btn_effect/confirm_sequence_00011","frameY":-3,"x":1},{"frameWidth":186,"y":531,"frameHeight":62,"width":77,"frameX":-106,"height":56,"name":"mobile_size/confirm btn/confirm_btn_effect/confirm_sequence_00018","frameY":-3,"x":1},{"frameWidth":186,"y":333,"frameHeight":62,"width":122,"frameX":-3,"height":56,"name":"mobile_size/confirm btn/confirm_btn_effect/confirm_sequence_00007","frameY":-3,"x":266},{"frameWidth":186,"y":456,"frameHeight":62,"width":108,"frameX":-3,"height":56,"name":"mobile_size/confirm btn/confirm_btn_effect/confirm_sequence_00006","frameY":-3,"x":357},{"frameWidth":186,"y":333,"frameHeight":62,"width":123,"frameX":-60,"height":56,"name":"mobile_size/confirm btn/confirm_btn_effect/confirm_sequence_00015","frameY":-3,"x":141},{"frameWidth":186,"y":473,"frameHeight":62,"width":93,"frameX":-3,"height":56,"name":"mobile_size/confirm btn/confirm_btn_effect/confirm_sequence_00005","frameY":-3,"x":1},{"frameWidth":186,"y":583,"frameHeight":62,"width":62,"frameX":-121,"height":55,"name":"mobile_size/confirm btn/confirm_btn_effect/confirm_sequence_00019","frameY":-3,"x":80},{"frameWidth":186,"y":217,"frameHeight":62,"width":165,"frameX":-3,"height":56,"name":"mobile_size/confirm btn/confirm_btn_effect/confirm_sequence_00010","frameY":-3,"x":340},{"frameWidth":186,"y":275,"frameHeight":62,"width":152,"frameX":-3,"height":56,"name":"mobile_size/confirm btn/confirm_btn_effect/confirm_sequence_00009","frameY":-3,"x":156},{"frameWidth":186,"y":456,"frameHeight":62,"width":108,"frameX":-75,"height":56,"name":"mobile_size/confirm btn/confirm_btn_effect/confirm_sequence_00016","frameY":-3,"x":247},{"frameWidth":186,"y":275,"frameHeight":62,"width":138,"frameX":-45,"height":56,"name":"mobile_size/confirm btn/confirm_btn_effect/confirm_sequence_00014","frameY":-3,"x":310},{"frameWidth":186,"y":514,"frameHeight":62,"width":77,"frameX":-3,"height":56,"name":"mobile_size/confirm btn/confirm_btn_effect/confirm_sequence_00004","frameY":-3,"x":190},{"frameWidth":186,"y":275,"frameHeight":62,"width":153,"frameX":-30,"height":56,"name":"mobile_size/confirm btn/confirm_btn_effect/confirm_sequence_00013","frameY":-3,"x":1},{"frameWidth":186,"y":473,"frameHeight":62,"width":92,"frameX":-91,"height":56,"name":"mobile_size/confirm btn/confirm_btn_effect/confirm_sequence_00017","frameY":-3,"x":96},{"frameWidth":186,"y":275,"frameHeight":62,"width":61,"frameX":-3,"height":56,"name":"mobile_size/confirm btn/confirm_btn_effect/confirm_sequence_00003","frameY":-3,"x":450},{"frameWidth":186,"y":217,"frameHeight":62,"width":165,"frameX":-18,"height":56,"name":"mobile_size/confirm btn/confirm_btn_effect/confirm_sequence_00012","frameY":-3,"x":173}],"height":1024,"name":"common","imagePath":"common_tex.png"}