{"frameRate":30,"name":"common","version":"5.5","compatibleVersion":"5.5","armature":[{"type":"Armature","frameRate":30,"name":"d_common_gamesetting","aabb":{"x":-10,"y":-10,"width":50,"height":50},"bone":[{"name":"root"},{"name":"d_common_gamesetting","parent":"root"},{"name":"Option_Center","parent":"d_common_gamesetting","transform":{"x":15,"y":15}},{"name":"Option","parent":"Option_Center"}],"slot":[{"name":"d_common_gamesetting","parent":"Option"}],"skin":[{"slot":[{"name":"d_common_gamesetting","display":[{"name":"d_common_gamesetting"}]}]}],"animation":[{"duration":0,"name":"disable_off","slot":[{"name":"d_common_gamesetting","colorFrame":[{"duration":0,"value":{"rM":50,"gM":50,"bM":50}}]}]},{"duration":0,"name":"disable_on","slot":[{"name":"d_common_gamesetting","colorFrame":[{"duration":0,"value":{"rM":50,"gM":50,"bM":50}}]}]},{"duration":0,"name":"idle_off","bone":[{"name":"Option","rotateFrame":[{"duration":0,"rotate":180}]}]},{"duration":0,"name":"idle_on","bone":[{"name":"Option","rotateFrame":[{"duration":0,"rotate":180}]}]},{"duration":6,"name":"switch_to_off","frame":[{"duration":0,"events":[{"name":"audio_ui_sfx_btn_cancel_mp3"}]}],"bone":[{"name":"Option","rotateFrame":[{"duration":6,"tweenEasing":0},{"duration":0,"rotate":-60}]}]},{"duration":6,"name":"switch_to_on","frame":[{"duration":0,"events":[{"name":"audio_ui_sfx_btn_ok_mp3"}]}],"bone":[{"name":"Option","rotateFrame":[{"duration":6,"tweenEasing":0,"rotate":180},{"duration":0,"rotate":-120}]}]}],"defaultActions":[{"gotoAndPlay":"disable_off"}]},{"type":"Armature","frameRate":30,"name":"d_common_gamesetting_sound","aabb":{"x":-0.99,"y":2,"width":26,"height":27},"bone":[{"name":"root"},{"name":"d_common_gamesetting_sound","parent":"root"},{"name":"Sound_Center","parent":"d_common_gamesetting_sound","transform":{"x":15,"y":15}},{"name":"Sound_On","parent":"Sound_Center"},{"name":"Sound_On_Line","parent":"Sound_Center"},{"length":31,"name":"Sound_Off_Line2","parent":"Sound_On","transform":{"x":-14.08,"y":-10.26,"skX":45.19,"skY":45.19}}],"slot":[{"displayIndex":1,"name":"Sound_On2","parent":"Sound_On"},{"name":"Sound_On_Line","parent":"Sound_On_Line"},{"name":"Sound_Off_Line2","parent":"Sound_Off_Line2"}],"skin":[{"slot":[{"name":"Sound_On_Line","display":[{"type":"mesh","name":"d_common_gamesetting_sound_on_line","width":5,"height":14,"vertices":[14,7,9,7,9,-7,14,-7],"uvs":[1,1,0,1,0,0,1,0],"triangles":[1,0,3,2,1,3],"edges":[1,0,0,3,3,2,2,1],"userEdges":[]}]},{"name":"Sound_Off_Line2","display":[{"name":"d_common_gamesetting_sound_off_line","transform":{"x":15.8,"y":0.07,"skX":-45.19,"skY":-45.19}}]},{"name":"Sound_On2","display":[{"type":"mesh","name":"d_common_gamesetting_sound_on","width":19,"height":26,"vertices":[5,5.83,5,12.11,5,13,-14,13,-14,-6.46,-14,-13,5,-13,-3.02,-2.12,-6.21,1.16,-5.08,2.25,-1.88,-0.99],"uvs":[0.99999,0.72417,1,0.96567,1,1,0,1,0,0.25168,0,0,1,0,0.57798,0.41856,0.4102,0.54456,0.46921,0.58669,0.63781,0.46189],"triangles":[5,7,6,7,10,6,3,2,1,9,3,1,9,1,0,10,9,0,6,10,0,5,4,7,7,8,10,8,9,10,4,8,7,8,3,9,4,3,8],"edges":[3,2,2,1,1,0,0,6,6,5,5,4,4,3],"userEdges":[7,5,8,4,7,8,1,9,9,8,0,10,10,7,9,10]},{"type":"mesh","name":"d_common_gamesetting_sound_on2","width":19,"height":26,"path":"d_common_gamesetting_sound_on","vertices":[5,5.83,5,12.11,5,13,-14,13,-14,-6.46,-6.21,1.16,-3.02,-2.12,-14,-13,5,-13,-5.08,2.25,-1.88,-0.99],"uvs":[0.99999,0.72417,1,0.96567,1,1,0,1,0,0.25168,0.4102,0.54456,0.57798,0.41856,0,0,1,0,0.46921,0.58669,0.63781,0.46189],"triangles":[7,6,8,6,10,8,10,9,0,8,10,0,0,9,1,9,3,1,1,3,2,6,5,10,5,9,10,5,3,9,4,3,5],"edges":[3,2,2,1,1,0,0,8,8,7,7,6,6,5,5,4,4,3],"userEdges":[1,9,9,5,0,10,10,6,9,10]},{"type":"mesh","name":"d_common_gamesetting_sound_on3","width":19,"height":26,"path":"d_common_gamesetting_sound_on","vertices":[5,5.83,-1.88,-0.99,-5.08,2.25,5,12.11,5,13,-14,13,-14,-6.46,-6.21,1.16,-3.02,-2.12,-14,-13,5,-13],"uvs":[0.99999,0.72417,0.63781,0.46189,0.46921,0.58669,1,0.96567,1,1,0,1,0,0.25168,0.4102,0.54456,0.57798,0.41856,0,0,1,0],"triangles":[2,5,3,3,5,4,9,8,10,8,1,10,10,1,0,8,7,1,7,2,1,7,5,2,6,5,7],"edges":[5,4,4,3,3,2,2,1,1,0,0,10,10,9,9,8,8,7,7,6,6,5],"userEdges":[2,7,1,8]}]}]}],"animation":[{"duration":0,"name":"disable_off","bone":[{"name":"Sound_On_Line","translateFrame":[{"duration":0,"x":-3.54}]}],"slot":[{"name":"Sound_Off_Line2","colorFrame":[{"duration":0,"value":{"rM":50,"gM":50,"bM":50}}]},{"name":"Sound_On2","displayFrame":[{"duration":0,"value":2}],"colorFrame":[{"duration":0,"value":{"rM":50,"gM":50,"bM":50}}]},{"name":"Sound_On_Line","colorFrame":[{"duration":0,"value":{"aM":0}}]}]},{"duration":0,"name":"disable_on","slot":[{"name":"Sound_Off_Line2","colorFrame":[{"duration":0,"value":{"aM":0,"rM":50,"gM":50,"bM":50}}]},{"name":"Sound_On2","displayFrame":[{"duration":0}],"colorFrame":[{"duration":0,"value":{"rM":50,"gM":50,"bM":50}}]},{"name":"Sound_On_Line","colorFrame":[{"duration":0,"value":{"rM":50,"gM":50,"bM":50}}]}]},{"duration":0,"name":"idle_off","bone":[{"name":"Sound_On_Line","translateFrame":[{"duration":0,"x":-3.54}]}],"slot":[{"name":"Sound_On2","displayFrame":[{"duration":0,"value":2}]},{"name":"Sound_On_Line","colorFrame":[{"duration":0,"value":{"aM":0}}]}]},{"duration":0,"name":"idle_on","bone":[{"name":"Sound_Off_Line2","scaleFrame":[{"duration":0,"x":0.04}]}],"slot":[{"name":"Sound_Off_Line2","colorFrame":[{"duration":0,"value":{"aM":0}}]},{"name":"Sound_On2","displayFrame":[{"duration":0}]}]},{"duration":30,"name":"refresh","frame":[{"duration":0,"events":[{"name":"audio_ui_sfx_btn_ok_mp3"}]}],"slot":[{"name":"Sound_Off_Line2","colorFrame":[{"duration":30,"value":{"aM":0}}]},{"name":"Sound_On2","displayFrame":[{"duration":30}]},{"name":"Sound_On_Line","colorFrame":[{"duration":10,"curve":[0.25,0,0.75,1]},{"duration":6,"value":{"aM":0}},{"duration":14,"curve":[0.25,0,0.75,1],"value":{"aM":0}},{"duration":0}]}],"ffd":[{"name":"d_common_gamesetting_sound_on_line","slot":"Sound_On_Line","frame":[{"duration":15},{"curve":[0.25,0,0.75,1]},{"duration":14,"curve":[0.25,0,0.75,1],"vertices":[-8.51,0,-8.51,0,-8.51,0,-8.51]},{"duration":0}]}]},{"duration":6,"name":"switch_to_off","frame":[{"duration":0,"events":[{"name":"audio_ui_sfx_btn_cancel_mp3"}]}],"bone":[{"name":"Sound_On","translateFrame":[{"duration":3,"curve":[0.25,0,0.75,1]},{"duration":3,"curve":[0.25,0,0.75,1],"x":5},{"duration":0}]},{"name":"Sound_Off_Line2","scaleFrame":[{"duration":3,"x":0.04},{"duration":3,"curve":[0.491,0.01,1,0.62],"x":0.04},{"duration":0}]},{"name":"Sound_On_Line","translateFrame":[{"duration":3,"curve":[0.25,0,0.75,1]},{"duration":3,"x":-3.54}]}],"slot":[{"name":"Sound_Off_Line2","colorFrame":[{"duration":3,"value":{"aM":0}},{"curve":[0.25,0,0.75,1],"value":{"aM":0}},{"duration":2}]},{"name":"Sound_On2","displayFrame":[{"duration":4},{"value":1},{"value":2}]},{"name":"Sound_On_Line","colorFrame":[{"duration":2},{"curve":[0.25,0,0.75,1]},{"duration":3,"value":{"aM":0}}]}]},{"duration":6,"name":"switch_to_on","frame":[{"duration":0,"events":[{"name":"audio_ui_sfx_btn_ok_mp3"}]}],"bone":[{"name":"Sound_On","translateFrame":[{"duration":3,"curve":[0,0.25,1,0.75]},{"duration":3,"curve":[0,0.25,1,0.75],"x":5},{"duration":0}]},{"name":"Sound_Off_Line2","scaleFrame":[{"duration":3,"curve":[0,0.25,1,0.75]},{"duration":3,"x":0.04}]},{"name":"Sound_On_Line","translateFrame":[{"duration":3,"x":-3.54},{"duration":3,"curve":[0,0.25,1,0.75],"x":-3.54},{"duration":0}]}],"slot":[{"name":"Sound_Off_Line2","colorFrame":[{"duration":3},{"curve":[0,0.25,1,0.75]},{"duration":2,"value":{"aM":0}}]},{"name":"Sound_On2","displayFrame":[{"value":2},{"duration":2,"value":1},{"duration":3}]},{"name":"Sound_On_Line","colorFrame":[{"duration":3,"value":{"aM":0}},{"curve":[0,0.25,1,0.75],"value":{"aM":0}},{"duration":2}]}]}],"defaultActions":[{"gotoAndPlay":"disable_off"}]},{"type":"Armature","frameRate":30,"name":"d_common_gamesetting_stat","aabb":{"x":2,"y":2,"width":26,"height":26},"bone":[{"name":"root"},{"name":"d_common_gamesetting_stat","parent":"root"},{"name":"Count_Circle","parent":"d_common_gamesetting_stat","transform":{"x":15,"y":15}},{"name":"Count_Line_1","parent":"Count_Circle"},{"name":"Count_Line_2","parent":"Count_Circle","transform":{"skX":63.02,"skY":63.02}},{"name":"Count_Line_3","parent":"Count_Circle","transform":{"skX":135.12,"skY":135.12}}],"slot":[{"name":"d_common_gamesetting_stat_circle_circle","parent":"Count_Circle"},{"name":"Info_Line","parent":"Count_Line_1"},{"name":"Info_Line2","parent":"Count_Line_2"},{"name":"Info_Line3","parent":"Count_Line_3"}],"skin":[{"slot":[{"name":"Info_Line2","display":[{"name":"d_common_gamesetting_stat_line","transform":{"y":-5.92}}]},{"name":"Info_Line3","display":[{"name":"d_common_gamesetting_stat_line","transform":{"y":-5.92}}]},{"name":"d_common_gamesetting_stat_circle_circle","display":[{"name":"d_common_gamesetting_stat_circle_circle"}]},{"name":"Info_Line","display":[{"name":"d_common_gamesetting_stat_line","transform":{"y":-5.92}}]}]}],"animation":[{"duration":0,"name":"disable_off","bone":[{"name":"Count_Line_2","rotateFrame":[{"duration":0,"rotate":-29.68}]},{"name":"Count_Line_3","rotateFrame":[{"duration":0,"rotate":104.88}]}],"slot":[{"name":"Info_Line","colorFrame":[{"duration":0,"value":{"rM":50,"gM":50,"bM":50}}]},{"name":"Info_Line2","colorFrame":[{"duration":0,"value":{"rM":50,"gM":50,"bM":50}}]},{"name":"Info_Line3","colorFrame":[{"duration":0,"value":{"rM":50,"gM":50,"bM":50}}]},{"name":"d_common_gamesetting_stat_circle_circle","colorFrame":[{"duration":0,"value":{"rM":50,"gM":50,"bM":50}}]}]},{"duration":0,"name":"disable_on","slot":[{"name":"Info_Line","colorFrame":[{"duration":0,"value":{"rM":50,"gM":50,"bM":50}}]},{"name":"Info_Line2","colorFrame":[{"duration":0,"value":{"rM":50,"gM":50,"bM":50}}]},{"name":"Info_Line3","colorFrame":[{"duration":0,"value":{"rM":50,"gM":50,"bM":50}}]},{"name":"d_common_gamesetting_stat_circle_circle","colorFrame":[{"duration":0,"value":{"rM":50,"gM":50,"bM":50}}]}]},{"duration":0,"name":"idle_off","bone":[{"name":"Count_Line_2","rotateFrame":[{"duration":0,"rotate":-29.68}]},{"name":"Count_Line_3","rotateFrame":[{"duration":0,"rotate":104.88}]}]},{"duration":0,"name":"idle_on"},{"duration":6,"name":"switch_to_off","frame":[{"duration":0,"events":[{"name":"audio_ui_sfx_btn_cancel_mp3"}]}],"bone":[{"name":"Count_Line_2","rotateFrame":[{"duration":6,"curve":[0.414,0,0.991,0.7]},{"duration":0,"rotate":26.83}]},{"name":"Count_Line_3","rotateFrame":[{"duration":6,"curve":[0.414,0,0.991,0.7]},{"duration":0,"rotate":104.88}]}]},{"duration":6,"name":"switch_to_on","frame":[{"duration":0,"events":[{"name":"audio_ui_sfx_btn_ok_mp3"}]}],"bone":[{"name":"Count_Line_2","rotateFrame":[{"duration":6,"curve":[0.519,0.02,1,0.6],"rotate":26.83},{"duration":0}]},{"name":"Count_Line_3","rotateFrame":[{"duration":6,"curve":[0.519,0.02,1,0.6],"rotate":104.88},{"duration":0}]}]}],"defaultActions":[{"gotoAndPlay":"disable_off"}]},{"type":"Armature","frameRate":30,"name":"d_common_gamesetting_video","aabb":{"x":-16.3,"y":-12.47,"width":48.48,"height":45.51},"bone":[{"name":"root"},{"name":"d_common_gamesetting_video","parent":"root"},{"name":"Video","parent":"d_common_gamesetting_video","transform":{"x":14.67,"y":15.04,"scX":0.9,"scY":0.9}},{"length":38,"name":"Video_line","parent":"Video","transform":{"x":-17.75,"y":-13.9,"skX":45.27,"skY":45.27}},{"name":"refresh","parent":"Video","transform":{"x":-3.64,"scX":-0.496,"scY":0.495}}],"slot":[{"displayIndex":1,"name":"Video","parent":"Video"},{"name":"d_common_gamesetting_video_off_line2","parent":"Video_line"},{"name":"d_common_betcontrol_btn_undo","parent":"refresh"}],"skin":[{"slot":[{"name":"d_common_betcontrol_btn_undo","display":[{"type":"mesh","name":"d_common_betcontrol_btn_undo","width":36,"height":36,"vertices":[18,18,-18,18,-18,-18,18,-18],"uvs":[1,1,0,1,0,0,1,0],"triangles":[1,0,3,2,1,3],"edges":[1,0,0,3,3,2,2,1],"userEdges":[]}]},{"name":"Video","display":[{"type":"mesh","name":"d_common_gamesetting_video_on","width":35,"height":24,"vertices":[18,12,11.62,12,4.18,12,-17,12,-17,-9.25,-17,-12,-12.43,-12,18,-12,2.63,3.03,-1.3,6.51,-7.05,-6.63,-11.09,-3.32],"uvs":[1,1,0.81774,1,0.60504,1,0,1,0.00001,0.11469,0,0,0.13045,0,1,0,0.56073,0.62606,0.44858,0.77106,0.28422,0.22374,0.1689,0.36181],"triangles":[6,10,7,10,8,7,1,0,7,8,1,7,8,2,1,9,3,2,8,9,2,10,9,8,10,11,9,11,3,9,6,11,10,6,4,11,4,3,11,5,4,6],"edges":[3,2,2,1,1,0,0,7,7,6,6,5,5,4,4,3],"userEdges":[1,8,2,9,8,9,6,10,10,8,4,11,11,9,10,11]},{"type":"mesh","name":"d_common_gamesetting_video_on2","width":35,"height":24,"path":"d_common_gamesetting_video_on","vertices":[18,12,11.62,12,4.18,12,-17,12,-17,-9.25,-11.09,-3.32,-7.05,-6.63,-12.43,-12,18,-12,2.63,3.03,-1.3,6.51],"uvs":[1,1,0.81774,1,0.60504,1,0,1,0.00001,0.11469,0.1689,0.36181,0.28422,0.22374,0.13045,0,1,0,0.56073,0.62606,0.44858,0.77106],"triangles":[7,6,8,6,9,8,1,0,8,9,1,8,9,2,1,10,3,2,9,10,2,6,10,9,6,5,10,5,3,10,4,3,5],"edges":[3,2,2,1,1,0,0,8,8,7,7,6,6,5,5,4,4,3],"userEdges":[1,9,2,10,9,10,6,9,5,10]},{"type":"mesh","name":"d_common_gamesetting_video_on3","width":35,"height":24,"path":"d_common_gamesetting_video_on","vertices":[18,12,11.62,12,2.63,3.03,-1.3,6.51,4.18,12,-17,12,-17,-9.25,-11.09,-3.32,-7.05,-6.63,-12.43,-12,18,-12],"uvs":[1,1,0.81774,1,0.56073,0.62606,0.44858,0.77106,0.60504,1,0,1,0.00001,0.11469,0.1689,0.36181,0.28422,0.22374,0.13045,0,1,0],"triangles":[9,8,10,8,2,10,2,1,10,10,1,0,3,5,4,8,3,2,8,7,3,7,5,3,6,5,7],"edges":[5,4,4,3,3,2,2,1,1,0,0,10,10,9,9,8,8,7,7,6,6,5],"userEdges":[8,2,7,3]}]},{"name":"d_common_gamesetting_video_off_line2","display":[{"type":"mesh","name":"d_common_gamesetting_video_off_line","width":30,"height":30,"vertices":[40.76,-0.08,19.65,21.23,-1.66,0.12,19.45,-21.19],"uvs":[1,1,0,1,0,0,1,0],"triangles":[1,0,3,2,1,3],"edges":[1,0,0,3,3,2,2,1],"userEdges":[]}]}]}],"animation":[{"duration":0,"name":"disable_off","slot":[{"name":"Video","displayFrame":[{"duration":0,"value":2}],"colorFrame":[{"duration":0,"value":{"rM":50,"gM":50,"bM":50}}]},{"name":"d_common_betcontrol_btn_undo","displayFrame":[{"duration":0,"value":-1}],"colorFrame":[{"duration":0,"value":{"aM":0}}]},{"name":"d_common_gamesetting_video_off_line2","colorFrame":[{"duration":0,"value":{"rM":50,"gM":50,"bM":50}}]}]},{"duration":0,"name":"disable_on","slot":[{"name":"Video","displayFrame":[{"duration":0}],"colorFrame":[{"duration":0,"value":{"rM":50,"gM":50,"bM":50}}]},{"name":"d_common_betcontrol_btn_undo","displayFrame":[{"duration":0,"value":-1}],"colorFrame":[{"duration":0,"value":{"aM":0}}]},{"name":"d_common_gamesetting_video_off_line2","colorFrame":[{"duration":0,"value":{"aM":0}}]}]},{"duration":0,"name":"idle_off","slot":[{"name":"Video","displayFrame":[{"duration":0,"value":2}]},{"name":"d_common_betcontrol_btn_undo","displayFrame":[{"duration":0,"value":-1}]}]},{"duration":0,"name":"idle_on","bone":[{"name":"Video_line","scaleFrame":[{"duration":0,"x":0.04}]}],"slot":[{"name":"Video","displayFrame":[{"duration":0}]},{"name":"d_common_betcontrol_btn_undo","displayFrame":[{"duration":0,"value":-1}]},{"name":"d_common_gamesetting_video_off_line2","displayFrame":[{"duration":0,"value":-1}]}]},{"duration":15,"name":"refresh","frame":[{"duration":0,"events":[{"name":"audio_ui_sfx_btn_ok_mp3"}]}],"bone":[{"name":"Video_line","scaleFrame":[{"duration":15,"x":0.04}]},{"name":"refresh","rotateFrame":[{"duration":8,"tweenEasing":0},{"duration":7,"tweenEasing":0,"rotate":180},{"duration":0}]}],"slot":[{"name":"Video","displayFrame":[{"duration":15}]},{"name":"d_common_betcontrol_btn_undo","colorFrame":[{"duration":2,"tweenEasing":0,"value":{"aM":0}},{"duration":6},{"duration":7,"tweenEasing":0},{"duration":0,"value":{"aM":0}}]},{"name":"d_common_gamesetting_video_off_line2","displayFrame":[{"duration":15,"value":-1}]}]},{"duration":6,"name":"switch_to_off","frame":[{"duration":0,"events":[{"name":"audio_ui_sfx_btn_cancel_mp3"}]}],"bone":[{"name":"Video_line","scaleFrame":[{"duration":6,"curve":[0.522,0,1,0.51],"x":0.04},{"duration":0}]}],"slot":[{"name":"Video","displayFrame":[{},{"duration":5,"value":1},{"duration":0,"value":2}]},{"name":"d_common_betcontrol_btn_undo","displayFrame":[{"duration":6,"value":-1}]},{"name":"d_common_gamesetting_video_off_line2","displayFrame":[{"value":-1},{"duration":5}]}]},{"duration":6,"name":"switch_to_on","frame":[{"duration":0,"events":[{"name":"audio_ui_sfx_btn_ok_mp3"}]}],"bone":[{"name":"Video_line","scaleFrame":[{"duration":6,"curve":[0.25,0,0.75,1]},{"duration":0,"x":0.04}]}],"slot":[{"name":"Video","displayFrame":[{"duration":2,"value":2},{"duration":4,"value":1},{"duration":0}]},{"name":"d_common_betcontrol_btn_undo","displayFrame":[{"duration":6,"value":-1}]},{"name":"d_common_gamesetting_video_off_line2","displayFrame":[{"duration":6},{"duration":0,"value":-1}]}]}],"defaultActions":[{"gotoAndPlay":"disable_off"}]},{"type":"Armature","frameRate":30,"name":"d_common_hide_ui","aabb":{"x":-4,"y":-4,"width":68,"height":68},"bone":[{"name":"root"},{"name":"d_common_hide_ui","parent":"root"},{"name":"clearscreen","parent":"d_common_hide_ui","transform":{"x":30,"y":30}},{"name":"clearscreen_square03","parent":"clearscreen","transform":{"x":9.98,"y":-2.48}},{"name":"clearscreen_square02","parent":"clearscreen","transform":{"x":-8.96,"y":7.39}},{"name":"clearscreen_square01","parent":"clearscreen","transform":{"x":-8.96,"y":-7.55}},{"name":"clearscreen_square04","parent":"clearscreen"}],"slot":[{"name":"clearscreen_bg","parent":"clearscreen"},{"name":"clearscreen_square02","parent":"clearscreen_square02"},{"name":"clearscreen_square01","parent":"clearscreen_square01"},{"name":"clearscreen_square03","parent":"clearscreen_square03"},{"name":"clearscreen_square3","parent":"clearscreen_square04","color":{"aM":0}},{"name":"clearscreen_border","parent":"clearscreen"}],"skin":[{"slot":[{"name":"clearscreen_square03","display":[{"type":"mesh","name":"d_common_hideui3","width":24,"height":30,"vertices":[-4.15,-11.86,-0.1,-11.84,4.35,-11.82,8.89,-11.8,8.92,-3.46,8.94,3.67,8.97,12.83,4.51,12.81,0.3,12.79,-4.24,12.77,-8.52,12.74,-9.17,3.83,-9.09,-3.46,-8.69,-11.88,4.41,-3.46,4.45,3.67,0.14,3.76,-4.2,3.83,0.04,-3.38,-4.18,-3.38],"uvs":[0.326,0.0886,0.49469,0.08921,0.68032,0.08988,0.86946,0.09056,0.87059,0.36847,0.87151,0.60603,0.87283,0.91135,0.68706,0.91069,0.51152,0.91006,0.32249,0.90938,0.14384,0.90865,0.11684,0.61146,0.12021,0.36847,0.13709,0.08786,0.68261,0.36849,0.68442,0.60606,0.50496,0.60911,0.32387,0.61142,0.50046,0.37104,0.32479,0.37113],"triangles":[2,14,3,3,14,4,14,15,4,4,15,5,7,6,5,15,7,5,16,8,15,14,18,15,18,16,15,15,8,7,18,14,2,1,18,2,18,19,16,19,17,16,9,8,16,17,9,16,19,18,1,0,19,1,11,10,17,17,10,9,11,17,19,12,11,19,0,13,19,13,12,19],"edges":[11,10,10,9,9,8,8,7,7,6,6,5,5,4,4,3,3,2,2,1,1,0,0,13,13,12,12,11],"userEdges":[2,14,4,14,7,15,15,14,5,15,16,8,15,16,17,9,16,17,1,18,18,16,14,18,0,19,19,17,18,19,19,12,17,11,19,13,17,10]}]},{"name":"clearscreen_square3","display":[{"type":"mesh","name":"d_common_hideui3","width":24,"height":30,"vertices":[19.04,-8.44,19.04,6.63,19.04,14.19,10.65,14.19,-10.08,14.19,-18.26,14.19,-18.26,6.34,-18.26,-8.44,-18.26,-15.81,-9.96,-15.81,10.65,-15.81,19.04,-15.81,-9.99,-8.34,10.65,-8.44,10.65,6.34,-10.05,6.34],"uvs":[1,0.24569,1,0.74809,1,1,0.65041,1,0.34066,1,0,1,0,0.73849,0,0.24569,0,0,0.34558,0,0.65041,0,1,0,0.34436,0.24893,0.65041,0.24569,0.65041,0.73849,0.34195,0.7384],"triangles":[13,14,0,11,10,0,10,13,0,0,14,1,14,3,1,1,3,2,12,15,14,12,14,13,9,12,13,9,13,10,14,15,3,15,4,3,7,6,12,12,6,15,7,12,9,8,7,9,15,6,4,6,5,4],"edges":[5,4,4,3,3,2,2,1,1,0,0,11,11,10,10,9,9,8,8,7,7,6,6,5],"userEdges":[12,9,13,10,12,13,3,14,14,13,4,15,15,12,14,15,15,6,14,1,13,0,12,7]}]},{"name":"clearscreen_border","display":[{"name":"d_common_hideui_bg_border","transform":{"scX":1.022,"scY":1.022}}]},{"name":"clearscreen_bg","display":[{"name":"d_common_hideui_bg"}]},{"name":"clearscreen_square02","display":[{"type":"mesh","name":"d_common_hideui2","width":25,"height":20,"vertices":[8.69,-2.76,8.69,-0.21,8.69,2.86,8.69,6.41,3.72,6.64,0.69,6.58,-2.19,6.53,-4.79,6.48,-7.11,6.41,-9.92,6.33,-9.9,3.01,-9.88,0,-9.86,-2.6,-9.84,-6.73,-7.22,-6.97,-4.87,-7.2,-2.1,-7.17,0.63,-7.14,3.47,-7.12,8.69,-7.04,-4.84,-2.68,3.55,-2.84,-4.81,2.86,3.66,2.93,-7.03,2.93,-7.11,-2.65,-2.11,2.88,-2.2,-2.73,0.78,2.91,0.69,-2.78,-7.07,-0.04,-4.83,-0.16,-2.16,-0.16,0.73,-0.12,3.6,-0.08],"uvs":[0.86896,0.3818,0.86896,0.50923,0.86896,0.6626,0.86896,0.8401,0.6705,0.8518,0.54913,0.84888,0.43398,0.84611,0.32994,0.8436,0.2371,0.84025,0.1248,0.8362,0.12559,0.67031,0.12631,0.51989,0.12693,0.3895,0.12792,0.1833,0.23253,0.171,0.32682,0.15991,0.43732,0.1612,0.54654,0.16247,0.6605,0.1638,0.86896,0.1677,0.32785,0.38568,0.66361,0.37779,0.32911,0.66259,0.6678,0.66643,0.24043,0.66596,0.23721,0.38741,0.4372,0.66382,0.43365,0.3832,0.55258,0.66513,0.54928,0.38048,0.23871,0.51756,0.32842,0.51148,0.43528,0.51155,0.55082,0.51346,0.66561,0.51576],"triangles":[18,21,19,23,4,3,23,3,2,34,23,2,34,2,1,19,21,0,34,1,0,21,34,0,28,5,23,29,33,21,23,5,4,28,23,34,33,28,34,21,33,34,29,21,18,17,29,18,32,26,33,16,27,29,32,33,29,27,32,29,33,26,28,16,29,17,28,26,5,26,6,5,15,20,27,20,31,27,27,31,32,31,22,32,32,22,26,22,7,26,15,27,16,26,7,6,25,30,31,24,8,7,31,30,22,30,24,22,24,7,22,25,31,20,15,14,20,14,25,20,12,11,30,30,11,24,11,10,24,24,10,8,10,9,8,12,30,25,14,13,25,13,12,25],"edges":[9,8,8,7,7,6,6,5,5,4,4,3,3,2,2,1,1,0,0,19,19,18,18,17,17,16,16,15,15,14,14,13,13,12,12,11,11,10,10,9],"userEdges":[20,15,21,18,21,0,7,22,4,23,23,2,10,24,24,22,8,24,12,25,25,20,25,14,22,26,6,26,20,27,27,16,23,28,28,26,5,28,21,29,29,27,29,17,24,30,30,25,11,30,20,31,31,22,30,31,26,32,32,27,31,32,28,33,33,29,32,33,21,34,34,23,33,34,34,1]}]},{"name":"clearscreen_square01","display":[{"type":"mesh","name":"d_common_hideui1","width":25,"height":20,"vertices":[8.81,0.39,8.79,4.82,8.22,6.35,6.4,7.4,2.08,7.48,-1.34,7.43,-4.55,7.4,-7.1,7.32,-9.77,7.25,-9.87,3.48,-9.89,0.54,-9.95,-3.3,-9.52,-6,-6.57,-6.49,-2.79,-6.43,-0.17,-6.44,2.59,-6.33,5.68,-6.28,8.94,-6.23,-5.64,-3.1,-2.63,-0.88,1.05,1.57,5.13,4.32,-4.26,-2.08,-7.73,-1.14,-6.26,-0.01,-4.49,1.43,-1.37,4.15,-2.97,2.75,-0.7,0.4,-4.16,-4.83,-2.55,-3.9,-0.78,-2.81,1.12,-1.51,3.17,-0.52,6.99,2.33,3.41,6.1,-8.19,1.84,-6.39,3.64,-4.88,4.82,-3.26,6.14,-0.86,-5.71,0.86,-4.53,2.89,-3.36,4.93,-2.27],"uvs":[0.87377,0.49178,0.87295,0.71354,0.85031,0.78966,0.77756,0.84205,0.60491,0.8461,0.46794,0.84401,0.33967,0.84205,0.23755,0.83853,0.13056,0.83485,0.12668,0.64621,0.12588,0.4993,0.12336,0.30745,0.14089,0.17228,0.2586,0.14775,0.40972,0.1506,0.51487,0.15018,0.62511,0.15582,0.74878,0.15817,0.87916,0.16065,0.29589,0.31729,0.41615,0.42815,0.56359,0.55078,0.72667,0.68852,0.3511,0.36819,0.21249,0.41546,0.27093,0.47189,0.34183,0.54355,0.46672,0.67986,0.40276,0.60977,0.49333,0.49234,0.35524,0.23088,0.41952,0.27711,0.49024,0.33159,0.56631,0.39688,0.64818,0.4462,0.80111,0.58895,0.6579,0.77753,0.19378,0.56438,0.26611,0.65454,0.32641,0.71318,0.39097,0.77925,0.48723,0.18698,0.5561,0.24576,0.63717,0.30417,0.71883,0.35886],"triangles":[17,44,18,18,44,0,44,35,0,35,22,1,0,35,1,1,22,2,22,3,2,34,22,35,44,34,35,43,44,17,36,4,3,22,36,3,16,43,17,21,36,22,34,21,22,43,34,44,16,42,43,43,33,34,27,4,36,21,27,36,33,21,34,42,33,43,15,42,16,27,5,4,32,29,33,15,41,42,32,33,42,33,29,21,29,27,21,41,32,42,28,27,29,32,20,29,27,40,5,31,32,41,14,41,15,20,28,29,14,31,41,40,6,5,31,20,32,26,28,20,23,20,31,28,40,27,23,26,20,28,39,40,14,30,31,30,23,31,39,6,40,25,26,23,13,30,14,30,19,23,26,39,28,38,39,26,13,19,30,39,7,6,19,25,23,25,38,26,19,24,25,37,38,25,38,7,39,11,24,19,13,12,19,12,11,19,24,37,25,37,9,38,10,37,24,11,10,24,10,9,37,7,8,38,9,8,38],"edges":[11,10,10,9,9,8,8,7,7,6,6,5,5,4,4,3,3,2,2,1,1,0,0,18,18,17,17,16,16,15,15,14,14,13,13,12,12,11],"userEdges":[12,19,21,22,22,2,19,23,23,20,10,24,24,19,11,24,25,23,24,25,26,20,25,26,27,21,26,28,28,27,20,29,29,21,28,29,14,30,30,19,13,30,31,23,30,31,32,20,31,32,33,29,32,33,34,21,33,34,0,35,35,22,34,35,35,1,4,36,36,22,27,36,36,3,9,37,37,25,10,37,8,38,38,26,37,38,7,39,39,28,38,39,6,40,40,27,39,40,40,5,15,41,41,31,14,41,16,42,42,32,41,42,17,43,43,33,42,43,18,44,44,34,43,44,44,0]}]}]}],"animation":[{"duration":0,"name":"disable_off","bone":[{"name":"clearscreen_square04","scaleFrame":[{"duration":0,"x":0.57,"y":0.57}]}],"slot":[{"name":"clearscreen_square01","colorFrame":[{"duration":0,"value":{"rM":50,"gM":50,"bM":50}}]},{"name":"clearscreen_square02","colorFrame":[{"duration":0,"value":{"rM":50,"gM":50,"bM":50}}]},{"name":"clearscreen_square03","colorFrame":[{"duration":0,"value":{"rM":50,"gM":50,"bM":50}}]}]},{"duration":0,"name":"disable_on","bone":[{"name":"clearscreen_square01","translateFrame":[{"duration":0,"x":-2.55,"y":-14.79}]},{"name":"clearscreen_square02","translateFrame":[{"duration":0,"x":-11.18,"y":12.48}]},{"name":"clearscreen_square03","translateFrame":[{"duration":0,"x":18.46}]}],"slot":[{"name":"clearscreen_square01","colorFrame":[{"duration":0,"value":{"aM":8}}]},{"name":"clearscreen_square02","colorFrame":[{"duration":0,"value":{"aM":8}}]},{"name":"clearscreen_square03","colorFrame":[{"duration":0,"value":{"aM":8}}]},{"name":"clearscreen_square3","colorFrame":[{"duration":0,"value":{"rM":50,"gM":50,"bM":50}}]}],"ffd":[{"name":"d_common_hideui1","slot":"clearscreen_square01","frame":[{"duration":0,"offset":18,"vertices":[0.56,0.73,1.47,1.5,2.88,3.45,5.61,3.49,5.07,2.74,3.29,1.74,1.78,1.4,0.81,0.72,0.06,0.34,0,0,2.07,0.89,0.36,-0.14,0,0,0,0,1.17,0.3,1.33,1.33,0.34,0.32,-0.09,0,0,0,0,0,-0.1,-0.14,2.92,1.31,1.61,0.59,0.51,-0.17,0.2,-0.34,0,0,0,0,0,0,0.32,0.77,-0.14,0,0,0,0,0,1.71,1.19,0.63,0.35,0.04]}]},{"name":"d_common_hideui2","slot":"clearscreen_square02","frame":[{"duration":0,"vertices":[6.24,0.74,6.24,0.74,6.24,0.74,6.24,0.74,6.24,0.71,6.67,-0.59,8.47,-1.52,10.1,-2,11.58,-2.45,12.27,-3.81,9.81,-1.97,8.18,-0.34,6.45,0.63,6.24,0.74,6.24,0.74,6.24,0.74,6.24,0.74,6.24,0.74,6.24,0.74,6.24,0.74,6.29,0.71,6.24,0.74,9,-0.94,6.24,0.74,9.25,-1.75,6.48,0.62,7.3,-0.04,6.24,0.74,6.24,0.74,6.24,0.74,7.79,-0.16,7.08,0.5,6.41,0.62,6.24,0.74,6.24,0.74]}]},{"name":"d_common_hideui3","slot":"clearscreen_square03","frame":[{"duration":0,"offset":2,"vertices":[-3.81,0,-8.99,0,-12.31,0,-8.91,0,-8.67,0,-10.69,0,-7.21,0,-3,0,0,0,0,0,0,0,0,0,0,0,-5.75,0,-5.1,0,-0.73,0,0,0,-1.46]}]}]},{"duration":0,"name":"idle_off","bone":[{"name":"clearscreen_square04","scaleFrame":[{"duration":0,"x":0.57,"y":0.57}]}]},{"duration":0,"name":"idle_on","bone":[{"name":"clearscreen_square01","translateFrame":[{"duration":0,"x":-2.55,"y":-14.79}]},{"name":"clearscreen_square02","translateFrame":[{"duration":0,"x":-11.18,"y":12.48}]},{"name":"clearscreen_square03","translateFrame":[{"duration":0,"x":18.46}]}],"slot":[{"name":"clearscreen_square01","colorFrame":[{"duration":0,"value":{"aM":8}}]},{"name":"clearscreen_square02","colorFrame":[{"duration":0,"value":{"aM":8}}]},{"name":"clearscreen_square03","colorFrame":[{"duration":0,"value":{"aM":8}}]},{"name":"clearscreen_square3","colorFrame":[{"duration":0}]}],"ffd":[{"name":"d_common_hideui1","slot":"clearscreen_square01","frame":[{"duration":0,"offset":18,"vertices":[0.56,0.73,1.47,1.5,2.88,3.45,5.61,3.49,5.07,2.74,3.29,1.74,1.78,1.4,0.81,0.72,0.06,0.34,0,0,2.07,0.89,0.36,-0.14,0,0,0,0,1.17,0.3,1.33,1.33,0.34,0.32,-0.09,0,0,0,0,0,-0.1,-0.14,2.92,1.31,1.61,0.59,0.51,-0.17,0.2,-0.34,0,0,0,0,0,0,0.32,0.77,-0.14,0,0,0,0,0,1.71,1.19,0.63,0.35,0.04]}]},{"name":"d_common_hideui2","slot":"clearscreen_square02","frame":[{"duration":0,"vertices":[6.24,0.74,6.24,0.74,6.24,0.74,6.24,0.74,6.24,0.71,6.67,-0.59,8.47,-1.52,10.1,-2,11.58,-2.45,12.27,-3.81,9.81,-1.97,8.18,-0.34,6.45,0.63,6.24,0.74,6.24,0.74,6.24,0.74,6.24,0.74,6.24,0.74,6.24,0.74,6.24,0.74,6.29,0.71,6.24,0.74,9,-0.94,6.24,0.74,9.25,-1.75,6.48,0.62,7.3,-0.04,6.24,0.74,6.24,0.74,6.24,0.74,7.79,-0.16,7.08,0.5,6.41,0.62,6.24,0.74,6.24,0.74]}]},{"name":"d_common_hideui3","slot":"clearscreen_square03","frame":[{"duration":0,"offset":2,"vertices":[-3.81,0,-8.99,0,-12.31,0,-8.91,0,-8.67,0,-10.69,0,-7.21,0,-3,0,0,0,0,0,0,0,0,0,0,0,-5.75,0,-5.1,0,-0.73,0,0,0,-1.46]}]}]},{"duration":15,"name":"switch_to_off","frame":[{"duration":0,"events":[{"name":"audio_ui_sfx_penal_open_mp3"}]}],"bone":[{"name":"clearscreen_square01","translateFrame":[{"duration":3,"x":-2.55,"y":-14.79},{"duration":12,"tweenEasing":0,"x":-2.55,"y":-14.79},{"duration":0}]},{"name":"clearscreen_square02","translateFrame":[{"duration":3,"x":-11.18,"y":12.48},{"duration":12,"tweenEasing":0,"x":-11.18,"y":12.48},{"duration":0}]},{"name":"clearscreen_square03","translateFrame":[{"duration":3,"x":18.46},{"duration":12,"tweenEasing":0,"x":18.46},{"duration":0}]},{"name":"clearscreen_square04","scaleFrame":[{"duration":8},{"duration":7,"tweenEasing":0},{"duration":0,"x":0.57,"y":0.57}]}],"slot":[{"name":"clearscreen_square01","colorFrame":[{"duration":3,"value":{"aM":8}},{"duration":12,"tweenEasing":0,"value":{"aM":8}},{"duration":0}]},{"name":"clearscreen_square02","colorFrame":[{"duration":3,"value":{"aM":8}},{"duration":12,"tweenEasing":0,"value":{"aM":8}},{"duration":0}]},{"name":"clearscreen_square03","colorFrame":[{"duration":3,"value":{"aM":8}},{"duration":12,"tweenEasing":0,"value":{"aM":8}},{"duration":0}]},{"name":"clearscreen_square3","colorFrame":[{"duration":15,"tweenEasing":0},{"duration":0,"value":{"aM":0}}]}],"ffd":[{"name":"d_common_hideui1","slot":"clearscreen_square01","frame":[{"duration":3,"offset":18,"vertices":[0.56,0.73,1.47,1.5,2.88,3.45,5.61,3.49,5.07,2.74,3.29,1.74,1.78,1.4,0.81,0.72,0.06,0.34,0,0,2.07,0.89,0.36,-0.14,0,0,0,0,1.17,0.3,1.33,1.33,0.34,0.32,-0.09,0,0,0,0,0,-0.1,-0.14,2.92,1.31,1.61,0.59,0.51,-0.17,0.2,-0.34,0,0,0,0,0,0,0.32,0.77,-0.14,0,0,0,0,0,1.71,1.19,0.63,0.35,0.04]},{"duration":2,"tweenEasing":0,"offset":18,"vertices":[0.56,0.73,1.47,1.5,2.88,3.45,5.61,3.49,5.07,2.74,3.29,1.74,1.78,1.4,0.81,0.72,0.06,0.34,0,0,2.07,0.89,0.36,-0.14,0,0,0,0,1.17,0.3,1.33,1.33,0.34,0.32,-0.09,0,0,0,0,0,-0.1,-0.14,2.92,1.31,1.61,0.59,0.51,-0.17,0.2,-0.34,0,0,0,0,0,0,0.32,0.77,-0.14,0,0,0,0,0,1.71,1.19,0.63,0.35,0.04]},{"tweenEasing":0,"offset":18,"vertices":[0.94,0.76,1.7,1.42,3.02,3.19,4.44,3.1,3.5,1.8,1.71,0.39,0,0,0,0,0,0,0,0,1.33,0.75,0,0,0,0,0,0,0.54,0.09,1.43,1.12,0.49,0.41,0,0,0,0,0,0,0,0,1.6,0.41,0.45,-0.09,0,0,0,0,0,0,0,0,0,0,0.67,0.67]},{"duration":2,"tweenEasing":0,"offset":20,"vertices":[0.8,1.05,1.41,3.4,3.55,2.48,3.23,0.76,0.54,0.09,0,0,0,0,0,0,0,0,0.41,0.09,0,0,0,0,0,0,0,0,0.58,0.54,0,0,0,0,0,0,0,0,0,0,0.63]},{"tweenEasing":0,"offset":22,"vertices":[0.22,2.32,2.03,1.65,0.75,0.22]},{"duration":6}]},{"name":"d_common_hideui2","slot":"clearscreen_square02","frame":[{"duration":3,"vertices":[6.24,0.74,6.24,0.74,6.24,0.74,6.24,0.74,6.24,0.71,6.67,-0.59,8.47,-1.52,10.1,-2,11.58,-2.45,12.27,-3.81,9.81,-1.97,8.18,-0.34,6.45,0.63,6.24,0.74,6.24,0.74,6.24,0.74,6.24,0.74,6.24,0.74,6.24,0.74,6.24,0.74,6.29,0.71,6.24,0.74,9,-0.94,6.24,0.74,9.25,-1.75,6.48,0.62,7.3,-0.04,6.24,0.74,6.24,0.74,6.24,0.74,7.79,-0.16,7.08,0.5,6.41,0.62,6.24,0.74,6.24,0.74]},{"duration":2,"tweenEasing":0,"vertices":[6.24,0.74,6.24,0.74,6.24,0.74,6.24,0.74,6.24,0.71,6.67,-0.59,8.47,-1.52,10.1,-2,11.58,-2.45,12.27,-3.81,9.81,-1.97,8.18,-0.34,6.45,0.63,6.24,0.74,6.24,0.74,6.24,0.74,6.24,0.74,6.24,0.74,6.24,0.74,6.24,0.74,6.29,0.71,6.24,0.74,9,-0.94,6.24,0.74,9.25,-1.75,6.48,0.62,7.3,-0.04,6.24,0.74,6.24,0.74,6.24,0.74,7.79,-0.16,7.08,0.5,6.41,0.62,6.24,0.74,6.24,0.74]},{"tweenEasing":0,"vertices":[5.77,0.69,5.77,0.69,5.77,0.69,5.77,0.69,5.77,0.69,5.83,0.57,6.49,0.05,8.06,-0.27,9.09,-0.71,9.56,-2.1,7.19,-0.91,5.97,0.5,5.77,0.69,5.77,0.69,5.77,0.69,5.77,0.69,5.77,0.69,5.77,0.69,5.77,0.69,5.77,0.69,5.77,0.69,5.77,0.69,5.92,0.48,5.77,0.69,6.55,0.05,5.77,0.69,5.77,0.69,5.77,0.69,5.77,0.69,5.77,0.69,5.81,0.62,5.77,0.69,5.77,0.69,5.77,0.69,5.77,0.69]},{"duration":2,"tweenEasing":0,"vertices":[4.85,0.58,4.85,0.58,4.85,0.58,4.85,0.58,4.85,0.58,4.85,0.58,4.92,0.56,5.42,0.19,6.06,-0.37,6.87,-1.19,5.12,0.19,4.85,0.58,4.85,0.58,4.85,0.58,4.85,0.58,4.85,0.58,4.85,0.58,4.85,0.58,4.85,0.58,4.85,0.58,4.85,0.58,4.85,0.58,4.85,0.58,4.85,0.58,4.93,0.49,4.85,0.58,4.85,0.58,4.85,0.58,4.85,0.58,4.85,0.58,4.85,0.58,4.85,0.58,4.85,0.58,4.85,0.58,4.85,0.58]},{"duration":7,"tweenEasing":0,"vertices":[4.62,0.55,4.62,0.55,4.62,0.55,4.62,0.55,4.62,0.55,4.62,0.55,4.62,0.55,4.62,0.55,4.62,0.55,4.62,0.55,4.62,0.55,4.62,0.55,4.62,0.55,4.62,0.55,4.62,0.55,4.62,0.55,4.62,0.55,4.62,0.55,4.62,0.55,4.62,0.55,4.62,0.55,4.62,0.55,4.62,0.55,4.62,0.55,4.62,0.55,4.62,0.55,4.62,0.55,4.62,0.55,4.62,0.55,4.62,0.55,4.62,0.55,4.62,0.55,4.62,0.55,4.62,0.55,4.62,0.55]},{"duration":0}]},{"name":"d_common_hideui3","slot":"clearscreen_square03","frame":[{"duration":3,"offset":2,"vertices":[-3.81,0,-8.99,0,-12.31,0,-8.91,0,-8.67,0,-10.69,0,-7.21,0,-3,0,0,0,0,0,0,0,0,0,0,0,-5.75,0,-5.1,0,-0.73,0,0,0,-1.46]},{"duration":5,"tweenEasing":0,"offset":2,"vertices":[-3.81,0,-8.99,0,-12.31,0,-8.91,0,-8.67,0,-10.69,0,-7.21,0,-3,0,0,0,0,0,0,0,0,0,0,0,-5.75,0,-5.1,0,-0.73,0,0,0,-1.46]},{"tweenEasing":0,"offset":6,"vertices":[-3.55,0,-0.4,0,-0.4,0,-2.13]},{"duration":6}]}]},{"duration":15,"name":"switch_to_on","frame":[{"duration":0,"events":[{"name":"audio_ui_sfx_penal_close_mp3"}]}],"bone":[{"name":"clearscreen_square01","translateFrame":[{"duration":12,"curve":[0.25,0,0.75,1]},{"duration":3,"x":-2.55,"y":-14.79}]},{"name":"clearscreen_square02","translateFrame":[{"duration":12,"curve":[0.25,0,0.75,1]},{"duration":3,"x":-11.18,"y":12.48}]},{"name":"clearscreen_square03","translateFrame":[{"duration":12,"curve":[0.25,0,0.75,1]},{"duration":3,"x":18.46}]},{"name":"clearscreen_square04","scaleFrame":[{"duration":8,"curve":[0.25,0,0.75,1],"x":0.57,"y":0.57},{"duration":7}]}],"slot":[{"name":"clearscreen_square01","colorFrame":[{"duration":12,"curve":[0.25,0,0.75,1]},{"duration":3,"value":{"aM":8}}]},{"name":"clearscreen_square02","colorFrame":[{"duration":12,"curve":[0.25,0,0.75,1]},{"duration":3,"value":{"aM":8}}]},{"name":"clearscreen_square03","colorFrame":[{"duration":12,"curve":[0.25,0,0.75,1]},{"duration":3,"value":{"aM":8}}]},{"name":"clearscreen_square3","colorFrame":[{"duration":15,"curve":[0.25,0,0.75,1],"value":{"aM":0}},{"duration":0}]}],"ffd":[{"name":"d_common_hideui1","slot":"clearscreen_square01","frame":[{"duration":6},{"duration":2,"tweenEasing":0},{"tweenEasing":0,"offset":20,"vertices":[0.09,0.36,0.65,3.05,2.97,2.15,2.72,0.28]},{"duration":2,"tweenEasing":0,"offset":20,"vertices":[0.8,1.05,1.41,3.4,3.55,2.48,3.23,0.76,0.54,0.09,0,0,0,0,0,0,0,0,0.41,0.09,0,0,0,0,0,0,0,0,0.58,0.54,0,0,0,0,0,0,0,0,0,0,0.63]},{"tweenEasing":0,"offset":18,"vertices":[0.94,0.76,1.7,1.42,3.02,3.19,4.44,3.1,3.5,1.8,1.71,0.39,0,0,0,0,0,0,0,0,1.33,0.75,0,0,0,0,0,0,0.54,0.09,1.43,1.12,0.49,0.41,0,0,0,0,0,0,0,0,1.6,0.41,0.45,-0.09,0,0,0,0,0,0,0,0,0,0,0.67,0.67]},{"duration":3,"offset":18,"vertices":[0.56,0.73,1.47,1.5,2.88,3.45,5.61,3.49,5.07,2.74,3.29,1.74,1.78,1.4,0.81,0.72,0.06,0.34,0,0,2.07,0.89,0.36,-0.14,0,0,0,0,1.17,0.3,1.33,1.33,0.34,0.32,-0.09,0,0,0,0,0,-0.1,-0.14,2.92,1.31,1.61,0.59,0.51,-0.17,0.2,-0.34,0,0,0,0,0,0,0.32,0.77,-0.14,0,0,0,0,0,1.71,1.19,0.63,0.35,0.04]}]},{"name":"d_common_hideui2","slot":"clearscreen_square02","frame":[{"duration":8,"tweenEasing":0},{"tweenEasing":0,"vertices":[4.62,0.55,4.62,0.55,4.62,0.55,4.62,0.55,4.62,0.55,4.62,0.55,4.62,0.55,4.62,0.55,4.62,0.55,4.62,0.55,4.62,0.55,4.62,0.55,4.62,0.55,4.62,0.55,4.62,0.55,4.62,0.55,4.62,0.55,4.62,0.55,4.62,0.55,4.62,0.55,4.62,0.55,4.62,0.55,4.62,0.55,4.62,0.55,4.62,0.55,4.62,0.55,4.62,0.55,4.62,0.55,4.62,0.55,4.62,0.55,4.62,0.55,4.62,0.55,4.62,0.55,4.62,0.55,4.62,0.55]},{"duration":2,"tweenEasing":0,"vertices":[5.31,0.63,5.31,0.63,5.31,0.63,5.31,0.63,5.31,0.63,5.31,0.63,5.53,0.58,6.59,0.19,7.71,-0.17,8.02,-1.66,6.05,-0.47,5.31,0.63,5.31,0.63,5.31,0.63,5.31,0.63,5.31,0.63,5.31,0.63,5.31,0.63,5.31,0.63,5.31,0.63,5.31,0.63,5.31,0.63,5.31,0.63,5.31,0.63,5.56,0.37,5.31,0.63,5.31,0.63,5.31,0.63,5.31,0.63,5.31,0.63,5.31,0.63,5.31,0.63,5.31,0.63,5.31,0.63,5.31,0.63]},{"tweenEasing":0,"vertices":[6.24,0.74,6.24,0.74,6.24,0.74,6.24,0.74,6.24,0.74,6.4,0.74,7.74,0.73,9.03,0.02,10.3,-0.88,10.59,-2.57,8.22,-1.11,6.5,0.58,6.24,0.74,6.24,0.74,6.24,0.74,6.24,0.74,6.24,0.74,6.24,0.74,6.24,0.74,6.24,0.74,6.24,0.74,6.24,0.74,7.09,0.5,6.24,0.74,7.54,-0.86,6.24,0.74,6.33,0.87,6.24,0.74,6.24,0.74,6.24,0.74,6.27,0.59,6.28,0.83,6.24,0.75,6.24,0.74,6.24,0.74]},{"duration":3,"vertices":[6.24,0.74,6.24,0.74,6.24,0.74,6.24,0.74,6.24,0.71,6.67,-0.59,8.47,-1.52,10.1,-2,11.58,-2.45,12.27,-3.81,9.81,-1.97,8.18,-0.34,6.45,0.63,6.24,0.74,6.24,0.74,6.24,0.74,6.24,0.74,6.24,0.74,6.24,0.74,6.24,0.74,6.29,0.71,6.24,0.74,9,-0.94,6.24,0.74,9.25,-1.75,6.48,0.62,7.3,-0.04,6.24,0.74,6.24,0.74,6.24,0.74,7.79,-0.16,7.08,0.5,6.41,0.62,6.24,0.74,6.24,0.74]}]},{"name":"d_common_hideui3","slot":"clearscreen_square03","frame":[{"duration":6},{"duration":2,"tweenEasing":0},{"duration":4,"tweenEasing":0,"offset":4,"vertices":[-2.75,0,-5.1,0,-2.35,0,-1.94,0,-3.64,0,-0.97,0,0,0,0,0,0,0,0,0,0,0,0,0,0,0,0.41]},{"duration":3,"offset":2,"vertices":[-3.81,0,-8.99,0,-12.31,0,-8.91,0,-8.67,0,-10.69,0,-7.21,0,-3,0,0,0,0,0,0,0,0,0,0,0,-5.75,0,-5.1,0,-0.73,0,0,0,-1.46]}]}]}],"defaultActions":[{"gotoAndPlay":"disable_off"}]},{"type":"Armature","frameRate":30,"name":"d_common_icon_back","aabb":{"x":-3.87,"y":-4.17,"width":38,"height":38},"bone":[{"name":"root"},{"name":"d_common_icon_back","parent":"root"},{"name":"back_Center","parent":"d_common_icon_back","transform":{"x":15,"y":15}},{"name":"back_arror","parent":"back_Center"},{"name":"back_Move","parent":"back_arror"}],"slot":[{"name":"d_common_icon_back","parent":"back_Move"}],"skin":[{"slot":[{"name":"d_common_icon_back","display":[{"name":"d_common_icon_back","transform":{"x":0.13,"y":-0.17}}]}]}],"animation":[{"duration":0,"name":"disable","slot":[{"name":"d_common_icon_back","colorFrame":[{"duration":0,"value":{"rM":50,"gM":50,"bM":50}}]}]},{"duration":0,"name":"idle"},{"duration":15,"name":"release","frame":[{"duration":0,"events":[{"name":"audio_ui_sfx_penal_open_mp3"}]}],"bone":[{"name":"back_Move","translateFrame":[{"duration":5,"curve":[0.25,0,0.75,1]},{"duration":5,"curve":[0.25,0,0.75,1],"x":-12},{"duration":5,"curve":[0.25,0,0.75,1],"x":8.61},{"duration":0}]}],"slot":[{"name":"d_common_icon_back","colorFrame":[{"duration":5,"curve":[0.25,0,0.75,1]},{"duration":5,"value":{"aM":0}},{"duration":5,"curve":[0.25,0,0.75,1],"value":{"aM":0}},{"duration":0}]}]}],"defaultActions":[{"gotoAndPlay":"disable"}]},{"type":"Armature","frameRate":30,"name":"d_common_icon_betlimit","aabb":{"x":3,"y":3,"width":24,"height":24},"bone":[{"name":"root"},{"name":"d_common_icon_betlimit","parent":"root"},{"name":"Pull_up_Center","parent":"d_common_icon_betlimit","transform":{"x":15,"y":15}},{"name":"Pull_Up_Arror","parent":"Pull_up_Center","transform":{"skX":180,"skY":180}}],"slot":[{"name":"Pull_Down_Circle2","parent":"Pull_up_Center"},{"name":"Pull_Down_Arror2","parent":"Pull_Up_Arror"}],"skin":[{"slot":[{"name":"Pull_Down_Circle2","display":[{"name":"d_common_icon_betlimit_expand_circle"}]},{"name":"Pull_Down_Arror2","display":[{"name":"d_common_icon_betlimit_expand_circle_arror","transform":{"y":0.5}}]}]}],"animation":[{"duration":0,"name":"disable_off","bone":[{"name":"Pull_up_Center","rotateFrame":[{"duration":0,"rotate":180}]}],"slot":[{"name":"Pull_Down_Arror2","colorFrame":[{"duration":0,"value":{"rM":50,"gM":50,"bM":50}}]},{"name":"Pull_Down_Circle2","colorFrame":[{"duration":0,"value":{"rM":50,"gM":50,"bM":50}}]}]},{"duration":0,"name":"disable_on","slot":[{"name":"Pull_Down_Arror2","colorFrame":[{"duration":0,"value":{"rM":50,"gM":50,"bM":50}}]},{"name":"Pull_Down_Circle2","colorFrame":[{"duration":0,"value":{"rM":50,"gM":50,"bM":50}}]}]},{"duration":0,"name":"idle_off","bone":[{"name":"Pull_up_Center","rotateFrame":[{"duration":0,"rotate":180}]}]},{"duration":0,"name":"idle_on"},{"duration":15,"name":"switch_to_off","frame":[{"duration":0,"events":[{"name":"audio_ui_sfx_penal_close_mp3"}]}],"bone":[{"name":"Pull_Up_Arror","translateFrame":[{"duration":8,"tweenEasing":0},{"duration":2,"tweenEasing":0,"y":-2.8},{"duration":5,"tweenEasing":0,"y":-3},{"duration":0}],"rotateFrame":[{"duration":8,"tweenEasing":0},{"duration":2,"tweenEasing":0},{"duration":5,"rotate":180}]}],"slot":[{"name":"Pull_Down_Arror2","colorFrame":[{"duration":10,"tweenEasing":0},{"duration":5,"tweenEasing":0,"value":{"aM":0}},{"duration":0}]}]},{"duration":15,"name":"switch_to_on","frame":[{"duration":0,"events":[{"name":"audio_ui_sfx_penal_open_mp3"}]}],"bone":[{"name":"Pull_Up_Arror","translateFrame":[{"duration":8,"tweenEasing":0},{"duration":2,"tweenEasing":0,"y":-2.8},{"duration":5,"tweenEasing":0,"y":-3},{"duration":0}],"rotateFrame":[{"duration":8,"tweenEasing":0},{"duration":2,"tweenEasing":0},{"duration":5,"rotate":180}]},{"name":"Pull_up_Center","rotateFrame":[{"duration":15,"rotate":180}]}],"slot":[{"name":"Pull_Down_Arror2","colorFrame":[{"duration":10,"tweenEasing":0},{"duration":5,"tweenEasing":0,"value":{"aM":0}},{"duration":0}]}]}],"defaultActions":[{"gotoAndPlay":"disable_off"}]},{"type":"Armature","frameRate":30,"name":"d_common_icon_close","aabb":{"x":1,"y":1,"width":28,"height":28},"bone":[{"name":"root"},{"name":"d_common_icon_close","parent":"root"},{"name":"Cancel_Center","parent":"d_common_icon_close","transform":{"x":15,"y":15}}],"slot":[{"name":"Cancel_White","parent":"Cancel_Center"}],"skin":[{"slot":[{"name":"Cancel_White","display":[{"name":"d_common_icon_close"}]}]}],"animation":[{"duration":0,"name":"disable","slot":[{"name":"Cancel_White","colorFrame":[{"duration":0,"value":{"rM":50,"gM":50,"bM":50}}]}]},{"duration":0,"name":"idle"},{"duration":6,"name":"release","frame":[{"duration":0,"events":[{"name":"audio_ui_sfx_penal_close_mp3"}]}],"bone":[{"name":"Cancel_Center","scaleFrame":[{"duration":3,"curve":[0.25,0,0.75,1],"x":0.9,"y":0.9},{"duration":3,"curve":[0.25,0,0.75,1],"x":1.2,"y":1.2},{"duration":0}]}]}],"defaultActions":[{"gotoAndPlay":"disable"}]},{"type":"Armature","frameRate":30,"name":"d_common_icon_gameinfo","aabb":{"x":3,"y":3,"width":24,"height":24},"bone":[{"name":"root"},{"name":"d_common_icon_gameinfo","parent":"root"},{"name":"Info_Center","parent":"d_common_icon_gameinfo","transform":{"x":15,"y":15}},{"name":"Info_i","parent":"Info_Center","transform":{"y":6.15}}],"slot":[{"name":"d_common_icon_gameinfo_circle","parent":"Info_Center"},{"name":"d_common_icon_gameinfo_i","parent":"Info_i"}],"skin":[{"slot":[{"name":"d_common_icon_gameinfo_i","display":[{"name":"d_common_icon_gameinfo_i","transform":{"x":0.5,"y":-6.65}}]},{"name":"d_common_icon_gameinfo_circle","display":[{"name":"d_common_icon_gameinfo_circle"}]}]}],"animation":[{"duration":0,"name":"disable","slot":[{"name":"d_common_icon_gameinfo_circle","colorFrame":[{"duration":0,"value":{"rM":50,"gM":50,"bM":50}}]},{"name":"d_common_icon_gameinfo_i","colorFrame":[{"duration":0,"value":{"rM":50,"gM":50,"bM":50}}]}]},{"duration":0,"name":"idle"},{"duration":6,"name":"release","frame":[{"duration":0,"events":[{"name":"audio_ui_sfx_penal_open_mp3"}]}],"bone":[{"name":"Info_i","translateFrame":[{"duration":3,"curve":[0.25,0,0.75,1]},{"duration":3,"curve":[0.25,0,0.75,1],"y":-0.99},{"duration":0}]}]}],"defaultActions":[{"gotoAndPlay":"disable"}]},{"type":"Armature","frameRate":30,"name":"d_common_icon_menu","aabb":{"x":-3.5,"y":-1.5,"width":37,"height":33},"bone":[{"name":"root"},{"name":"d_common_icon_menu","parent":"root"},{"name":"menu","parent":"d_common_icon_menu","transform":{"x":15,"y":15}},{"name":"menu01","parent":"menu","transform":{"x":-15.3,"y":-11.33}},{"name":"menu02","parent":"menu","transform":{"x":-15.3,"y":-0.18}},{"name":"menu03","parent":"menu","transform":{"x":-15.3,"y":10.91}}],"slot":[{"name":"menu03","parent":"menu03"},{"name":"menu02","parent":"menu02"},{"name":"menu01","parent":"menu01"}],"skin":[{"slot":[{"name":"menu03","display":[{"name":"d_common_icon_menu_3","transform":{"x":15.3,"y":0.09}}]},{"name":"menu02","display":[{"name":"d_common_icon_menu_2","transform":{"x":15.3,"y":0.18}}]},{"name":"menu01","display":[{"name":"d_common_icon_menu_1","transform":{"x":15.3,"y":0.33}}]}]}],"animation":[{"duration":0,"name":"disable","slot":[{"name":"menu01","colorFrame":[{"duration":0,"value":{"rM":50,"gM":50,"bM":50}}]},{"name":"menu02","colorFrame":[{"duration":0,"value":{"rM":50,"gM":50,"bM":50}}]},{"name":"menu03","colorFrame":[{"duration":0,"value":{"rM":50,"gM":50,"bM":50}}]}]},{"duration":0,"name":"idle"},{"duration":15,"name":"release","frame":[{"duration":0,"events":[{"name":"audio_ui_sfx_btn_ok_mp3"}]}],"bone":[{"name":"menu03","scaleFrame":[{"duration":2},{"duration":7,"tweenEasing":0},{"duration":6,"tweenEasing":0,"x":0.14},{"duration":0}]},{"name":"menu02","scaleFrame":[{"duration":2},{"duration":4,"tweenEasing":0},{"duration":6,"tweenEasing":0,"x":0.14},{"duration":3}]},{"name":"menu01","scaleFrame":[{"duration":2},{"tweenEasing":0},{"duration":6,"tweenEasing":0,"x":0.14},{"duration":6}]}],"slot":[{"name":"menu01","colorFrame":[{"duration":2,"tweenEasing":0},{"value":{"aM":0}},{"duration":6,"tweenEasing":0,"value":{"aM":0}},{"duration":6}]},{"name":"menu02","colorFrame":[{"duration":2,"tweenEasing":0},{"duration":4,"value":{"aM":0}},{"duration":6,"tweenEasing":0,"value":{"aM":0}},{"duration":3}]},{"name":"menu03","colorFrame":[{"duration":2,"tweenEasing":0},{"duration":7,"value":{"aM":0}},{"duration":6,"tweenEasing":0,"value":{"aM":0}},{"duration":0}]}]}],"defaultActions":[{"gotoAndPlay":"disable"}]},{"type":"Armature","frameRate":30,"name":"d_common_icon_refresh","aabb":{"x":-0.5,"y":-0.5,"width":31,"height":31},"bone":[{"name":"root"},{"name":"d_common_icon_refresh","parent":"root"},{"name":"refresh","parent":"d_common_icon_refresh","transform":{"x":15,"y":15}}],"slot":[{"name":"refresh01","parent":"refresh"},{"name":"refresh1","parent":"refresh"}],"skin":[{"slot":[{"name":"refresh01","display":[{"name":"d_common_icon_refresh_1","transform":{"x":0.5,"y":-5}}]},{"name":"refresh1","display":[{"name":"d_common_icon_refresh_1","transform":{"x":-0.5,"y":5,"skX":180,"skY":180}}]}]}],"animation":[{"duration":0,"name":"disable","slot":[{"name":"refresh01","colorFrame":[{"duration":0,"value":{"rM":50,"gM":50,"bM":50}}]},{"name":"refresh1","colorFrame":[{"duration":0,"value":{"rM":50,"gM":50,"bM":50}}]}]},{"duration":0,"name":"idle"},{"duration":15,"name":"release","frame":[{"duration":0,"events":[{"name":"audio_ui_sfx_penal_open_mp3"}]}],"bone":[{"name":"refresh","rotateFrame":[{"duration":8,"tweenEasing":0},{"duration":7,"tweenEasing":0,"rotate":-90},{"duration":0,"rotate":180}]}]}],"defaultActions":[{"gotoAndPlay":"disable"}]},{"type":"Armature","frameRate":30,"name":"d_common_betcontrol_btn_clear","aabb":{"x":-12.8,"y":-13.25,"width":82.62,"height":80.45},"bone":[{"name":"root"},{"name":"betcontrol_btn_clear_btn","parent":"root","transform":{"scX":0.68,"scY":0.68}},{"name":"clear_center","parent":"betcontrol_btn_clear_btn","transform":{"x":40,"y":40,"skX":0.03,"skY":0.03,"scX":0.942,"scY":0.942}},{"length":22,"name":"clear_1","parent":"clear_center","transform":{"x":19.33,"y":-24.85,"skX":115.55,"skY":115.55}},{"length":16,"name":"clear_2","parent":"clear_1","transform":{"x":22.02,"skX":6.74,"skY":6.74}},{"length":16,"name":"clear_3","parent":"clear_2","transform":{"x":16.59,"skX":8.18,"skY":8.18}}],"slot":[{"name":"clear_bg","parent":"betcontrol_btn_clear_btn"},{"name":"clear_hover","parent":"betcontrol_btn_clear_btn","color":{"aM":0}},{"name":"clear_btn","parent":"clear_center"}],"skin":[{"slot":[{"name":"clear_btn","display":[{"type":"mesh","name":"mobile_size/m_betcontrol_btn_clear","width":80,"height":80,"vertices":[38.12,22.44,40.9,24.89,40.01,29.99,38.35,34.82,36.23,39.74,31.42,46.69,9.6,35.36,10.15,29.58,16.22,29.38,21.78,26.72,25.16,23.64,27.51,19.62,31.79,20.05,37.49,8.36,42.52,10],"uvs":[0.71315,0.40693,0.76734,0.45474,0.75012,0.55419,0.71784,0.64853,0.6765,0.7446,0.58275,0.88022,0.15684,0.65955,0.16731,0.54666,0.28575,0.54275,0.39431,0.49079,0.46006,0.43045,0.50596,0.35204,0.58948,0.36032,0.7004,0.13217,0.79857,0.16404],"triangles":[13,12,0,13,0,14,0,2,1,0,12,2,12,10,2,10,3,2,9,4,3,10,9,3,8,6,5,11,10,12,7,6,8,5,8,4,9,8,4],"weights":[2,3,0.95423,4,0.04577,2,3,0.76118,4,0.23882,3,3,0.37208,4,0.599,5,0.02891,3,3,0.20971,4,0.57332,5,0.21697,3,3,0.04031,4,0.54653,5,0.41315,2,4,0.02097,5,0.97903,2,4,0.04327,5,0.95673,2,4,0.05869,5,0.94131,2,4,0.2813,5,0.7187,3,3,0.06135,4,0.54539,5,0.39326,3,3,0.12093,4,0.80187,5,0.0772,3,3,0.46497,4,0.53387,5,0.00116,2,3,0.89534,4,0.10466,1,3,1,1,3,1],"slotPose":[1,0,0,1,0,0],"bonePose":[3,-0.276575,0.577774,-0.577774,-0.276575,39.590358,11.288569,4,-0.342474,0.541321,-0.541321,-0.342474,33.500172,24.011162,5,-0.41601,0.487086,-0.487086,-0.41601,27.818533,32.991684],"edges":[6,5,5,4,4,3,3,2,2,1,1,0,0,14,14,13,13,12,12,11,11,10,10,9,9,8,8,7,7,6],"userEdges":[12,0,10,2,8,4,9,3]}]},{"name":"clear_bg","display":[{"name":"mobile_size/m_betcontrol_btn_bg","transform":{"x":40,"y":40,"skX":0.06,"skY":0.06}}]},{"name":"clear_hover","display":[{"name":"mobile_size/m_betcontrol_btn_bg_hover","transform":{"x":40,"y":40,"skX":0.06,"skY":0.06}}]}]}],"animation":[{"duration":0,"name":"disable","slot":[{"name":"clear_btn","colorFrame":[{"duration":0,"value":{"aM":39}}]}]},{"duration":0,"name":"hover","slot":[{"name":"clear_bg","colorFrame":[{"duration":0,"value":{"aM":0}}]},{"name":"clear_btn","colorFrame":[{"duration":0,"value":{"rM":20,"gM":26,"bM":32}}]},{"name":"clear_hover","colorFrame":[{"duration":0}]}]},{"duration":6,"name":"hover_to_idle","slot":[{"name":"clear_bg","colorFrame":[{"duration":6,"curve":[0.25,0,0.75,1],"value":{"aM":0}},{"duration":0}]},{"name":"clear_btn","colorFrame":[{"duration":6,"curve":[0.25,0,0.75,1],"value":{"rM":20,"gM":26,"bM":32}},{"duration":0}]},{"name":"clear_hover","colorFrame":[{"duration":6,"curve":[0.25,0,0.75,1]},{"duration":0,"value":{"aM":0}}]}]},{"duration":0,"name":"idle","bone":[{"name":"clear_center","translateFrame":[{"duration":0,"x":-1.99}]}]},{"duration":6,"name":"idle_to_hover","slot":[{"name":"clear_bg","colorFrame":[{"duration":6,"tweenEasing":0},{"duration":0,"value":{"aM":0}}]},{"name":"clear_btn","colorFrame":[{"duration":6,"tweenEasing":0},{"duration":0,"value":{"rM":20,"gM":26,"bM":32}}]},{"name":"clear_hover","colorFrame":[{"duration":6,"tweenEasing":0,"value":{"aM":0}},{"duration":0}]}]},{"duration":15,"name":"release","frame":[{"duration":0,"events":[{"name":"audio_ui_sfx_btn_switch_mp3"}]}],"bone":[{"name":"clear_1","translateFrame":[{"duration":4,"curve":[0.25,0,0.6875,0.75]},{"duration":4,"curve":[0.309,0.25,0.6995,0.8],"x":-2.82},{"duration":2,"curve":[0.3265,0.285,0.677,0.705],"x":-5.64},{"duration":5,"curve":[0.29600000000000004,0.18,0.7535000000000001,1],"x":-4.37},{"duration":0}],"rotateFrame":[{"duration":4,"curve":[0.25,0,0.6875,0.75]},{"duration":4,"curve":[0.309,0.25,0.6995,0.8],"rotate":-12.66},{"duration":2,"curve":[0.3265,0.285,0.677,0.705],"rotate":-0.36},{"duration":5,"curve":[0.29600000000000004,0.18,0.7535000000000001,1],"rotate":4.52},{"duration":0}]},{"name":"clear_2","rotateFrame":[{"duration":4,"curve":[0.25,0,0.75,1]},{"duration":4,"curve":[0.25,0,0.75,1],"rotate":-12.07},{"duration":7,"curve":[0.25,0,0.75,1],"rotate":11.12},{"duration":0}]},{"name":"clear_3","rotateFrame":[{"duration":8,"tweenEasing":0},{"duration":4,"tweenEasing":0,"rotate":-36.05},{"duration":3,"tweenEasing":0,"rotate":15.81},{"duration":0}]}],"slot":[{"name":"clear_bg","colorFrame":[{"duration":15,"value":{"aM":0}}]},{"name":"clear_btn","colorFrame":[{"duration":15,"value":{"rM":20,"gM":26,"bM":32}}]},{"name":"clear_hover","colorFrame":[{"duration":15}]}]}],"defaultActions":[{"gotoAndPlay":"disable"}]},{"type":"Armature","frameRate":30,"name":"d_common_betcontrol_btn_double","aabb":{"x":-12.8,"y":-12.8,"width":80,"height":80},"bone":[{"name":"root"},{"name":"betcontrol_btn_double_btn","parent":"root","transform":{"scX":0.68,"scY":0.68}},{"name":"double_center","parent":"betcontrol_btn_double_btn","transform":{"x":40,"y":40,"skX":0.03,"skY":0.03}},{"name":"double_Scale","parent":"betcontrol_btn_double_btn","transform":{"x":40,"y":40,"skX":0.03,"skY":0.03,"scX":0.95,"scY":0.95}}],"slot":[{"name":"double_bg","parent":"double_center"},{"name":"double_hover","parent":"double_center","color":{"aM":0}},{"name":"double_btn","parent":"double_Scale"}],"skin":[{"slot":[{"name":"double_bg","display":[{"name":"mobile_size/m_betcontrol_btn_bg","transform":{"skX":0.03,"skY":0.03}}]},{"name":"double_hover","display":[{"name":"mobile_size/m_betcontrol_btn_bg_hover","transform":{"skX":0.03,"skY":0.03}}]},{"name":"double_btn","display":[{"name":"mobile_size/m_betcontrol_btn_double","transform":{"skX":0.03,"skY":0.03}}]}]}],"animation":[{"duration":0,"name":"disable","slot":[{"name":"double_btn","colorFrame":[{"duration":0,"value":{"aM":39}}]}]},{"duration":0,"name":"hover","slot":[{"name":"double_bg","colorFrame":[{"duration":0,"value":{"aM":0}}]},{"name":"double_btn","colorFrame":[{"duration":0,"value":{"rM":20,"gM":26,"bM":32}}]},{"name":"double_hover","colorFrame":[{"duration":0}]}]},{"duration":6,"name":"hover_to_idle","slot":[{"name":"double_bg","colorFrame":[{"duration":6,"curve":[0.25,0,0.75,1],"value":{"aM":0}},{"duration":0}]},{"name":"double_btn","colorFrame":[{"duration":6,"curve":[0.25,0,0.75,1],"value":{"rM":20,"gM":26,"bM":32}},{"duration":0}]},{"name":"double_hover","colorFrame":[{"duration":6,"curve":[0.25,0,0.75,1]},{"duration":0,"value":{"aM":0}}]}]},{"duration":0,"name":"idle"},{"duration":6,"name":"idle_to_hover","slot":[{"name":"double_bg","colorFrame":[{"duration":6,"tweenEasing":0},{"duration":0,"value":{"aM":0}}]},{"name":"double_btn","colorFrame":[{"duration":6,"tweenEasing":0},{"duration":0,"value":{"rM":20,"gM":26,"bM":32}}]},{"name":"double_hover","colorFrame":[{"duration":6,"tweenEasing":0,"value":{"aM":0}},{"duration":0}]}]},{"duration":15,"name":"release","frame":[{"duration":0,"events":[{"name":"audio_ui_sfx_bet_btn_double_mp3"}]}],"bone":[{"name":"double_Scale","scaleFrame":[{"duration":4,"curve":[0.25,0,0.75,1]},{"duration":11,"curve":[0.25,0,0.75,1],"x":1.16,"y":1.15},{"duration":0}]}],"slot":[{"name":"double_bg","colorFrame":[{"duration":15,"value":{"aM":0}}]},{"name":"double_btn","colorFrame":[{"duration":15,"value":{"rM":20,"gM":26,"bM":32}}]},{"name":"double_hover","colorFrame":[{"duration":15}]}]}],"defaultActions":[{"gotoAndPlay":"disable"}]},{"type":"Armature","frameRate":30,"name":"d_common_betcontrol_btn_rebet","aabb":{"x":-12.79,"y":-12.81,"width":80,"height":80},"bone":[{"name":"root"},{"name":"betcontrol_btn_rebet_btn","parent":"root","transform":{"skX":-0.03,"skY":-0.03,"scX":0.68,"scY":0.68}},{"name":"rebet_center","parent":"betcontrol_btn_rebet_btn","transform":{"x":40,"y":40,"skX":0.03,"skY":0.03}}],"slot":[{"name":"rebet_bg","parent":"rebet_center"},{"name":"rebet_hover","parent":"rebet_center","color":{"aM":0}},{"name":"rebet_btn","parent":"rebet_center"}],"skin":[{"slot":[{"name":"rebet_bg","display":[{"name":"mobile_size/m_betcontrol_btn_bg","transform":{"skX":0.03,"skY":0.03}}]},{"name":"rebet_hover","display":[{"name":"mobile_size/m_betcontrol_btn_bg_hover","transform":{"skX":0.03,"skY":0.03}}]},{"name":"rebet_btn","display":[{"name":"mobile_size/m_betcontrol_btn_rebet","transform":{"skX":0.03,"skY":0.03}}]}]}],"animation":[{"duration":0,"name":"disable","slot":[{"name":"rebet_btn","colorFrame":[{"duration":0,"value":{"aM":39}}]}]},{"duration":0,"name":"hover","slot":[{"name":"rebet_bg","colorFrame":[{"duration":0,"value":{"aM":0}}]},{"name":"rebet_btn","colorFrame":[{"duration":0,"value":{"rM":20,"gM":26,"bM":32}}]},{"name":"rebet_hover","colorFrame":[{"duration":0}]}]},{"duration":6,"name":"hover_to_idle","slot":[{"name":"rebet_bg","colorFrame":[{"duration":6,"curve":[0.25,0,0.75,1],"value":{"aM":0}},{"duration":0}]},{"name":"rebet_btn","colorFrame":[{"duration":6,"curve":[0.25,0,0.75,1],"value":{"rM":20,"gM":26,"bM":32}},{"duration":0}]},{"name":"rebet_hover","colorFrame":[{"duration":6,"curve":[0.25,0,0.75,1]},{"duration":0,"value":{"aM":0}}]}]},{"duration":0,"name":"idle"},{"duration":6,"name":"idle_to_hover","slot":[{"name":"rebet_bg","colorFrame":[{"duration":6,"tweenEasing":0},{"duration":0,"value":{"aM":0}}]},{"name":"rebet_btn","colorFrame":[{"duration":6,"tweenEasing":0},{"duration":0,"value":{"rM":20,"gM":26,"bM":32}}]},{"name":"rebet_hover","colorFrame":[{"duration":6,"tweenEasing":0,"value":{"aM":0}},{"duration":0}]}]},{"duration":15,"name":"release","frame":[{"duration":0,"events":[{"name":"audio_ui_sfx_btn_ok_mp3"}]}],"bone":[{"name":"rebet_center","rotateFrame":[{"duration":8,"tweenEasing":0},{"duration":7,"tweenEasing":0,"rotate":180},{"duration":0}]}],"slot":[{"name":"rebet_bg","colorFrame":[{"duration":15,"value":{"aM":0}}]},{"name":"rebet_btn","colorFrame":[{"duration":15,"value":{"rM":20,"gM":26,"bM":32}}]},{"name":"rebet_hover","colorFrame":[{"duration":15}]}]}],"defaultActions":[{"gotoAndPlay":"disable"}]},{"type":"Armature","frameRate":30,"name":"d_common_betcontrol_btn_undo","aabb":{"x":-12.79,"y":-12.81,"width":80,"height":80},"bone":[{"name":"root"},{"name":"betcontrol_btn_undo_btn","parent":"root","transform":{"skX":-0.03,"skY":-0.03,"scX":0.68,"scY":0.68}},{"name":"undo_center","parent":"betcontrol_btn_undo_btn","transform":{"x":40,"y":40,"skX":0.03,"skY":0.03}}],"slot":[{"name":"undo_bg","parent":"undo_center"},{"name":"undo_hover","parent":"undo_center","color":{"aM":0}},{"name":"undo_btn","parent":"undo_center"}],"skin":[{"slot":[{"name":"undo_hover","display":[{"name":"mobile_size/m_betcontrol_btn_bg_hover","transform":{"skX":0.03,"skY":0.03}}]},{"name":"undo_btn","display":[{"type":"mesh","name":"mobile_size/m_betcontrol_btn_undo","width":80,"height":80,"vertices":[-4.21,-16.5,-7.52,-13.24,-9.71,-11.17,-10.29,-10.63,-3.91,-10.71,3.03,-10.79,9.62,-10.81,16.43,-7.59,20.67,-1.66,21.01,3.66,20.42,9.91,15.6,15.15,7.79,17.86,2.22,17.89,-3.53,17.93,-3.48,10.36,2.34,10.32,7.53,10.27,11.02,9.24,13.35,6.58,14.24,3.7,13.65,0.59,11.39,-2.35,8.52,-4.21,3.01,-4.27,-3.89,-4.34,-10.34,-4.4,-9.56,-3.82,-7.47,-2.28,-3.92,0.34,-8.71,5.95,-11.87,3.15,-16,-0.54,-21.75,-5.58,-21.85,-9.3,-16.87,-14.25,-12.57,-18.33,-9.41,-21.33],"uvs":[0.4473,0.2938,0.40595,0.3346,0.37856,0.36041,0.37137,0.36718,0.45102,0.36619,0.53786,0.3651,0.62025,0.36481,0.70529,0.40509,0.75832,0.47912,0.76262,0.54568,0.7553,0.62369,0.69511,0.68931,0.59742,0.72318,0.52781,0.72366,0.45593,0.7241,0.45658,0.62949,0.52926,0.62894,0.59416,0.62839,0.63778,0.61544,0.66689,0.5822,0.678,0.54613,0.6706,0.5073,0.64236,0.47062,0.60642,0.44736,0.53759,0.44657,0.4513,0.44582,0.37075,0.44512,0.38043,0.45225,0.40658,0.47153,0.451,0.50428,0.39119,0.5744,0.35166,0.53949,0.30004,0.49341,0.2281,0.43036,0.2268,0.38393,0.28909,0.32197,0.34273,0.271,0.38227,0.23347],"triangles":[20,19,9,8,21,9,21,20,9,9,19,10,19,11,10,7,21,8,19,18,11,23,22,7,6,23,7,22,21,7,18,12,11,17,12,18,17,13,12,5,24,23,5,23,6,16,13,17,4,25,24,4,24,5,16,15,13,15,14,13,37,1,0,31,30,28,28,30,29,36,2,1,37,36,1,27,31,28,36,35,2,2,35,3,26,32,27,32,31,27,33,26,3,34,33,3,35,34,3,33,32,26,3,26,25,3,25,4],"edges":[34,33,33,32,32,31,31,30,30,29,29,28,28,27,27,26,26,25,25,24,24,23,23,22,22,21,21,20,20,19,19,18,18,17,17,16,16,15,15,14,14,13,13,12,12,11,11,10,10,9,9,8,8,7,7,6,6,5,5,4,4,3,3,2,2,1,1,0,0,37,37,36,36,35,35,34],"userEdges":[26,3,5,24,21,8,22,7,20,9,18,11,19,10,17,12,23,6,28,31,1,36,16,13,4,25,34,3,33,26,27,32,35,2]}]},{"name":"undo_bg","display":[{"name":"mobile_size/m_betcontrol_btn_bg","transform":{"skX":0.03,"skY":0.03}}]}]}],"animation":[{"duration":0,"name":"disable","slot":[{"name":"undo_btn","colorFrame":[{"duration":0,"value":{"aM":39}}]}]},{"duration":0,"name":"hover","slot":[{"name":"undo_bg","colorFrame":[{"duration":0,"value":{"aM":0}}]},{"name":"undo_btn","colorFrame":[{"duration":0,"value":{"rM":20,"gM":26,"bM":32}}]},{"name":"undo_hover","colorFrame":[{"duration":0}]}]},{"duration":6,"name":"hover_to_idle","slot":[{"name":"undo_bg","colorFrame":[{"duration":6,"curve":[0.25,0,0.75,1],"value":{"aM":0}},{"duration":0}]},{"name":"undo_btn","colorFrame":[{"duration":6,"curve":[0.25,0,0.75,1],"value":{"rM":20,"gM":26,"bM":32}},{"duration":0}]},{"name":"undo_hover","colorFrame":[{"duration":6,"curve":[0.25,0,0.75,1]},{"duration":0,"value":{"aM":0}}]}]},{"duration":0,"name":"idle"},{"duration":6,"name":"idle_to_hover","slot":[{"name":"undo_bg","colorFrame":[{"duration":6,"tweenEasing":0},{"duration":0,"value":{"aM":0}}]},{"name":"undo_btn","colorFrame":[{"duration":6,"tweenEasing":0},{"duration":0,"value":{"rM":20,"gM":26,"bM":32}}]},{"name":"undo_hover","colorFrame":[{"duration":6,"tweenEasing":0,"value":{"aM":0}},{"duration":0}]}]},{"duration":15,"name":"release","frame":[{"duration":0,"events":[{"name":"audio_ui_sfx_btn_ok_mp3"}]}],"slot":[{"name":"undo_bg","colorFrame":[{"duration":15,"value":{"aM":0}}]},{"name":"undo_btn","colorFrame":[{"duration":15,"value":{"rM":20,"gM":26,"bM":32}}]},{"name":"undo_hover","colorFrame":[{"duration":15}]}],"ffd":[{"name":"mobile_size/m_betcontrol_btn_undo","slot":"undo_btn","frame":[{"tweenEasing":0},{"tweenEasing":0,"vertices":[0.74,34.24,4.02,30.98,6.2,28.94,6.78,28.36,0.38,28.36,-6.56,28.5,-13.16,28.5,-19.94,25.38,-24.14,19.48,-24.56,14.14,-23.96,7.92,-19.12,2.64,-11.36,0,-5.76,0,0,0,0,0,-5.76,0,-10.92,0,-14.38,1.08,-16.72,3.72,-17.56,6.68,-16.98,9.74,-14.72,12.68,-11.86,14.56,-6.4,14.56,0.58,14.56,7.04,14.7,6.2,14.12,4.14,12.6,0.62,10,5.36,4.38,8.56,7.16,12.64,10.82,18.36,15.84,18.28,27.16,13.3,32.04,9.08,36.1,5.9,39.12]},{"tweenEasing":0,"vertices":[6.5,34.24,9.78,30.98,11.96,28.94,12.54,28.36,6.14,28.36,-0.8,28.5,-7.4,28.5,-14.18,25.38,-18.38,19.48,-18.8,14.14,-18.2,7.92,-13.36,2.64,-5.6,0,0,0,0,0,0,0,0,0,-5.16,0,-8.62,1.08,-10.96,3.72,-11.8,6.68,-11.22,9.74,-8.96,12.68,-6.1,14.56,-0.64,14.56,6.34,14.56,12.8,14.7,11.96,14.12,9.9,12.6,6.38,10,11.12,4.38,14.32,7.16,18.4,10.82,24.12,15.84,24.04,27.16,19.06,32.04,14.84,36.1,11.66,39.12]},{"tweenEasing":0,"vertices":[12.1,34.24,15.38,30.98,17.56,28.94,18.14,28.36,11.74,28.36,4.8,28.5,-1.8,28.5,-8.58,25.38,-12.78,19.48,-13.2,14.14,-12.6,7.92,-7.76,2.64,0,0,0,0,0,0,0,0,0,0,0,0,-3.46,1.08,-5.8,3.72,-6.64,6.68,-6.06,9.74,-3.8,12.68,-0.94,14.56,4.52,14.56,11.5,14.56,17.96,14.7,17.12,14.12,15.06,12.6,11.54,10,16.28,4.38,19.48,7.16,23.56,10.82,29.28,15.84,29.64,27.16,24.66,32.04,20.44,36.1,17.26,39.12]},{"tweenEasing":0,"vertices":[24.7,26.32,27.98,23.06,30.16,21.02,30.74,20.44,24.34,20.44,17.4,20.58,10.8,20.58,4.02,17.46,-0.18,11.56,-0.6,6.22,0,0,0,0,0,0,0,0,0,0,0,0,0,0,0,0,0,0,0,0,-0.84,2.96,-0.26,6.02,2,8.96,4.86,10.84,10.32,10.84,17.3,10.84,23.76,10.98,22.92,10.4,20.86,8.88,17.34,6.28,22.08,0.66,25.28,3.44,29.36,7.1,35.08,12.12,42.24,19.24,37.26,24.12,33.04,28.18,29.86,31.2]},{"tweenEasing":0,"vertices":[25.3,20.1,28.58,16.84,30.76,14.8,31.34,14.22,24.94,14.22,18,14.36,11.4,14.36,4.62,11.24,0.42,5.34,0,0,0,0,0,0,0,0,0,0,0,0,0,0,0,0,0,0,0,0,0,0,0,0,0.58,3.06,2.84,6,5.7,7.88,11.16,7.88,18.14,7.88,24.6,8.02,23.76,7.44,21.7,5.92,18.18,3.32,22.92,-2.3,26.12,0.48,30.2,4.14,35.92,9.16,42.84,13.02,37.86,17.9,33.64,21.96,30.46,24.98]},{"tweenEasing":0,"vertices":[24.88,14.76,28.16,11.5,30.34,9.46,30.92,8.88,24.52,8.88,17.58,9.02,10.98,9.02,4.2,5.9,0,0,0,0,0,0,0,0,0,0,0,0,0,0,0,0,0,0,0,0,0,0,0,0,0,0,0,0,2.26,2.94,5.12,4.82,10.58,4.82,17.56,4.82,24.02,4.96,23.18,4.38,21.12,2.86,17.6,0.26,22.34,-5.36,25.54,-2.58,29.62,1.08,35.34,6.1,42.42,7.68,37.44,12.56,33.22,16.62,30.04,19.64]},{"tweenEasing":0,"vertices":[20.68,8.86,23.96,5.6,26.14,3.56,26.72,2.98,20.32,2.98,13.38,3.12,6.78,3.12,0,0,0,0,0,0,0,0,0,0,0,0,0,0,0,0,0,0,0,0,0,0,0,0,0,0,0,0,0,0,0,0,2.86,1.88,8.32,1.88,15.3,1.88,21.76,2.02,20.92,1.44,18.86,-0.08,15.34,-2.68,20.08,-8.3,23.28,-5.52,27.36,-1.86,33.08,3.16,38.22,1.78,33.24,6.66,29.02,10.72,25.84,13.74]},{"tweenEasing":0,"vertices":[13.9,5.74,17.18,2.48,19.36,0.44,19.94,-0.14,13.54,-0.14,6.56,-0.14,0,0,0,0,0,0,0,0,0,0,0,0,0,0,0,0,0,0,0,0,0,0,0,0,0,0,0,0,0,0,0,0,0,0,0,0,5.46,0,12.44,0,18.9,0.14,18.06,-0.44,16,-1.96,12.48,-4.56,17.22,-10.18,20.42,-7.4,24.5,-3.74,30.22,1.28,31.44,-1.34,26.46,3.54,22.24,7.6,19.06,10.62]},{"tweenEasing":0,"vertices":[7.34,5.88,10.62,2.62,12.8,0.58,13.38,0,6.98,0,0,0,0,0,0,0,0,0,0,0,0,0,0,0,0,0,0,0,0,0,0,0,0,0,0,0,0,0,0,0,0,0,0,0,0,0,0,0,0,0,6.98,0,13.38,0,12.54,-0.58,10.48,-2.1,6.96,-4.7,11.7,-10.32,14.9,-7.54,18.98,-3.88,24.7,1.14,24.88,-1.2,19.9,3.68,15.68,7.74,12.5,10.76]},{"tweenEasing":0,"vertices":[0.36,5.88,3.64,2.62,5.82,0.58,6.4,0,0,0,0,0,0,0,0,0,0,0,0,0,0,0,0,0,0,0,0,0,0,0,0,0,0,0,0,0,0,0,0,0,0,0,0,0,0,0,0,0,0,0,0,0,6.4,0,5.56,-0.58,3.5,-2.1,-0.02,-4.7,4.72,-10.32,7.92,-7.54,12,-3.88,17.72,1.14,17.9,-1.2,12.92,3.68,8.7,7.74,5.52,10.76]},{"tweenEasing":0,"vertices":[-6.04,5.88,-2.76,2.62,-0.58,0.58,0,0,0,0,0,0,0,0,0,0,0,0,0,0,0,0,0,0,0,0,0,0,0,0,0,0,0,0,0,0,0,0,0,0,0,0,0,0,0,0,0,0,0,0,0,0,0,0,-0.84,-0.58,-2.9,-2.1,-6.42,-4.7,-1.68,-10.32,1.52,-7.54,5.6,-3.88,11.32,1.14,11.5,-1.2,6.52,3.68,2.3,7.74,-0.88,10.76]},{"tweenEasing":0,"vertices":[-6.04,5.88,-2.76,2.62,-0.58,0.58,0,0,0,0,0,0,0,0,0,0,0,0,0,0,0,0,0,0,0,0,0,0,0,0,0,0,0,0,0,0,0,0,0,0,0,0,0,0,0,0,0,0,0,0,0,0,0,0,-0.84,-0.58,-2.9,-2.1,-6.42,-4.7,-13,-11.46,-9.8,-8.68,-5.72,-5.02,0,0,0,0,-4.98,4.88,-9.2,8.94,-12.38,11.96]},{"tweenEasing":0,"vertices":[-5.46,5.3,-2.18,2.04,0,0,0,0,0,0,0,0,0,0,0,0,0,0,0,0,0,0,0,0,0,0,0,0,0,0,0,0,0,0,0,0,0,0,0,0,0,0,0,0,0,0,0,0,0,0,0,0,0,0,0,0,-2.06,-1.52,-5.58,-4.12,-7.28,-6.44,-4.08,-3.66,0,0,0,0,0,0,0,0,-4.22,4.06,-7.4,7.08]},{"tweenEasing":0,"vertices":[-3.28,3.26,0,0,0,0,0,0,0,0,0,0,0,0,0,0,0,0,0,0,0,0,0,0,0,0,0,0,0,0,0,0,0,0,0,0,0,0,0,0,0,0,0,0,0,0,0,0,0,0,0,0,0,0,0,0,0,0,-3.52,-2.6,-3.2,-2.78,0,0,0,0,0,0,0,0,0,0,0,0,-3.18,3.02]},{"duration":0}]}]}],"defaultActions":[{"gotoAndPlay":"disable"}]},{"type":"Armature","frameRate":30,"name":"d_common_betcontrol_btn_confirm","aabb":{"x":-142.7,"y":-81.57,"width":474,"height":226},"bone":[{"name":"root"},{"name":"_betcontrol_btn_confirm_btn","parent":"root","transform":{"scX":0.507,"scY":0.507}},{"name":"centre","parent":"_betcontrol_btn_confirm_btn","transform":{"x":186,"y":62}},{"name":"content_group","parent":"centre"},{"name":"base_group","parent":"centre"},{"name":"light_sweep","parent":"base_group","transform":{"scX":2,"scY":2}},{"name":"blur","parent":"base_group"},{"name":"up_down","parent":"content_group","transform":{"x":38.97,"y":24.24}},{"name":"content_down","parent":"up_down","transform":{"x":3.4,"y":22.67}},{"name":"content_up","parent":"up_down","transform":{"x":3.4,"y":-24.4}}],"slot":[{"name":"blur","parent":"blur","color":{"aM":0}},{"name":"content_up","parent":"content_up"},{"name":"content_down","parent":"content_down","color":{"aM":0}},{"name":"timer_divider","parent":"base_group"},{"displayIndex":-1,"name":"confirm_btn_effect/confirm_sequence2","parent":"light_sweep","color":{"aM":51,"rM":69,"bM":91}}],"skin":[{"slot":[{"name":"content_down","display":[{"name":"mobile_size/confirm btn/icon_tick_normal"}]},{"name":"timer_divider","display":[{"name":"mobile_size/confirm btn/timer_divider","transform":{"skX":0.06,"skY":0.06}}]},{"name":"blur","display":[{"name":"mobile_size/confirm btn/btn_bet_glow"}]},{"name":"confirm_btn_effect/confirm_sequence2","display":[{"name":"mobile_size/confirm btn/confirm_btn_effect/confirm_sequence_00003"},{"name":"mobile_size/confirm btn/confirm_btn_effect/confirm_sequence_00004"},{"name":"mobile_size/confirm btn/confirm_btn_effect/confirm_sequence_00005"},{"name":"mobile_size/confirm btn/confirm_btn_effect/confirm_sequence_00006"},{"name":"mobile_size/confirm btn/confirm_btn_effect/confirm_sequence_00007"},{"name":"mobile_size/confirm btn/confirm_btn_effect/confirm_sequence_00008"},{"name":"mobile_size/confirm btn/confirm_btn_effect/confirm_sequence_00009"},{"name":"mobile_size/confirm btn/confirm_btn_effect/confirm_sequence_00010"},{"name":"mobile_size/confirm btn/confirm_btn_effect/confirm_sequence_00011"},{"name":"mobile_size/confirm btn/confirm_btn_effect/confirm_sequence_00012"},{"name":"mobile_size/confirm btn/confirm_btn_effect/confirm_sequence_00013"},{"name":"mobile_size/confirm btn/confirm_btn_effect/confirm_sequence_00014"},{"name":"mobile_size/confirm btn/confirm_btn_effect/confirm_sequence_00015"},{"name":"mobile_size/confirm btn/confirm_btn_effect/confirm_sequence_00016"},{"name":"mobile_size/confirm btn/confirm_btn_effect/confirm_sequence_00017"},{"name":"mobile_size/confirm btn/confirm_btn_effect/confirm_sequence_00018"},{"name":"mobile_size/confirm btn/confirm_btn_effect/confirm_sequence_00019"}]},{"name":"content_up","display":[{"name":"mobile_size/confirm btn/one_line_full"}]}]}],"animation":[{"duration":0,"name":"auto_confirm_disable","slot":[{"name":"content_up","colorFrame":[{"duration":0,"value":{"aM":39}}]}]},{"duration":6,"name":"auto_confirm_disable_to_idle","slot":[{"name":"content_up","colorFrame":[{"duration":6,"curve":[0.25,0,0.75,1],"value":{"aM":39}},{"duration":0}]}]},{"duration":6,"name":"auto_confirm_hover_to_idle","bone":[{"name":"up_down","translateFrame":[{"duration":6,"curve":[0,0.25,1,0.75],"y":-46.99},{"duration":0}]}],"slot":[{"name":"content_down","colorFrame":[{"duration":6,"curve":[0,0.25,1,0.75]},{"duration":0,"value":{"aM":0}}]},{"name":"content_up","colorFrame":[{"duration":6,"curve":[0,0.25,1,0.75],"value":{"aM":0}},{"duration":0}]}]},{"duration":0,"name":"auto_confirm_idle"},{"duration":6,"name":"auto_confirm_idle_to_hover","bone":[{"name":"up_down","translateFrame":[{"duration":6,"curve":[0.25,0,0.75,1]},{"duration":0,"y":-46.99}]}],"slot":[{"name":"content_down","colorFrame":[{"duration":6,"curve":[0.25,0,0.75,1],"value":{"aM":0}},{"duration":0}]},{"name":"content_up","colorFrame":[{"duration":6,"curve":[0.25,0,0.75,1]},{"duration":0,"value":{"aM":0}}]}]},{"duration":6,"name":"auto_confirm_press_to_disable","bone":[{"name":"up_down","translateFrame":[{"duration":6,"curve":[0.25,0,0.75,1],"y":-46.99},{"duration":0}]}],"slot":[{"name":"content_down","colorFrame":[{"duration":6,"curve":[0.25,0,0.75,1],"value":{"rM":1,"gM":20,"bM":10}},{"duration":0,"value":{"aM":0}}]},{"name":"content_up","colorFrame":[{"duration":6,"curve":[0.25,0,0.75,1],"value":{"aM":0}},{"duration":0,"value":{"aM":39}}]}]},{"duration":90,"name":"betting","bone":[{"name":"blur","scaleFrame":[{"duration":11,"tweenEasing":0,"x":0.6,"y":0.6},{"duration":34,"tweenEasing":0,"x":0.9,"y":0.76},{"tweenEasing":0,"x":1.04,"y":1.11},{"duration":11,"tweenEasing":0,"x":0.6,"y":0.6},{"duration":33,"tweenEasing":0,"x":0.9,"y":0.76},{"duration":0,"x":1.04,"y":1.11}]}],"slot":[{"name":"blur","colorFrame":[{"duration":30,"tweenEasing":0},{"duration":15,"tweenEasing":0},{"value":{"aM":0}},{"duration":30,"tweenEasing":0,"value":{"aM":0}},{"duration":14,"tweenEasing":0},{"duration":0,"value":{"aM":0}}]},{"name":"confirm_btn_effect/confirm_sequence2","displayFrame":[{"duration":2},{"duration":2,"value":1},{"duration":2,"value":2},{"duration":2,"value":3},{"duration":2,"value":4},{"value":5},{"duration":2,"value":6},{"duration":2,"value":7},{"duration":2,"value":8},{"value":9},{"value":10},{"duration":2,"value":11},{"duration":2,"value":12},{"duration":2,"value":13},{"duration":2,"value":14},{"duration":2,"value":15},{"value":16},{"duration":60,"value":-1}],"colorFrame":[{"duration":2,"tweenEasing":0,"value":{"aM":0,"rM":68,"bM":90}},{"duration":2,"tweenEasing":0,"value":{"aM":50,"rM":68,"bM":90}},{"duration":23,"tweenEasing":0},{"tweenEasing":0},{"tweenEasing":0,"value":{"aM":50,"rM":68,"bM":90}},{"tweenEasing":0},{"duration":60,"value":{"aM":0,"rM":68,"bM":90}}]}]},{"duration":0,"name":"disable","bone":[{"name":"up_down","translateFrame":[{"duration":0,"y":-46.99}]}],"slot":[{"name":"content_down","colorFrame":[{"duration":0,"value":{"aM":39}}]},{"name":"content_up","colorFrame":[{"duration":0,"value":{"aM":0}}]}]},{"duration":6,"name":"disble_to_idle","bone":[{"name":"up_down","translateFrame":[{"duration":6,"y":-46.99}]}],"slot":[{"name":"content_down","colorFrame":[{"duration":6,"curve":[0.25,0,0.75,1],"value":{"aM":39}},{"duration":0}]},{"name":"content_up","colorFrame":[{"duration":6,"value":{"aM":0}}]}]},{"duration":0,"name":"hover","bone":[{"name":"up_down","translateFrame":[{"duration":0,"y":-46.99}]}],"slot":[{"name":"content_down","colorFrame":[{"duration":0}]},{"name":"content_up","colorFrame":[{"duration":0,"value":{"aM":0}}]}]},{"duration":6,"name":"hover_to_idle","bone":[{"name":"up_down","translateFrame":[{"duration":6,"y":-46.99}]}],"slot":[{"name":"content_down","colorFrame":[{"duration":6}]},{"name":"content_up","colorFrame":[{"duration":6,"value":{"aM":0}}]}]},{"duration":6,"name":"hover_to_press","bone":[{"name":"up_down","translateFrame":[{"duration":6,"y":-46.99}]}],"slot":[{"name":"content_down","colorFrame":[{"duration":6,"curve":[0.25,0,0.75,1]},{"duration":0,"value":{"rM":1,"gM":20,"bM":10}}]},{"name":"content_up","colorFrame":[{"duration":6,"value":{"aM":0}}]}]},{"duration":0,"name":"idle","bone":[{"name":"up_down","translateFrame":[{"duration":0,"y":-46.99}]}],"slot":[{"name":"content_down","colorFrame":[{"duration":0}]},{"name":"content_up","colorFrame":[{"duration":0,"value":{"aM":0}}]}]},{"duration":6,"name":"idle_to_hover","bone":[{"name":"up_down","translateFrame":[{"duration":6,"y":-46.99}]}],"slot":[{"name":"content_down","colorFrame":[{"duration":6}]},{"name":"content_up","colorFrame":[{"duration":6,"value":{"aM":0}}]}]},{"duration":0,"name":"press","bone":[{"name":"up_down","translateFrame":[{"duration":0,"y":-46.99}]}],"slot":[{"name":"content_down","colorFrame":[{"duration":0,"value":{"rM":1,"gM":20,"bM":10}}]},{"name":"content_up","colorFrame":[{"duration":0,"value":{"aM":0}}]}]},{"duration":6,"name":"press_to_disable","bone":[{"name":"up_down","translateFrame":[{"duration":6,"y":-46.99}]}],"slot":[{"name":"content_down","colorFrame":[{"duration":6,"curve":[0.25,0,0.75,1],"value":{"rM":1,"gM":20,"bM":10}},{"duration":0,"value":{"aM":39}}]},{"name":"content_up","colorFrame":[{"duration":6,"value":{"aM":0}}]}]},{"duration":6,"name":"disable_switch_to_on","bone":[{"name":"up_down","translateFrame":[{"duration":6,"curve":[0.5,0,0.5,1],"y":-46.99},{"duration":0}]}],"slot":[{"name":"content_down","colorFrame":[{"duration":6,"curve":[0.5,0,0.5,1],"value":{"aM":39}},{"duration":0,"value":{"aM":0}}]},{"name":"content_up","colorFrame":[{"duration":6,"curve":[0.5,0,0.5,1],"value":{"aM":0}},{"duration":0}]}]},{"duration":6,"name":"idle_switch_to_on","bone":[{"name":"up_down","translateFrame":[{"duration":6,"curve":[0.5,0,0.5,1],"y":-46.99},{"duration":0}]}],"slot":[{"name":"content_down","colorFrame":[{"duration":6,"curve":[0.5,0,0.5,1]},{"duration":0,"value":{"aM":0}}]},{"name":"content_up","colorFrame":[{"duration":6,"curve":[0.5,0,0.5,1],"value":{"aM":0}},{"duration":0}]}]},{"duration":6,"name":"disable_switch_to_off","bone":[{"name":"up_down","translateFrame":[{"duration":6,"curve":[0.5,0,0.5,1]},{"duration":0,"y":-46.99}]}],"slot":[{"name":"content_down","colorFrame":[{"duration":6,"curve":[0.5,0,0.5,1],"value":{"aM":0}},{"duration":0,"value":{"aM":39}}]},{"name":"content_up","colorFrame":[{"duration":6,"curve":[0.5,0,0.5,1]},{"duration":0,"value":{"aM":0}}]}]},{"duration":6,"name":"idle_switch_to_off","bone":[{"name":"up_down","translateFrame":[{"duration":6,"curve":[0.5,0,0.5,1]},{"duration":0,"y":-46.99}]}],"slot":[{"name":"content_down","colorFrame":[{"duration":6,"curve":[0.5,0,0.5,1],"value":{"aM":0}},{"duration":0}]},{"name":"content_up","colorFrame":[{"duration":6,"curve":[0.5,0,0.5,1]},{"duration":0,"value":{"aM":0}}]}]}],"defaultActions":[{"gotoAndPlay":"auto_confirm_disable"}]}]}