{"width":512,"imagePath":"common_tex.png","height":1024,"name":"common","SubTexture":[{"frameY":-12,"y":43,"frameWidth":50,"frameX":-12,"frameHeight":50,"width":26,"height":26,"name":"d_common_gamesetting","x":480},{"width":19,"y":97,"height":26,"name":"d_common_gamesetting_sound_on","x":480},{"width":5,"y":473,"height":14,"name":"d_common_gamesetting_sound_on_line","x":240},{"frameY":-1,"y":71,"frameWidth":26,"frameX":-1,"frameHeight":26,"width":24,"height":24,"name":"d_common_gamesetting_sound_off_line","x":480},{"width":26,"y":71,"height":26,"name":"d_common_gamesetting_stat_circle_circle","x":452},{"width":2,"y":531,"height":14,"name":"d_common_gamesetting_stat_line","x":186},{"width":35,"y":333,"height":24,"name":"d_common_gamesetting_video_on","x":472},{"width":30,"y":415,"height":30,"name":"d_common_gamesetting_video_off_line","x":443},{"width":36,"y":415,"height":36,"name":"d_common_betcontrol_btn_undo","x":405},{"frameY":-4,"y":514,"frameWidth":68,"frameX":-4,"frameHeight":68,"width":60,"height":60,"name":"d_common_hideui_bg","x":269},{"width":25,"y":391,"height":20,"name":"d_common_hideui2","x":247},{"width":25,"y":391,"height":20,"name":"d_common_hideui1","x":472},{"width":24,"y":359,"height":30,"name":"d_common_hideui3","x":472},{"frameY":-4,"y":572,"frameWidth":68,"frameX":-4,"frameHeight":68,"width":60,"height":60,"name":"d_common_hideui_bg_border","x":154},{"frameY":-4,"y":531,"frameWidth":38,"frameX":-4,"frameHeight":38,"width":30,"height":30,"name":"d_common_icon_back","x":154},{"frameY":-1,"y":391,"frameWidth":24,"frameX":-1,"frameHeight":24,"width":22,"height":22,"name":"d_common_icon_betlimit_expand_circle","x":298},{"frameY":-1,"y":374,"frameWidth":14,"frameX":-1,"frameHeight":9,"width":12,"height":7,"name":"d_common_icon_betlimit_expand_circle_arror","x":498},{"frameY":-1,"y":43,"frameWidth":28,"frameX":-1,"frameHeight":28,"width":26,"height":26,"name":"d_common_icon_close","x":452},{"frameY":-1,"y":391,"frameWidth":24,"frameX":-1,"frameHeight":24,"width":22,"height":22,"name":"d_common_icon_gameinfo_circle","x":274},{"frameY":-1,"y":359,"frameWidth":9,"frameX":-1,"frameHeight":15,"width":7,"height":13,"name":"d_common_icon_gameinfo_i","x":498},{"frameY":-4,"y":563,"frameWidth":37,"frameX":-4,"frameHeight":11,"width":29,"height":3,"name":"d_common_icon_menu_3","x":154},{"frameY":-4,"y":509,"frameWidth":37,"frameX":-4,"frameHeight":11,"width":29,"height":3,"name":"d_common_icon_menu_2","x":190},{"frameY":-4,"y":406,"frameWidth":37,"frameX":-4,"frameHeight":11,"width":29,"height":3,"name":"d_common_icon_menu_1","x":322},{"frameY":-4,"y":391,"frameWidth":30,"frameX":-4,"frameHeight":21,"width":22,"height":13,"name":"d_common_icon_refresh_1","x":322},{"width":80,"y":391,"height":80,"name":"mobile_size/m_betcontrol_btn_bg","x":165},{"width":80,"y":333,"height":80,"name":"mobile_size/m_betcontrol_btn_bg_hover","x":390},{"width":80,"y":391,"height":80,"name":"mobile_size/m_betcontrol_btn_clear","x":83},{"frameY":-22,"y":473,"frameWidth":80,"frameX":-15,"frameHeight":80,"width":48,"height":34,"name":"mobile_size/m_betcontrol_btn_double","x":190},{"frameY":-20,"y":1,"frameWidth":80,"frameX":-20,"frameHeight":80,"width":46,"height":40,"name":"mobile_size/m_betcontrol_btn_rebet","x":452},{"width":80,"y":391,"height":80,"name":"mobile_size/m_betcontrol_btn_undo","x":1},{"frameY":-6,"y":1,"frameWidth":474,"frameX":-6,"frameHeight":226,"width":449,"height":214,"name":"mobile_size/confirm btn/btn_bet_glow","x":1},{"frameY":-6,"y":415,"frameWidth":226,"frameX":-35,"frameHeight":51,"width":156,"height":39,"name":"mobile_size/confirm btn/one_line_full","x":247},{"width":72,"y":531,"height":50,"name":"mobile_size/confirm btn/icon_tick_normal","x":80},{"frameY":-22,"y":71,"frameWidth":372,"frameX":-103,"frameHeight":124,"width":2,"height":80,"name":"mobile_size/confirm btn/timer_divider","x":506},{"frameY":-3,"y":217,"frameWidth":186,"frameX":-3,"frameHeight":62,"width":165,"height":56,"name":"mobile_size/confirm btn/confirm_btn_effect/confirm_sequence_00010","x":173},{"frameY":-3,"y":583,"frameWidth":186,"frameX":-121,"frameHeight":62,"width":62,"height":55,"name":"mobile_size/confirm btn/confirm_btn_effect/confirm_sequence_00019","x":80},{"frameY":-3,"y":333,"frameWidth":186,"frameX":-60,"frameHeight":62,"width":123,"height":56,"name":"mobile_size/confirm btn/confirm_btn_effect/confirm_sequence_00015","x":141},{"frameY":-3,"y":275,"frameWidth":186,"frameX":-3,"frameHeight":62,"width":138,"height":56,"name":"mobile_size/confirm btn/confirm_btn_effect/confirm_sequence_00008","x":310},{"frameY":-3,"y":333,"frameWidth":186,"frameX":-45,"frameHeight":62,"width":138,"height":56,"name":"mobile_size/confirm btn/confirm_btn_effect/confirm_sequence_00014","x":1},{"frameY":-3,"y":333,"frameWidth":186,"frameX":-3,"frameHeight":62,"width":122,"height":56,"name":"mobile_size/confirm btn/confirm_btn_effect/confirm_sequence_00007","x":266},{"frameY":-3,"y":275,"frameWidth":186,"frameX":-30,"frameHeight":62,"width":153,"height":56,"name":"mobile_size/confirm btn/confirm_btn_effect/confirm_sequence_00013","x":1},{"frameY":-3,"y":531,"frameWidth":186,"frameX":-106,"frameHeight":62,"width":77,"height":56,"name":"mobile_size/confirm btn/confirm_btn_effect/confirm_sequence_00018","x":1},{"frameY":-3,"y":456,"frameWidth":186,"frameX":-3,"frameHeight":62,"width":108,"height":56,"name":"mobile_size/confirm btn/confirm_btn_effect/confirm_sequence_00006","x":357},{"frameY":-3,"y":217,"frameWidth":186,"frameX":-18,"frameHeight":62,"width":165,"height":56,"name":"mobile_size/confirm btn/confirm_btn_effect/confirm_sequence_00012","x":340},{"frameY":-3,"y":275,"frameWidth":186,"frameX":-3,"frameHeight":62,"width":152,"height":56,"name":"mobile_size/confirm btn/confirm_btn_effect/confirm_sequence_00009","x":156},{"frameY":-3,"y":514,"frameWidth":186,"frameX":-3,"frameHeight":62,"width":77,"height":56,"name":"mobile_size/confirm btn/confirm_btn_effect/confirm_sequence_00004","x":190},{"frameY":-3,"y":473,"frameWidth":186,"frameX":-3,"frameHeight":62,"width":93,"height":56,"name":"mobile_size/confirm btn/confirm_btn_effect/confirm_sequence_00005","x":1},{"frameY":-3,"y":275,"frameWidth":186,"frameX":-3,"frameHeight":62,"width":61,"height":56,"name":"mobile_size/confirm btn/confirm_btn_effect/confirm_sequence_00003","x":450},{"frameY":-3,"y":456,"frameWidth":186,"frameX":-75,"frameHeight":62,"width":108,"height":56,"name":"mobile_size/confirm btn/confirm_btn_effect/confirm_sequence_00016","x":247},{"frameY":-3,"y":217,"frameWidth":186,"frameX":-8,"frameHeight":62,"width":170,"height":56,"name":"mobile_size/confirm btn/confirm_btn_effect/confirm_sequence_00011","x":1},{"frameY":-3,"y":473,"frameWidth":186,"frameX":-91,"frameHeight":62,"width":92,"height":56,"name":"mobile_size/confirm btn/confirm_btn_effect/confirm_sequence_00017","x":96}]}