{"frameRate":30,"name":"Roulette","version":"5.5","compatibleVersion":"5.5","armature":[{"type":"Armature","frameRate":30,"name":"d_ro_hotcold_hot","aabb":{"x":30,"y":4.5,"width":82,"height":137.01},"bone":[{"name":"root"},{"name":"d_ro_hotcold_hot","parent":"root"},{"name":"Fire_Center2","parent":"d_ro_hotcold_hot","transform":{"x":71,"y":71}}],"slot":[{"name":"d_ro_hotcold_hot_base","parent":"Fire_Center2"},{"blendMode":"add","name":"d_ro_hotcold_hot1","parent":"Fire_Center2","color":{"aM":0}},{"blendMode":"add","name":"d_ro_hotcold_hot2","parent":"Fire_Center2","color":{"aM":0}},{"blendMode":"add","name":"d_ro_hotcold_hot3","parent":"Fire_Center2","color":{"aM":0}}],"skin":[{"slot":[{"name":"d_ro_hotcold_hot2","display":[{"name":"d_ro_hotcold_hot2","transform":{"x":0.22,"y":17.16}}]},{"name":"d_ro_hotcold_hot3","display":[{"name":"d_ro_hotcold_hot3","transform":{"x":5.55,"y":-11.58}}]},{"name":"d_ro_hotcold_hot_base","display":[{"type":"mesh","name":"d_ro_hotcold_hot_base","width":82,"height":133,"vertices":[18.21,-38.38,26.38,-19.66,37.07,4.19,41,28.99,39.42,50.99,18.48,70.03,-14.93,72,-36.26,50.2,-41,28.79,-36.36,3.1,-19.67,-19.52,-6.73,-38.45,-10.98,-61,3.87,-61],"uvs":[0.72202,0.17007,0.82176,0.31084,0.95204,0.49015,1,0.67664,0.98073,0.84201,0.72543,0.98515,0.31793,1,0.05781,0.83607,0,0.67513,0.05664,0.48195,0.26013,0.31185,0.41792,0.16954,0.3661,0,0.5472,0],"triangles":[2,9,3,9,8,3,8,7,3,7,6,5,1,10,2,10,9,2,0,11,1,11,10,1,13,11,0,12,11,13,5,7,4,4,7,3],"edges":[8,7,7,6,6,5,5,4,4,3,3,2,2,1,1,0,0,13,13,12,12,11,11,10,10,9,9,8],"userEdges":[8,3,10,1,9,2,11,0,7,4]}]},{"name":"d_ro_hotcold_hot1","display":[{"name":"d_ro_hotcold_hot1","transform":{"x":-1.26,"y":35.01}}]}]}],"animation":[{"duration":15,"name":"ani","slot":[{"name":"d_ro_hotcold_hot1","colorFrame":[{"duration":4,"tweenEasing":0,"value":{"aM":0}},{"duration":4,"tweenEasing":0,"value":{"aM":21}},{"duration":7,"value":{"aM":0}}]},{"name":"d_ro_hotcold_hot2","colorFrame":[{"duration":4,"tweenEasing":0,"value":{"aM":0}},{"duration":4,"tweenEasing":0,"value":{"aM":0}},{"duration":3,"tweenEasing":0,"value":{"aM":21}},{"duration":4,"value":{"aM":0}}]},{"name":"d_ro_hotcold_hot3","colorFrame":[{"duration":8,"tweenEasing":0,"value":{"aM":0}},{"duration":3,"tweenEasing":0,"value":{"aM":0}},{"duration":4,"tweenEasing":0,"value":{"aM":21}},{"duration":0,"value":{"aM":0}}]}]},{"duration":0,"name":"idle"}],"defaultActions":[{"gotoAndPlay":"ani"}]},{"type":"Armature","frameRate":30,"name":"d_ro_hotcold_cold","aabb":{"x":13.19,"y":10,"width":115.31,"height":123.7},"bone":[{"name":"root"},{"name":"d_ro_hotcold_cold","parent":"root"},{"name":"Ice_Center2","parent":"d_ro_hotcold_cold","transform":{"x":71,"y":71}}],"slot":[{"name":"d_ro_hotcold_cold_base","parent":"Ice_Center2"},{"blendMode":"add","name":"d_ro_hotcold_cold1","parent":"Ice_Center2","color":{"aM":0}},{"blendMode":"add","name":"d_ro_hotcold_cold2","parent":"Ice_Center2","color":{"aM":0}},{"blendMode":"add","name":"d_ro_hotcold_cold3","parent":"Ice_Center2","color":{"aM":0}}],"skin":[{"slot":[{"name":"d_ro_hotcold_cold1","display":[{"name":"d_ro_hotcold_cold1","transform":{"x":-17.81,"y":17.2}}]},{"name":"d_ro_hotcold_cold3","display":[{"name":"d_ro_hotcold_cold3","transform":{"x":8.48,"y":-11.41}}]},{"name":"d_ro_hotcold_cold_base","display":[{"type":"mesh","name":"d_ro_hotcold_cold_base","width":115,"height":122,"vertices":[53.76,-31.76,54.05,32.3,-0.38,62.72,-56.22,30.91,-55.94,-31.08,-1.77,-59,-0.38,0.61,-29.54,-35.44,-29.84,-15.79,-43.19,-7.45,-43.09,7.01,-28.18,15.9,-27.9,31.19,-14.7,39.68,-0.27,31.88,12.73,39.51,26.03,28.97,26.31,15.35,37.97,8.57,38.8,-7.83,26.31,-16.07,26.97,-29.6,12.37,-38.38,-0.38,-31.08,-12.89,-37.75,-0.4,-18.34,-14.66,-7.25,-14.48,7.89,-0.75,17.57,14.38,8.94,14.38,-9.01],"uvs":[0.98049,0.22328,0.98308,0.7484,0.50978,0.99772,0.02417,0.737,0.02659,0.22886,0.49769,0,0.50978,0.48863,0.2562,0.19308,0.25354,0.35418,0.1375,0.42254,0.13839,0.54104,0.26804,0.61395,0.27046,0.73928,0.38521,0.80885,0.51067,0.7449,0.62373,0.80749,0.73943,0.72105,0.74185,0.6094,0.84322,0.55387,0.85047,0.41943,0.74185,0.3519,0.74757,0.241,0.62058,0.169,0.50978,0.22886,0.401,0.17417,0.50955,0.33331,0.38559,0.4242,0.38712,0.54826,0.50649,0.62761,0.63811,0.55692,0.63811,0.40977],"triangles":[16,15,1,15,2,1,19,18,1,18,16,1,22,21,0,5,22,0,21,19,0,19,1,0,20,30,19,21,20,19,29,17,18,19,30,18,30,29,18,17,16,18,22,25,30,29,28,16,29,16,17,30,20,21,22,30,21,14,15,16,28,14,16,23,25,22,14,2,15,6,28,29,6,29,30,25,6,30,13,2,14,5,24,23,5,23,22,4,7,5,13,3,2,26,27,6,23,24,25,24,26,25,26,6,25,27,11,28,11,12,28,13,14,28,12,13,28,6,27,28,8,26,24,7,24,5,8,11,26,26,11,27,12,3,13,7,8,24,9,10,8,8,10,11,4,8,7,3,12,11,10,3,11,4,9,8,4,3,9,9,3,10],"edges":[3,2,2,1,1,0,0,5,5,4,4,3],"userEdges":[7,8,8,9,9,10,10,11,11,12,12,13,13,14,14,15,15,16,16,17,17,18,18,19,19,20,20,21,21,22,22,23,23,24,24,7,25,26,26,27,27,28,28,29,29,30,30,25]}]},{"name":"d_ro_hotcold_cold2","display":[{"name":"d_ro_hotcold_cold2","transform":{"x":-0.61,"y":2.78}}]}]}],"animation":[{"duration":15,"name":"ani","slot":[{"name":"d_ro_hotcold_cold1","colorFrame":[{"duration":4,"tweenEasing":0,"value":{"aM":0}},{"duration":4,"tweenEasing":0,"value":{"aM":21}},{"duration":7,"value":{"aM":0}}]},{"name":"d_ro_hotcold_cold2","colorFrame":[{"duration":4,"tweenEasing":0,"value":{"aM":0}},{"duration":4,"tweenEasing":0,"value":{"aM":0}},{"duration":3,"tweenEasing":0,"value":{"aM":21}},{"duration":4,"value":{"aM":0}}]},{"name":"d_ro_hotcold_cold3","colorFrame":[{"duration":8,"tweenEasing":0,"value":{"aM":0}},{"duration":3,"tweenEasing":0,"value":{"aM":0}},{"duration":4,"tweenEasing":0,"value":{"aM":21}},{"duration":0,"value":{"aM":0}}]}]},{"duration":0,"name":"idle"}],"defaultActions":[{"gotoAndPlay":"ani"}]},{"type":"Armature","frameRate":30,"name":"d_ro_fav_icon_confirm","aabb":{"x":-14,"y":-14,"width":50,"height":50},"bone":[{"name":"root"},{"name":"d_ro_fav_icon_confirm","parent":"root"},{"name":"roulette_add_bet_confirm_center","parent":"d_ro_fav_icon_confirm","transform":{"x":11,"y":11}},{"name":"roulette_add_bet_confirm","parent":"roulette_add_bet_confirm_center"}],"slot":[{"name":"_Hover_Circle39","parent":"roulette_add_bet_confirm_center","color":{"aM":9}},{"name":"d_ro_fav_icon_confirm","parent":"roulette_add_bet_confirm"}],"skin":[{"slot":[{"name":"d_ro_fav_icon_confirm","display":[{"type":"mesh","name":"d_ro_fav_icon_confirm","width":30,"height":24,"vertices":[13.14,-6.9,-3.54,9.56,-12.83,1.43,-9.89,-2.41,-3.5,3.24,9.72,-10.42],"uvs":[0.93787,0.2125,0.38214,0.89842,0.07233,0.55958,0.17033,0.39958,0.38321,0.63508,0.824,0.06602],"triangles":[5,4,0,4,1,0,2,1,4,3,2,4],"edges":[2,1,1,0,0,5,5,4,4,3,3,2],"userEdges":[1,4]}]},{"name":"_Hover_Circle39","display":[{"type":"mesh","name":"_Hover_Circle","width":50,"height":50,"vertices":[17.39,17.39,-17.38,17.39,-17.38,-17.38,17.39,-17.38],"uvs":[1,1,0,1,0,0,1,0],"triangles":[1,0,3,2,1,3],"edges":[1,0,0,3,3,2,2,1],"userEdges":[]}]}]}],"animation":[{"duration":0,"name":"disable","slot":[{"name":"_Hover_Circle39","colorFrame":[{"duration":0,"value":{"aM":0}}]},{"name":"d_ro_fav_icon_confirm","colorFrame":[{"duration":0,"value":{"rM":50,"gM":50,"bM":50}}]}]},{"duration":0,"name":"idle","slot":[{"name":"_Hover_Circle39","colorFrame":[{"duration":0,"value":{"aM":0}}]}]},{"duration":10,"name":"mouse_in","slot":[{"name":"_Hover_Circle39","colorFrame":[{"duration":10,"curve":[0.25,0,0.75,1],"value":{"aM":0}},{"duration":0,"value":{"aM":9}}]}]},{"duration":10,"name":"mouse_out","slot":[{"name":"_Hover_Circle39","colorFrame":[{"duration":10,"curve":[0.25,0,0.75,1],"value":{"aM":9}},{"duration":0,"value":{"aM":0}}]}]},{"duration":10,"name":"press","bone":[{"name":"roulette_add_bet_confirm_center","scaleFrame":[{"duration":10,"curve":[0.25,0,0.75,1]},{"duration":0,"x":0.9,"y":0.9}]}]},{"duration":30,"name":"release","bone":[{"name":"roulette_add_bet_confirm","scaleFrame":[{"duration":15,"curve":[0.25,0,0.75,1],"x":1.05,"y":1.05},{"duration":15,"curve":[0.25,0,0.75,1],"x":1.1,"y":1.1},{"duration":0}]},{"name":"roulette_add_bet_confirm_center","scaleFrame":[{"duration":30,"curve":[0.25,0,0.75,1],"x":0.92,"y":0.92},{"duration":0}]}],"slot":[{"name":"d_ro_fav_icon_confirm","colorFrame":[{"duration":15,"tweenEasing":0,"value":{"aM":52}},{"duration":5,"tweenEasing":0,"value":{"aM":0}},{"duration":10}]}],"ffd":[{"name":"d_ro_fav_icon_confirm","slot":"d_ro_fav_icon_confirm","frame":[{"duration":14},{"tweenEasing":0},{"tweenEasing":0,"vertices":[-26.01,8.31,-9.35,-8.08,0,0,0,0,-6.36,-5.6,-19.56,7.99]},{"duration":4,"tweenEasing":0,"vertices":[-16.66,16.4,0,0,0,0,0,0,0,0,-13.19,13.59]},{"duration":10}]}]}],"defaultActions":[{"gotoAndPlay":"disable"}]},{"type":"Armature","frameRate":30,"name":"d_ro_fav_icon_delete","aabb":{"x":-14,"y":-14,"width":50,"height":50},"bone":[{"name":"root"},{"name":"d_ro_fav_icon_delete","parent":"root"},{"name":"roulette_add_bet_close_center","parent":"d_ro_fav_icon_delete","transform":{"x":11,"y":11}},{"name":"roulette_add_bet_close","parent":"roulette_add_bet_close_center"}],"slot":[{"name":"_Hover_Circle38","parent":"roulette_add_bet_close_center","color":{"aM":9}},{"name":"d_ro_fav_icon_delete","parent":"roulette_add_bet_close","color":{"rM":22,"gM":60,"bM":90}}],"skin":[{"slot":[{"name":"_Hover_Circle38","display":[{"type":"mesh","name":"_Hover_Circle","width":50,"height":50,"vertices":[17.38,17.39,-17.4,17.39,-17.4,-17.38,17.37,-17.38],"uvs":[1,1,0,1,0,0,1,0],"triangles":[1,0,3,2,1,3],"edges":[1,0,0,3,3,2,2,1],"userEdges":[]}]},{"name":"d_ro_fav_icon_delete","display":[{"name":"d_ro_fav_icon_delete"}]}]}],"animation":[{"duration":0,"name":"disable","slot":[{"name":"_Hover_Circle38","colorFrame":[{"duration":0,"value":{"aM":0}}]},{"name":"d_ro_fav_icon_delete","colorFrame":[{"duration":0,"value":{"rM":28,"gM":36,"bM":41}}]}]},{"duration":0,"name":"idle","slot":[{"name":"_Hover_Circle38","colorFrame":[{"duration":0,"value":{"aM":0}}]}]},{"duration":10,"name":"mouse_in","slot":[{"name":"_Hover_Circle38","colorFrame":[{"duration":10,"curve":[0.25,0,0.75,1],"value":{"aM":0}},{"duration":0,"value":{"aM":9}}]}]},{"duration":10,"name":"mouse_out","slot":[{"name":"_Hover_Circle38","colorFrame":[{"duration":10,"curve":[0.25,0,0.75,1],"value":{"aM":9}},{"duration":0,"value":{"aM":0}}]}]},{"duration":10,"name":"press","bone":[{"name":"roulette_add_bet_close_center","scaleFrame":[{"duration":10,"curve":[0.25,0,0.75,1]},{"duration":0,"x":0.9,"y":0.9}]}]},{"duration":30,"name":"release","bone":[{"name":"roulette_add_bet_close","scaleFrame":[{"duration":15,"curve":[0.25,0,0.75,1],"x":1.14,"y":1.14},{"duration":15,"curve":[0.25,0,0.75,1],"x":1.3,"y":1.3},{"duration":0}]},{"name":"roulette_add_bet_close_center","scaleFrame":[{"duration":30,"curve":[0.25,0,0.75,1],"x":0.92,"y":0.92},{"duration":0}]}]}],"defaultActions":[{"gotoAndPlay":"disable"}]},{"type":"Armature","frameRate":30,"name":"d_ro_fav_icon_new","aabb":{"x":-14,"y":-14,"width":50,"height":50},"bone":[{"name":"root"},{"name":"d_ro_fav_icon_new","parent":"root"},{"name":"roulette_add_bet_add_center","parent":"d_ro_fav_icon_new","transform":{"x":11,"y":11}},{"name":"roulette_add_bet_add_group2","parent":"roulette_add_bet_add_center"}],"slot":[{"name":"_Hover_Circle37","parent":"roulette_add_bet_add_center","color":{"aM":9}},{"name":"d_ro_fav_icon_new","parent":"roulette_add_bet_add_group2","color":{"rM":57,"gM":57,"bM":57}}],"skin":[{"slot":[{"name":"_Hover_Circle37","display":[{"type":"mesh","name":"_Hover_Circle","width":50,"height":50,"vertices":[17.38,17.39,-17.4,17.39,-17.4,-17.38,17.38,-17.38],"uvs":[1,1,0,1,0,0,1,0],"triangles":[1,0,3,2,1,3],"edges":[1,0,0,3,3,2,2,1],"userEdges":[]}]},{"name":"d_ro_fav_icon_new","display":[{"name":"d_ro_fav_icon_new"}]}]}],"animation":[{"duration":0,"name":"disable","slot":[{"name":"_Hover_Circle37","colorFrame":[{"duration":0,"value":{"aM":0}}]},{"name":"d_ro_fav_icon_new","colorFrame":[{"duration":0,"value":{"rM":29,"gM":36,"bM":41}}]}]},{"duration":0,"name":"idle","slot":[{"name":"_Hover_Circle37","colorFrame":[{"duration":0,"value":{"aM":0}}]}]},{"duration":10,"name":"mouse_in","slot":[{"name":"_Hover_Circle37","colorFrame":[{"duration":10,"curve":[0.25,0,0.75,1],"value":{"aM":0}},{"duration":0,"value":{"aM":9}}]},{"name":"d_ro_fav_icon_new","colorFrame":[{"duration":10,"value":{"rM":22,"gM":60,"bM":90}}]}]},{"duration":10,"name":"mouse_out","slot":[{"name":"_Hover_Circle37","colorFrame":[{"duration":10,"curve":[0.25,0,0.75,1],"value":{"aM":9}},{"duration":0,"value":{"aM":0}}]},{"name":"d_ro_fav_icon_new","colorFrame":[{"duration":10,"value":{"rM":22,"gM":60,"bM":90}}]}]},{"duration":10,"name":"press","bone":[{"name":"roulette_add_bet_add_center","scaleFrame":[{"duration":10,"curve":[0.25,0,0.75,1]},{"duration":0,"x":0.9,"y":0.9}]}],"slot":[{"name":"d_ro_fav_icon_new","colorFrame":[{"duration":10,"value":{"rM":21,"gM":60,"bM":89}}]}]},{"duration":30,"name":"release","bone":[{"name":"roulette_add_bet_add_group2","scaleFrame":[{"duration":15,"curve":[0.25,0,0.75,1],"x":1.14,"y":1.14},{"duration":15,"curve":[0.25,0,0.75,1],"x":1.3,"y":1.3},{"duration":0}]},{"name":"roulette_add_bet_add_center","scaleFrame":[{"duration":30,"curve":[0.25,0,0.75,1],"x":0.92,"y":0.92},{"duration":0}]}],"slot":[{"name":"d_ro_fav_icon_new","colorFrame":[{"duration":30,"curve":[0.25,0,0.75,1],"value":{"rM":21,"gM":60,"bM":89}},{"duration":0,"value":{"rM":22,"gM":60,"bM":90}}]}]}],"defaultActions":[{"gotoAndPlay":"disable"}]},{"type":"Armature","frameRate":30,"name":"d_ro_fav_icon_saved","aabb":{"x":-14,"y":-14,"width":50,"height":50},"bone":[{"name":"root"},{"name":"d_ro_fav_icon_saved","parent":"root"},{"name":"roulette_add_bet_star_center","parent":"d_ro_fav_icon_saved","transform":{"x":11,"y":11}},{"name":"roulette_add_bet_star","parent":"roulette_add_bet_star_center"},{"name":"roulette_add_bet_star_hover","parent":"roulette_add_bet_star_center"}],"slot":[{"name":"_Hover_Circle36","parent":"roulette_add_bet_star_center","color":{"aM":9}},{"name":"d_ro_fav_icon_saved","parent":"roulette_add_bet_star"},{"name":"d_ro_fav_icon_saved_hover","parent":"roulette_add_bet_star_hover"}],"skin":[{"slot":[{"name":"_Hover_Circle36","display":[{"type":"mesh","name":"_Hover_Circle","width":50,"height":50,"vertices":[17.39,17.39,-17.38,17.39,-17.38,-17.38,17.39,-17.38],"uvs":[1,1,0,1,0,0,1,0],"triangles":[1,0,3,2,1,3],"edges":[1,0,0,3,3,2,2,1],"userEdges":[]}]},{"name":"d_ro_fav_icon_saved_hover","display":[{"type":"mesh","name":"d_ro_fav_icon_saved_hover","width":28,"height":27,"vertices":[11.24,13,8.84,13,7.59,13,6.36,13,5.04,13,3.65,13,1.94,13,0.61,13,-1.01,13,-2.7,13,-4.11,13,-5.6,13,-6.91,13,-8.13,13,-11.15,13,-11.15,-14,-8.27,-14,-6.96,-14,-5.6,-14,-4.06,-14,-2.61,-14,-0.81,-14,0.61,-14,2.19,-14,3.6,-14,5.09,-14,6.45,-14,7.74,-14,8.84,-14,11.24,-14],"uvs":[0.90143,1,0.81585,1,0.77107,1,0.72714,1,0.68,1,0.63021,1,0.56929,1,0.52179,1,0.46393,1,0.4035,1,0.35322,1,0.3,1,0.25322,1,0.20965,1,0.10186,1,0.10186,0.0001,0.20472,0.00009,0.25143,0.00008,0.3,0.00008,0.355,0.00007,0.40678,0.00006,0.47107,0.00006,0.52178,0.00005,0.57821,0.00004,0.62857,0.00003,0.68178,0.00003,0.73042,0.00002,0.77643,0.00002,0.81585,0.00001,0.90143,0],"triangles":[20,9,8,20,8,21,22,21,7,21,8,7,23,22,6,22,7,6,24,20,5,20,23,5,23,6,5,25,24,4,24,5,4,25,4,3,25,3,26,27,26,2,26,3,2,27,2,1,27,1,28,28,1,0,28,0,29,20,19,9,19,10,9,19,18,10,18,11,10,17,12,18,18,12,11,13,12,17,16,13,17,15,14,16,16,14,13],"edges":[14,13,13,12,12,11,11,10,10,9,9,8,8,7,7,6,6,5,5,4,4,3,3,2,2,1,1,0,0,29,29,28,28,27,27,26,26,25,25,24,24,23,23,22,22,21,21,20,20,19,19,18,18,17,17,16,16,15,15,14],"userEdges":[16,13,18,11,20,9,22,7,24,5,26,3,28,1,19,10,21,8,23,6,17,12,25,4,27,2]}]},{"name":"d_ro_fav_icon_saved","display":[{"name":"d_ro_fav_icon_saved","transform":{"y":-0.5}}]}]}],"animation":[{"duration":0,"name":"disable","slot":[{"name":"_Hover_Circle36","colorFrame":[{"duration":0,"value":{"aM":0}}]},{"name":"d_ro_fav_icon_saved","colorFrame":[{"duration":0,"value":{"rM":50,"gM":50,"bM":50}}]},{"name":"d_ro_fav_icon_saved_hover","colorFrame":[{"duration":0,"value":{"rM":50,"gM":50,"bM":50}}]}]},{"duration":0,"name":"idle","slot":[{"name":"_Hover_Circle36","colorFrame":[{"duration":0,"value":{"aM":0}}]},{"name":"d_ro_fav_icon_saved_hover","colorFrame":[{"duration":0,"value":{"aM":0}}]}]},{"duration":10,"name":"mouse_in","slot":[{"name":"_Hover_Circle36","colorFrame":[{"duration":10,"curve":[0.25,0,0.75,1],"value":{"aM":0}},{"duration":0,"value":{"aM":9}}]},{"name":"d_ro_fav_icon_saved_hover","colorFrame":[{"duration":10,"value":{"aM":0}}]}]},{"duration":10,"name":"mouse_out","slot":[{"name":"_Hover_Circle36","colorFrame":[{"duration":10,"curve":[0.25,0,0.75,1],"value":{"aM":9}},{"duration":0,"value":{"aM":0}}]},{"name":"d_ro_fav_icon_saved_hover","colorFrame":[{"duration":10,"tweenEasing":0},{"duration":0,"value":{"aM":0}}]}]},{"duration":10,"name":"press","bone":[{"name":"roulette_add_bet_star_center","scaleFrame":[{"duration":10,"curve":[0.25,0,0.75,1]},{"duration":0,"x":0.9,"y":0.9}]}]},{"duration":30,"name":"release","bone":[{"name":"roulette_add_bet_star","scaleFrame":[{"duration":15,"curve":[0.25,0,0.625,0.5],"x":1.1,"y":1.1},{"duration":15,"curve":[0.375,0.5,0.75,1],"x":1.3,"y":1.3},{"duration":0}]},{"name":"roulette_add_bet_star_center","scaleFrame":[{"duration":30,"curve":[0.25,0,0.75,1],"x":0.92,"y":0.92},{"duration":0}]}],"slot":[{"name":"d_ro_fav_icon_saved_hover","colorFrame":[{"duration":15,"curve":[0.25,0,0.75,1],"value":{"aM":45}},{"duration":15,"tweenEasing":0},{"duration":0,"value":{"aM":0}}]}]}],"defaultActions":[{"gotoAndPlay":"disable"}]},{"type":"Armature","frameRate":30,"name":"d_ro_racetrack_bet_add","aabb":{"x":-9,"y":-9,"width":50,"height":50},"bone":[{"name":"root"},{"name":"d_ro_racetrack_bet_add","parent":"root"},{"name":"Roulette_Betting_increase_center","parent":"d_ro_racetrack_bet_add","transform":{"x":16,"y":16}},{"name":"Roulette_Betting_increase","parent":"Roulette_Betting_increase_center"},{"name":"Roulette_Betting_increase_icon","parent":"Roulette_Betting_increase"}],"slot":[{"name":"_Hover_Circle40","parent":"Roulette_Betting_increase_center","color":{"aM":9}},{"name":"Roulette_Betting_cirlce","parent":"Roulette_Betting_increase","color":{"rM":2,"gM":40,"bM":68}},{"name":"d_ro_racetrack_bet_add","parent":"Roulette_Betting_increase_icon","color":{"rM":2,"gM":40,"bM":68}}],"skin":[{"slot":[{"name":"_Hover_Circle40","display":[{"type":"mesh","name":"_Hover_Circle","width":50,"height":50,"vertices":[19.95,19.95,-19.95,19.95,-19.95,-19.95,19.95,-19.95],"uvs":[1,1,0,1,0,0,1,0],"triangles":[1,0,3,2,1,3],"edges":[1,0,0,3,3,2,2,1],"userEdges":[]}]},{"name":"d_ro_racetrack_bet_add","display":[{"name":"d_ro_racetrack_bet_add"}]},{"name":"Roulette_Betting_cirlce","display":[{"name":"d_ro_racetrack_bet_circle"}]}]}],"animation":[{"duration":0,"name":"disable","slot":[{"name":"Roulette_Betting_cirlce","colorFrame":[{"duration":0,"value":{"rM":25,"gM":28,"bM":30}}]},{"name":"_Hover_Circle40","colorFrame":[{"duration":0,"value":{"aM":0}}]},{"name":"d_ro_racetrack_bet_add","colorFrame":[{"duration":0,"value":{"rM":25,"gM":28,"bM":30}}]}]},{"duration":0,"name":"idle","slot":[{"name":"Roulette_Betting_cirlce","colorFrame":[{"duration":0,"value":{"rM":3,"gM":21,"bM":36}}]},{"name":"_Hover_Circle40","colorFrame":[{"duration":0,"value":{"aM":0}}]},{"name":"d_ro_racetrack_bet_add","colorFrame":[{"duration":0,"value":{"rM":3,"gM":21,"bM":36}}]}]},{"duration":10,"name":"mouse_in","slot":[{"name":"Roulette_Betting_cirlce","colorFrame":[{"duration":10,"curve":[0.25,0,0.75,1],"value":{"rM":3,"gM":21,"bM":36}},{"duration":0,"value":{"rM":2,"gM":40,"bM":68}}]},{"name":"_Hover_Circle40","colorFrame":[{"duration":10,"curve":[0.25,0,0.75,1],"value":{"aM":0}},{"duration":0,"value":{"aM":9}}]},{"name":"d_ro_racetrack_bet_add","colorFrame":[{"duration":10,"curve":[0.25,0,0.75,1],"value":{"rM":3,"gM":21,"bM":36}},{"duration":0,"value":{"rM":2,"gM":40,"bM":68}}]}]},{"duration":10,"name":"mouse_out","slot":[{"name":"Roulette_Betting_cirlce","colorFrame":[{"duration":10,"curve":[0.25,0,0.75,1],"value":{"rM":2,"gM":40,"bM":68}},{"duration":0,"value":{"rM":3,"gM":21,"bM":36}}]},{"name":"_Hover_Circle40","colorFrame":[{"duration":10,"curve":[0.25,0,0.75,1],"value":{"aM":9}},{"duration":0,"value":{"aM":0}}]},{"name":"d_ro_racetrack_bet_add","colorFrame":[{"duration":10,"curve":[0.25,0,0.75,1],"value":{"rM":2,"gM":40,"bM":68}},{"duration":0,"value":{"rM":3,"gM":21,"bM":36}}]}]},{"duration":10,"name":"press","bone":[{"name":"Roulette_Betting_increase","scaleFrame":[{"duration":10,"curve":[0.25,0,0.75,1]},{"duration":0,"x":0.9,"y":0.9}]},{"name":"Roulette_Betting_increase_center","scaleFrame":[{"duration":10,"curve":[0.25,0,0.75,1]},{"duration":0,"x":0.9,"y":0.9}]}]},{"duration":30,"name":"release","bone":[{"name":"Roulette_Betting_increase_icon","scaleFrame":[{"duration":15,"curve":[0.25,0,0.75,1],"x":1.14,"y":1.14},{"duration":15,"curve":[0.25,0,0.75,1],"x":1.3,"y":1.3},{"duration":0}]},{"name":"Roulette_Betting_increase","scaleFrame":[{"duration":30,"curve":[0.25,0,0.75,1],"x":0.92,"y":0.92},{"duration":0}]},{"name":"Roulette_Betting_increase_center","scaleFrame":[{"duration":30,"curve":[0.25,0,0.75,1],"x":0.92,"y":0.92},{"duration":0}]}]}],"defaultActions":[{"gotoAndPlay":"disable"}]},{"type":"Armature","frameRate":30,"name":"d_ro_racetrack_bet_deduct","aabb":{"x":-9,"y":-9,"width":50,"height":50},"bone":[{"name":"root"},{"name":"d_ro_racetrack_bet_deduct","parent":"root"},{"name":"Roulette_Betting_decrease_center","parent":"d_ro_racetrack_bet_deduct","transform":{"x":16,"y":16}},{"name":"Roulette_Betting_decrease","parent":"Roulette_Betting_decrease_center"},{"name":"Roulette_Betting_decrease_icon","parent":"Roulette_Betting_decrease"}],"slot":[{"name":"_Hover_Circle41","parent":"Roulette_Betting_decrease_center","color":{"aM":9}},{"name":"Roulette_Betting_cirlce2","parent":"Roulette_Betting_decrease","color":{"rM":2,"gM":40,"bM":68}},{"name":"d_ro_racetrack_bet_deduct","parent":"Roulette_Betting_decrease_icon","color":{"rM":2,"gM":40,"bM":68}}],"skin":[{"slot":[{"name":"d_ro_racetrack_bet_deduct","display":[{"name":"d_ro_racetrack_bet_deduct"}]},{"name":"Roulette_Betting_cirlce2","display":[{"name":"d_ro_racetrack_bet_circle"}]},{"name":"_Hover_Circle41","display":[{"type":"mesh","name":"_Hover_Circle","width":50,"height":50,"vertices":[19.88,19.88,-19.87,19.88,-19.87,-19.87,19.88,-19.87],"uvs":[1,1,0,1,0,0,1,0],"triangles":[1,0,3,2,1,3],"edges":[1,0,0,3,3,2,2,1],"userEdges":[]}]}]}],"animation":[{"duration":0,"name":"disable","slot":[{"name":"Roulette_Betting_cirlce2","colorFrame":[{"duration":0,"value":{"rM":25,"gM":28,"bM":30}}]},{"name":"_Hover_Circle41","colorFrame":[{"duration":0,"value":{"aM":0}}]},{"name":"d_ro_racetrack_bet_deduct","colorFrame":[{"duration":0,"value":{"rM":25,"gM":28,"bM":30}}]}]},{"duration":0,"name":"idle","slot":[{"name":"Roulette_Betting_cirlce2","colorFrame":[{"duration":0,"value":{"rM":3,"gM":21,"bM":36}}]},{"name":"_Hover_Circle41","colorFrame":[{"duration":0,"value":{"aM":0}}]},{"name":"d_ro_racetrack_bet_deduct","colorFrame":[{"duration":0,"value":{"rM":3,"gM":21,"bM":36}}]}]},{"duration":10,"name":"mouse_in","slot":[{"name":"Roulette_Betting_cirlce2","colorFrame":[{"duration":10,"curve":[0.25,0,0.75,1],"value":{"rM":3,"gM":21,"bM":36}},{"duration":0,"value":{"rM":2,"gM":40,"bM":68}}]},{"name":"_Hover_Circle41","colorFrame":[{"duration":10,"curve":[0.25,0,0.75,1],"value":{"aM":0}},{"duration":0,"value":{"aM":9}}]},{"name":"d_ro_racetrack_bet_deduct","colorFrame":[{"duration":10,"curve":[0.25,0,0.75,1],"value":{"rM":3,"gM":21,"bM":36}},{"duration":0,"value":{"rM":2,"gM":40,"bM":68}}]}]},{"duration":10,"name":"mouse_out","slot":[{"name":"Roulette_Betting_cirlce2","colorFrame":[{"duration":10,"curve":[0.25,0,0.75,1],"value":{"rM":2,"gM":40,"bM":68}},{"duration":0,"value":{"rM":3,"gM":21,"bM":36}}]},{"name":"_Hover_Circle41","colorFrame":[{"duration":10,"curve":[0.25,0,0.75,1],"value":{"aM":9}},{"duration":0,"value":{"aM":0}}]},{"name":"d_ro_racetrack_bet_deduct","colorFrame":[{"duration":10,"curve":[0.25,0,0.75,1],"value":{"rM":2,"gM":40,"bM":68}},{"duration":0,"value":{"rM":3,"gM":21,"bM":36}}]}]},{"duration":10,"name":"press","bone":[{"name":"Roulette_Betting_decrease","scaleFrame":[{"duration":10,"curve":[0.25,0,0.75,1]},{"duration":0,"x":0.9,"y":0.9}]},{"name":"Roulette_Betting_decrease_center","scaleFrame":[{"duration":10,"curve":[0.25,0,0.75,1]},{"duration":0,"x":0.9,"y":0.9}]}]},{"duration":30,"name":"release","bone":[{"name":"Roulette_Betting_decrease","scaleFrame":[{"duration":30,"curve":[0.25,0,0.75,1],"x":0.92,"y":0.92},{"duration":0}]},{"name":"Roulette_Betting_decrease_icon","scaleFrame":[{"duration":15,"curve":[0.25,0,0.75,1],"x":1.14,"y":1.14},{"duration":15,"curve":[0.25,0,0.75,1],"x":1.3,"y":1.3},{"duration":0}]},{"name":"Roulette_Betting_decrease_center","scaleFrame":[{"duration":30,"curve":[0.25,0,0.75,1],"x":0.92,"y":0.92},{"duration":0}]}]}],"defaultActions":[{"gotoAndPlay":"disable"}]},{"type":"Armature","frameRate":30,"name":"d_ro_result_hightlight","aabb":{"width":116,"height":116},"bone":[{"name":"root"},{"name":"d_ro_result_hightlight","parent":"root"},{"name":"Number_Prompt_Center","parent":"d_ro_result_hightlight","transform":{"x":58,"y":58}},{"name":"Number_Prompt_lv1","parent":"Number_Prompt_Center"},{"name":"Number_Prompt_lv2","parent":"Number_Prompt_lv1"},{"name":"Number_Prompt_lv3","parent":"Number_Prompt_lv1"},{"name":"Number_Prompt_lv4","parent":"Number_Prompt_lv1"}],"slot":[{"name":"Number_Prompt_1","parent":"Number_Prompt_lv1"},{"blendMode":"add","name":"Number_Prompt_4","parent":"Number_Prompt_lv4"},{"blendMode":"add","name":"Number_Prompt_2","parent":"Number_Prompt_lv2"},{"blendMode":"add","name":"Number_Prompt_3","parent":"Number_Prompt_lv3"}],"skin":[{"slot":[{"name":"Number_Prompt_1","display":[{"name":"d_ro_result_hightlight1"}]},{"name":"Number_Prompt_3","display":[{"name":"d_ro_result_hightlight3"}]},{"name":"Number_Prompt_2","display":[{"name":"d_ro_result_hightlight2"}]},{"name":"Number_Prompt_4","display":[{"name":"d_ro_result_hightlight1"}]}]}],"animation":[{"duration":90,"name":"ani","bone":[{"name":"Number_Prompt_lv3","scaleFrame":[{"duration":29,"curve":[0.25,0,0.75,1],"x":0.59,"y":0.59},{"curve":[0.25,0,0.75,1],"x":0.9,"y":0.9},{"duration":29,"curve":[0.25,0,0.75,1],"x":0.59,"y":0.59},{"curve":[0.25,0,0.75,1],"x":0.9,"y":0.9},{"duration":30,"curve":[0.25,0,0.75,1],"x":0.59,"y":0.59},{"duration":0,"x":0.9,"y":0.9}]},{"name":"Number_Prompt_lv1","scaleFrame":[{"duration":15,"curve":[0,0.21,0.75,1]},{"duration":15,"tweenEasing":0,"x":1.1,"y":1.1},{"duration":15,"curve":[0,0.21,0.75,1]},{"duration":15,"tweenEasing":0,"x":1.1,"y":1.1},{"duration":15,"curve":[0,0.21,0.75,1]},{"duration":15,"tweenEasing":0,"x":1.1,"y":1.1},{"duration":0}]},{"name":"Number_Prompt_lv2","scaleFrame":[{"duration":5,"x":0.71,"y":0.71},{"duration":20,"curve":[0.25,0,0.75,1],"x":0.71,"y":0.71},{"duration":5,"curve":[0.25,0,0.75,1],"x":1.18,"y":1.18},{"duration":5,"x":0.71,"y":0.71},{"duration":20,"curve":[0.25,0,0.75,1],"x":0.71,"y":0.71},{"duration":5,"curve":[0.25,0,0.75,1],"x":1.18,"y":1.18},{"duration":5,"x":0.71,"y":0.71},{"duration":20,"curve":[0.25,0,0.75,1],"x":0.71,"y":0.71},{"duration":5,"curve":[0.25,0,0.75,1],"x":1.18,"y":1.18},{"duration":0,"x":0.71,"y":0.71}]},{"name":"Number_Prompt_lv4","scaleFrame":[{"duration":10,"curve":[0.263,0,0.618,0.43]},{"duration":19,"curve":[0.354,0.41,0.757,1],"x":1.11,"y":1.11},{"tweenEasing":0,"x":1.34,"y":1.34},{"duration":29,"curve":[0.25,0,0.75,1]},{"tweenEasing":0,"x":1.34,"y":1.34},{"duration":30,"curve":[0.25,0,0.75,1]},{"duration":0,"x":1.34,"y":1.34}]}],"slot":[{"name":"Number_Prompt_1","colorFrame":[{"duration":10,"tweenEasing":0,"value":{"aM":0}},{"duration":70},{"duration":10,"tweenEasing":0},{"duration":0,"value":{"aM":0}}]},{"name":"Number_Prompt_2","colorFrame":[{"duration":5,"value":{"aM":0}},{"duration":5,"curve":[0.25,0,0.75,1],"value":{"aM":0}},{"duration":15,"curve":[0.25,0,0.75,1]},{"duration":10,"value":{"aM":0}},{"duration":5,"curve":[0.25,0,0.75,1],"value":{"aM":0}},{"duration":15,"curve":[0.25,0,0.75,1]},{"duration":10,"value":{"aM":0}},{"duration":5,"curve":[0.25,0,0.75,1],"value":{"aM":0}},{"duration":15,"curve":[0.25,0,0.75,1]},{"duration":5,"value":{"aM":0}}]},{"name":"Number_Prompt_3","colorFrame":[{"duration":10,"curve":[0.25,0,0.75,1],"value":{"aM":0}},{"duration":20,"curve":[0.25,0,0.75,1]},{"duration":10,"curve":[0.25,0,0.75,1],"value":{"aM":0}},{"duration":19,"curve":[0.25,0,0.75,1]},{"value":{"aM":0}},{"duration":10,"curve":[0.25,0,0.75,1],"value":{"aM":0}},{"duration":20,"curve":[0.25,0,0.75,1]},{"duration":0,"value":{"aM":0}}]},{"name":"Number_Prompt_4","colorFrame":[{"duration":10,"tweenEasing":0,"value":{"aM":0}},{"duration":19,"tweenEasing":0,"value":{"aM":19}},{"value":{"aM":0}},{"duration":10,"tweenEasing":0,"value":{"aM":0}},{"duration":19,"tweenEasing":0,"value":{"aM":19}},{"value":{"aM":0}},{"duration":10,"tweenEasing":0,"value":{"aM":0}},{"duration":20,"tweenEasing":0,"value":{"aM":19}},{"duration":0,"value":{"aM":0}}]}]},{"duration":0,"name":"disable","slot":[{"name":"Number_Prompt_1","colorFrame":[{"duration":0,"value":{"aM":0}}]},{"name":"Number_Prompt_2","colorFrame":[{"duration":0,"value":{"aM":0}}]},{"name":"Number_Prompt_3","colorFrame":[{"duration":0,"value":{"aM":0}}]},{"name":"Number_Prompt_4","colorFrame":[{"duration":0,"value":{"aM":0}}]}]}],"defaultActions":[{"gotoAndPlay":"ani"}]}]}