{"width":512,"SubTexture":[{"width":82,"y":243,"height":133,"name":"d_ro_hotcold_hot_base","x":1},{"width":79,"y":112,"height":71,"name":"d_ro_hotcold_hot1","x":200},{"width":79,"y":112,"height":93,"name":"d_ro_hotcold_hot2","x":119},{"width":68,"y":1,"height":97,"name":"d_ro_hotcold_hot3","x":230},{"width":115,"y":1,"height":122,"name":"d_ro_hotcold_cold_base","x":1},{"width":80,"y":207,"height":91,"name":"d_ro_hotcold_cold1","x":179},{"width":110,"y":1,"height":109,"name":"d_ro_hotcold_cold2","x":118},{"width":92,"y":243,"height":93,"name":"d_ro_hotcold_cold3","x":85},{"width":50,"y":425,"height":50,"name":"_Hover_Circle","x":103},{"width":30,"y":477,"height":24,"name":"d_ro_fav_icon_confirm","x":103},{"frameX":-4,"y":338,"frameY":-4,"frameWidth":24,"width":16,"frameHeight":24,"height":16,"name":"d_ro_fav_icon_delete","x":85},{"frameX":-4,"y":207,"frameY":-4,"frameWidth":30,"width":22,"frameHeight":30,"height":22,"name":"d_ro_fav_icon_new","x":153},{"frameX":-4,"y":480,"frameY":-4,"frameWidth":28,"width":20,"frameHeight":27,"height":19,"name":"d_ro_fav_icon_saved","x":25},{"width":28,"y":300,"height":27,"name":"d_ro_fav_icon_saved_hover","x":179},{"width":32,"y":207,"height":32,"name":"d_ro_racetrack_bet_circle","x":119},{"frameX":-3,"y":480,"frameY":-3,"frameWidth":28,"width":22,"frameHeight":28,"height":22,"name":"d_ro_racetrack_bet_add","x":1},{"frameX":-3,"y":231,"frameY":-3,"frameWidth":26,"width":20,"frameHeight":10,"height":4,"name":"d_ro_racetrack_bet_deduct","x":153},{"width":86,"y":338,"height":85,"name":"d_ro_result_hightlight1","x":103},{"width":100,"y":378,"height":100,"name":"d_ro_result_hightlight2","x":1},{"width":116,"y":125,"height":116,"name":"d_ro_result_hightlight3","x":1}],"height":512,"name":"Roulette","imagePath":"Roulette_tex.png"}