{"width":1024,"imagePath":"sicbo_game_result_tex.png","height":1024,"name":"sicbo_game_result","SubTexture":[{"width":660,"y":1,"height":239,"name":"L1_shadow","x":1},{"width":614,"y":242,"height":194,"name":"L2_shadow","x":1},{"width":555,"y":556,"height":118,"name":"bg_sicbo","x":1},{"width":238,"y":556,"height":113,"name":"B_R_line_01","x":558},{"frameY":-4,"y":778,"frameWidth":59,"frameX":-4,"frameHeight":113,"width":51,"height":105,"name":"B_R_line_02","x":621},{"frameY":-4,"y":678,"frameWidth":59,"frameX":-4,"frameHeight":113,"width":51,"height":105,"name":"B_R_line_03","x":780},{"frameY":-4,"y":419,"frameWidth":60,"frameX":-4,"frameHeight":113,"width":52,"height":105,"name":"B_R_line_04","x":956},{"frameY":-4,"y":866,"frameWidth":59,"frameX":-4,"frameHeight":113,"width":51,"height":105,"name":"B_R_line_05","x":833},{"frameY":-4,"y":671,"frameWidth":59,"frameX":-4,"frameHeight":113,"width":51,"height":105,"name":"B_R_line_06","x":727},{"frameY":-4,"y":778,"frameWidth":59,"frameX":-4,"frameHeight":113,"width":51,"height":105,"name":"B_R_line_07","x":727},{"frameY":-4,"y":652,"frameWidth":60,"frameX":-4,"frameHeight":113,"width":52,"height":105,"name":"B_R_line_08","x":939},{"width":239,"y":121,"height":113,"name":"B_L_line_01","x":663},{"frameY":-4,"y":785,"frameWidth":59,"frameX":-4,"frameHeight":113,"width":51,"height":105,"name":"B_L_line_02","x":780},{"frameY":-4,"y":778,"frameWidth":59,"frameX":-4,"frameHeight":113,"width":51,"height":105,"name":"B_L_line_03","x":674},{"frameY":-4,"y":208,"frameWidth":60,"frameX":-4,"frameHeight":113,"width":52,"height":105,"name":"B_L_line_04","x":967},{"frameY":-4,"y":671,"frameWidth":59,"frameX":-4,"frameHeight":113,"width":51,"height":105,"name":"B_L_line_05","x":674},{"frameY":-4,"y":671,"frameWidth":59,"frameX":-4,"frameHeight":113,"width":51,"height":105,"name":"B_L_line_06","x":621},{"frameY":-4,"y":759,"frameWidth":59,"frameX":-4,"frameHeight":113,"width":51,"height":105,"name":"B_L_line_07","x":833},{"frameY":-4,"y":652,"frameWidth":60,"frameX":-4,"frameHeight":113,"width":52,"height":105,"name":"B_L_line_08","x":885},{"frameY":-4,"y":973,"frameWidth":599,"frameX":-4,"frameHeight":14,"width":591,"height":6,"name":"B_bottom_line","x":1},{"frameY":-4,"y":981,"frameWidth":599,"frameX":-4,"frameHeight":14,"width":591,"height":6,"name":"B_top_line","x":1},{"width":1,"y":552,"height":1,"name":"txt","x":787},{"width":1,"y":552,"height":1,"name":"+800","x":772},{"width":146,"y":532,"height":19,"name":"A_top_line_light_0","x":624},{"width":110,"y":591,"height":59,"name":"A_pattern_01","x":885},{"width":190,"y":360,"height":99,"name":"A_pattern_02","x":624},{"width":264,"y":1,"height":118,"name":"A_pattern_03","x":663},{"width":348,"y":242,"height":116,"name":"A_pattern_04","x":617},{"width":621,"y":438,"height":116,"name":"A_pattern_05","x":1},{"frameY":-4,"y":986,"frameWidth":283,"frameX":-4,"frameHeight":19,"width":275,"height":11,"name":"A_L_top_line","x":594},{"frameY":-4,"y":973,"frameWidth":283,"frameX":-4,"frameHeight":19,"width":275,"height":11,"name":"A_R_top_line","x":594},{"frameY":-4,"y":676,"frameWidth":626,"frameX":-4,"frameHeight":31,"width":618,"height":23,"name":"A_bottom_line","x":1},{"frameY":-4,"y":532,"frameWidth":27,"frameX":-4,"frameHeight":26,"width":19,"height":18,"name":"A_square","x":772},{"frameY":-4,"y":532,"frameWidth":71,"frameX":-4,"frameHeight":55,"width":63,"height":47,"name":"A_crown","x":953},{"width":32,"y":88,"height":46,"name":"A_crown_light_01","x":991},{"width":61,"y":973,"height":47,"name":"A_crown_light_02","x":871},{"frameY":-4,"y":591,"frameWidth":93,"frameX":-4,"frameHeight":93,"width":85,"height":85,"name":"dice_6_shadow","x":798},{"width":1,"y":552,"height":1,"name":"dice_6","x":790},{"frameY":-4,"y":121,"frameWidth":93,"frameX":-4,"frameHeight":93,"width":85,"height":85,"name":"dice_5_shadow","x":904},{"width":1,"y":552,"height":1,"name":"dice_5","x":778},{"frameY":-4,"y":1,"frameWidth":93,"frameX":-4,"frameHeight":93,"width":85,"height":85,"name":"dice_4_shadow","x":929},{"width":1,"y":532,"height":1,"name":"dice_4","x":793},{"frameY":-4,"y":461,"frameWidth":172,"frameX":-4,"frameHeight":77,"width":164,"height":69,"name":"blue_shadow","x":790},{"frameY":-4,"y":532,"frameWidth":161,"frameX":-4,"frameHeight":65,"width":153,"height":57,"name":"blue","x":798},{"width":1,"y":552,"height":1,"name":"15","x":784},{"frameY":-4,"y":461,"frameWidth":172,"frameX":-4,"frameHeight":77,"width":164,"height":69,"name":"red_shadow","x":624},{"frameY":-4,"y":360,"frameWidth":161,"frameX":-4,"frameHeight":65,"width":153,"height":57,"name":"red","x":816},{"width":1,"y":552,"height":1,"name":"red_txt","x":781},{"width":1,"y":552,"height":1,"name":"blue_txt","x":775}]}