{"frameRate":30,"name":"chips_select","version":"5.5","compatibleVersion":"5.5","armature":[{"type":"Armature","frameRate":30,"name":"chips_select","aabb":{"x":-16.5,"y":-64.83,"width":263,"height":263},"bone":[{"name":"root"},{"name":"Chips_Group_Mobile","parent":"root"},{"name":"Chips","parent":"Chips_Group_Mobile","transform":{"x":115,"y":70.19}},{"length":100,"name":"Shadow","parent":"Chips","transform":{"y":-2.73,"scX":0.24,"scY":0.24}},{"length":100,"name":"Circle_Select1","parent":"Chips","transform":{"y":-3.52,"scX":1.068,"scY":1.067}},{"length":100,"name":"Circle_Select2","parent":"Chips","transform":{"y":-3.52,"scX":1.068,"scY":1.067}},{"name":"Number","parent":"Chips","transform":{"scY":0.75}}],"slot":[{"name":"Shadow","parent":"Shadow","color":{"aM":0}},{"name":"Circle_select","parent":"Circle_Select1","color":{"aM":0}},{"blendMode":"add","name":"Circle_select2","parent":"Circle_Select2","color":{"aM":0}},{"name":"chips_select","parent":"Chips"},{"name":"chips_deselect","parent":"Chips"},{"name":"number","parent":"Number"}],"skin":[{"slot":[{"name":"Shadow","display":[{"type":"mesh","name":"Chips_Shadow","width":128,"height":128,"vertices":[611.26,613.81,-611.24,613.81,-611.24,-608.69,611.26,-608.69],"uvs":[1,1,0,1,0,0,1,0],"triangles":[1,0,3,2,1,3],"edges":[1,0,0,3,3,2,2,1],"userEdges":[]}]},{"name":"number","display":[{"name":"Chips_10","transform":{"x":-0.19,"y":-1.14}}]},{"name":"chips_deselect","display":[{"name":"Lv1_Green_B","transform":{"x":-0.02,"y":16.52}}]},{"name":"chips_select","display":[{"name":"Lv1_Green","transform":{"y":-4.81}}]},{"name":"Circle_select2","display":[{"name":"Circle_Select"}]},{"name":"Circle_select","display":[{"name":"Circle_Select"}]}]}],"animation":[{"duration":40,"name":"in","bone":[{"name":"Chips","translateFrame":[{"duration":3,"curve":[0.245,0,0.637,0.56]},{"duration":2,"curve":[0.3195,0.275,0.6805,0.725],"y":-22.51},{"duration":3,"curve":[0.3065,0.22,0.7525,1],"y":-35.6},{"duration":32}],"scaleFrame":[{"duration":3,"curve":[0.245,0,0.637,0.56]},{"duration":2,"curve":[0.3195,0.275,0.6805,0.725]},{"duration":3,"curve":[0.3065,0.22,0.7525,1],"x":1.04,"y":1.04},{"duration":32,"x":1.1,"y":1.1}]},{"name":"Circle_Select1","scaleFrame":[{"duration":5,"x":0.8,"y":0.8},{"duration":10,"curve":[0.25,0,0.75,1],"x":0.8,"y":0.8},{"duration":25,"curve":[0.25,0,0.75,1]},{"duration":0,"x":0.94,"y":0.94}]},{"name":"Circle_Select2","scaleFrame":[{"duration":5,"x":0.8,"y":0.8},{"duration":10,"curve":[0.25,0,0.75,1],"x":0.8,"y":0.8},{"duration":25,"curve":[0.25,0,0.75,1],"x":0.88,"y":0.88},{"duration":0}]},{"name":"Number","translateFrame":[{"duration":4},{"tweenEasing":0},{"duration":35,"y":-20}],"scaleFrame":[{"duration":4},{"tweenEasing":0},{"duration":35,"y":1.33}]}],"slot":[{"name":"Circle_select","colorFrame":[{"duration":5,"value":{"aM":0}},{"duration":10,"curve":[0.25,0,0.75,1],"value":{"aM":0}},{"duration":25}]},{"name":"Circle_select2","colorFrame":[{"duration":5,"value":{"aM":0}},{"duration":10,"curve":[0.25,0,0.75,1],"value":{"aM":0}},{"duration":25,"curve":[0.25,0,0.75,1]},{"duration":0,"value":{"aM":0}}]},{"name":"Shadow","colorFrame":[{"duration":3,"value":{"aM":0}},{"duration":5,"curve":[0.25,0,0.75,1],"value":{"aM":0}},{"duration":32,"value":{"aM":32}}]},{"name":"chips_deselect","colorFrame":[{"duration":4,"tweenEasing":0},{},{"duration":35,"value":{"aM":0}}]},{"name":"chips_select","colorFrame":[{"duration":4,"tweenEasing":0,"value":{"aM":0}},{"value":{"aM":0}},{"duration":35}]}]},{"duration":50,"name":"loop","bone":[{"name":"Chips","scaleFrame":[{"duration":50,"x":1.1,"y":1.1}]},{"name":"Circle_Select1","scaleFrame":[{"duration":25,"curve":[0.25,0,0.75,1],"x":0.94,"y":0.94},{"duration":25,"curve":[0.25,0,0.75,1]},{"duration":0,"x":0.94,"y":0.94}]},{"name":"Circle_Select2","scaleFrame":[{"curve":[0.25,0,0.75,1]},{"duration":49,"curve":[0.25,0,0.75,1],"x":0.88,"y":0.88},{"duration":0}]},{"name":"Number","translateFrame":[{"duration":50,"y":-20}],"scaleFrame":[{"duration":50,"y":1.33}]}],"slot":[{"name":"Circle_select","colorFrame":[{},{"duration":24,"curve":[0.25,0,0.75,1]},{"duration":25,"curve":[0.25,0,0.75,1],"value":{"aM":45}},{"duration":0}]},{"name":"Circle_select2","colorFrame":[{"duration":20,"curve":[0.25,0,0.75,1],"value":{"aM":0}},{"duration":30,"curve":[0.25,0,0.75,1],"value":{"aM":49}},{"duration":0,"value":{"aM":0}}]},{"name":"Shadow","colorFrame":[{"duration":50,"value":{"aM":32}}]},{"name":"chips_deselect","displayFrame":[{"duration":50,"value":-1}]}]},{"duration":20,"name":"out","bone":[{"name":"Chips","translateFrame":[{"duration":14},{"duration":2,"curve":[0.25,0,0.75,1]},{"duration":2,"curve":[0.25,0,0.75,1],"y":-35.6},{"duration":2,"y":-35.6},{"duration":0}],"scaleFrame":[{"duration":16,"x":1.1,"y":1.1},{"duration":2,"curve":[0.25,0,0.75,1],"x":1.1,"y":1.1},{"duration":2}]},{"name":"Circle_Select1","scaleFrame":[{"duration":20,"x":0.94,"y":0.94}]},{"name":"Number","translateFrame":[{"duration":19,"y":-20},{"tweenEasing":0,"y":-20},{"duration":0}],"scaleFrame":[{"duration":19,"y":1.33},{"tweenEasing":0,"y":1.33},{"duration":0}]}],"slot":[{"name":"Circle_select","colorFrame":[{"duration":20,"curve":[0.25,0,0.75,1]},{"duration":0,"value":{"aM":0}}]},{"name":"Shadow","colorFrame":[{"duration":14,"value":{"aM":32}},{"duration":4,"curve":[0.25,0,0.75,1],"value":{"aM":32}},{"duration":2,"value":{"aM":0}}]},{"name":"chips_deselect","colorFrame":[{"duration":19,"tweenEasing":0,"value":{"aM":0}},{"tweenEasing":0,"value":{"aM":0}},{"duration":0}]},{"name":"chips_select","colorFrame":[{"duration":19,"tweenEasing":0},{"tweenEasing":0},{"duration":0,"value":{"aM":0}}]}]}],"defaultActions":[{"gotoAndPlay":"in"}]}]}