{"name":"chips_select","imagePath":"chips_select_tex.png","height":512,"SubTexture":[{"name":"Chips_Shadow","x":258,"height":128,"y":1,"width":128},{"name":"Circle_Select","x":1,"height":255,"frameWidth":263,"y":1,"frameY":-4,"frameHeight":263,"frameX":-4,"width":255},{"name":"Lv1_Green","x":1,"height":239,"y":258,"width":230},{"name":"Lv1_Green_B","x":233,"height":171,"y":258,"width":230},{"name":"Chips_10","x":233,"height":48,"frameWidth":48,"y":431,"frameY":0,"frameHeight":48,"frameX":-1,"width":46}],"width":512}