{"width":2048,"imagePath":"lobby_tex.png","height":1024,"name":"lobby","SubTexture":[{"width":132,"y":1,"height":132,"name":"d_lobby_avatar_selection_circle","x":901},{"width":31,"y":657,"height":30,"name":"d_lobby_avatar_selection_dot","x":1139},{"width":13,"y":183,"height":10,"name":"d_lobby_avatar_selection_confirm","x":901},{"width":48,"y":918,"height":48,"name":"d_lobby_betrecord_icon_prev_arror_back and forward_circle","x":1306},{"width":13,"y":981,"height":22,"name":"d_lobby_betrecord_icon_prev_arror","x":282},{"width":27,"y":986,"height":27,"name":"d_lobby_betrecord_icon_search","x":127},{"width":36,"y":350,"height":36,"name":"goodroad_plus_btn","x":1297},{"width":46,"y":968,"height":46,"name":"d_lobby_goodroad_panel_addroad_btn_BG","x":1306},{"width":25,"y":986,"height":31,"name":"d_lobby_goodroad_panel_addroad_btn_clear","x":71},{"width":95,"y":135,"height":46,"name":"d_lobby_goodroad_panel_addroad_btn_confirm_BG_Blue","x":901},{"width":21,"y":1007,"height":16,"name":"d_lobby_goodroad_panel_addroad_btn_confirm","x":184},{"width":46,"y":968,"height":46,"name":"d_lobby_betrecord_icon_prev_arror_back and forward_circle_hover","x":1354},{"width":26,"y":986,"height":31,"name":"d_lobby_goodroad_panel_addroad_btn_undo","x":43},{"width":30,"y":689,"height":30,"name":"goodroad_select_square","x":1139},{"width":20,"y":981,"height":19,"name":"goodroad_select_tick","x":260},{"width":40,"y":311,"height":37,"name":"d_lobby_panel_gamelist_goodroad","x":1297},{"width":62,"y":918,"height":66,"name":"d_lobby_panel_betcontrol_btn_close_bg","x":1242},{"width":27,"y":986,"height":27,"name":"d_lobby_panel_betcontrol_btn_close","x":98},{"width":118,"y":589,"height":66,"name":"d_lobby_panel_betcontrol_btn_confirm_bg","x":1139},{"width":40,"y":986,"height":31,"name":"d_lobby_panel_betcontrol_btn_confirm","x":1},{"width":62,"y":918,"height":66,"name":"d_lobby_panel_betcontrol_btn_undo_bg","x":1178},{"width":32,"y":135,"height":34,"name":"d_lobby_panel_betcontrol_btn_undo","x":998},{"width":15,"y":1003,"height":16,"name":"d_lobby_panel_gamelist_allgames_square9","x":309},{"width":16,"y":1005,"height":16,"name":"d_lobby_panel_gamelist_allgames_square8","x":291},{"width":15,"y":986,"height":15,"name":"d_lobby_panel_gamelist_allgames_square7","x":327},{"width":16,"y":376,"height":15,"name":"d_lobby_panel_gamelist_allgames_square6","x":1245},{"width":15,"y":376,"height":15,"name":"d_lobby_panel_gamelist_allgames_square5","x":1263},{"width":15,"y":1003,"height":16,"name":"d_lobby_panel_gamelist_allgames_square4","x":326},{"width":15,"y":1003,"height":15,"name":"d_lobby_panel_gamelist_allgames_square3","x":343},{"width":16,"y":376,"height":15,"name":"d_lobby_panel_gamelist_allgames_square2","x":1227},{"width":15,"y":376,"height":15,"name":"d_lobby_panel_gamelist_allgames_square1","x":1280},{"width":19,"y":1006,"height":16,"name":"d_lobby_panel_gamelist_betted_circle6","x":270},{"width":19,"y":1006,"height":16,"name":"d_lobby_panel_gamelist_betted_circle5","x":249},{"width":26,"y":986,"height":26,"name":"d_lobby_panel_gamelist_betted_circle","x":156},{"width":13,"y":981,"height":20,"name":"d_lobby_panel_gamelist_betted_circle4","x":312},{"width":13,"y":981,"height":20,"name":"d_lobby_panel_gamelist_betted_circle3","x":297},{"width":19,"y":1006,"height":16,"name":"d_lobby_panel_gamelist_betted_circle2","x":228},{"width":19,"y":1007,"height":16,"name":"d_lobby_panel_gamelist_betted_circle1","x":207},{"width":30,"y":753,"height":29,"name":"d_lobby_setting_playinfo_icon_edit_2","x":1139},{"width":24,"y":981,"height":24,"name":"d_lobby_setting_playinfo_icon_edit_1","x":184},{"width":30,"y":721,"height":30,"name":"d_lobby_setting_playinfo_icon_refresh","x":1139},{"width":23,"y":981,"height":23,"name":"d_lobby_viewmode_icon_general","x":210},{"width":23,"y":981,"height":23,"name":"d_lobby_viewmode_icon_pro","x":235},{"width":29,"y":171,"height":23,"name":"d_lobby_viewmode_icon_tiny","x":998},{"width":68,"y":853,"height":63,"name":"mobile_size/m_lobby_Icon_fav_active","x":1178},{"width":112,"y":197,"height":112,"name":"mobile_size/m_lobby_Icon_fav_container","x":1227},{"width":68,"y":311,"height":63,"name":"mobile_size/m_lobby_Icon_fav_icon_active","x":1227},{"y":197,"frameX":-62,"frameY":-3,"width":76,"frameWidth":200,"height":194,"name":"0009","frameHeight":200,"x":1149},{"y":589,"frameX":-5,"frameY":-3,"width":190,"frameWidth":200,"height":194,"name":"0043","frameHeight":200,"x":197},{"y":589,"frameX":-11,"frameY":-3,"width":178,"frameWidth":200,"height":194,"name":"0019","frameHeight":200,"x":389},{"y":589,"frameX":-30,"frameY":-3,"width":140,"frameWidth":200,"height":194,"name":"0039","frameHeight":200,"x":895},{"y":1,"frameX":-68,"frameY":-3,"width":64,"frameWidth":200,"height":194,"name":"0013","frameHeight":200,"x":1293},{"y":1,"frameX":-11,"frameY":-3,"width":178,"frameWidth":200,"height":194,"name":"0026","frameHeight":200,"x":579},{"y":589,"frameX":-18,"frameY":-3,"width":164,"frameWidth":200,"height":194,"name":"0027","frameHeight":200,"x":569},{"y":393,"frameX":-44,"frameY":-3,"width":112,"frameWidth":200,"height":194,"name":"0030","frameHeight":200,"x":1027},{"y":197,"frameX":-35,"frameY":-3,"width":131,"frameWidth":200,"height":194,"name":"0016","frameHeight":200,"x":892},{"y":589,"frameX":-3,"frameY":-3,"width":194,"frameWidth":200,"height":194,"name":"0000","frameHeight":200,"x":1},{"y":393,"frameX":-21,"frameY":-3,"width":158,"frameWidth":200,"height":194,"name":"0005","frameHeight":200,"x":743},{"y":657,"frameX":-85,"frameY":-3,"width":30,"frameWidth":200,"height":194,"name":"0034","frameHeight":200,"x":1210},{"y":785,"frameX":-80,"frameY":-3,"width":40,"frameWidth":200,"height":194,"name":"0012","frameHeight":200,"x":1094},{"y":1,"frameX":-3,"frameY":-3,"width":194,"frameWidth":200,"height":194,"name":"0022","frameHeight":200,"x":1},{"y":785,"frameX":-15,"frameY":-3,"width":171,"frameWidth":200,"height":194,"name":"0004","frameHeight":200,"x":563},{"y":589,"frameX":-50,"frameY":-3,"width":100,"frameWidth":200,"height":194,"name":"0037","frameHeight":200,"x":1037},{"y":785,"frameX":-25,"frameY":-3,"width":150,"frameWidth":200,"height":194,"name":"0028","frameHeight":200,"x":888},{"y":197,"frameX":-39,"frameY":-3,"width":122,"frameWidth":200,"height":194,"name":"0038","frameHeight":200,"x":1025},{"y":393,"frameX":-50,"frameY":-3,"width":100,"frameWidth":200,"height":194,"name":"0008","frameHeight":200,"x":1254},{"y":197,"frameX":-35,"frameY":-3,"width":131,"frameWidth":200,"height":194,"name":"0029","frameHeight":200,"x":759},{"y":393,"frameX":-44,"frameY":-3,"width":111,"frameWidth":200,"height":194,"name":"0015","frameHeight":200,"x":1141},{"y":197,"frameX":-9,"frameY":-3,"width":182,"frameWidth":200,"height":194,"name":"0003","frameHeight":200,"x":575},{"y":589,"frameX":-21,"frameY":-3,"width":158,"frameWidth":200,"height":194,"name":"0040","frameHeight":200,"x":735},{"y":393,"frameX":-18,"frameY":-3,"width":164,"frameWidth":200,"height":194,"name":"0018","frameHeight":200,"x":577},{"y":1,"frameX":-62,"frameY":-3,"width":76,"frameWidth":200,"height":194,"name":"0036","frameHeight":200,"x":1215},{"y":197,"frameX":-4,"frameY":-3,"width":192,"frameWidth":200,"height":194,"name":"0021","frameHeight":200,"x":197},{"y":1,"frameX":-30,"frameY":-3,"width":140,"frameWidth":200,"height":194,"name":"0006","frameHeight":200,"x":759},{"y":785,"frameX":-4,"frameY":-3,"width":192,"frameWidth":200,"height":194,"name":"0001","frameHeight":200,"x":195},{"y":1,"frameX":-56,"frameY":-3,"width":88,"frameWidth":200,"height":194,"name":"0014","frameHeight":200,"x":1035},{"y":785,"frameX":-4,"frameY":-3,"width":192,"frameWidth":200,"height":194,"name":"0044","frameHeight":200,"x":1},{"y":197,"frameX":-9,"frameY":-3,"width":182,"frameWidth":200,"height":194,"name":"0042","frameHeight":200,"x":391},{"y":393,"frameX":-7,"frameY":-3,"width":186,"frameWidth":200,"height":194,"name":"0025","frameHeight":200,"x":389},{"y":1,"frameX":-4,"frameY":-3,"width":192,"frameWidth":200,"height":194,"name":"0024","frameHeight":200,"x":197},{"y":1,"frameX":-74,"frameY":-3,"width":52,"frameWidth":200,"height":194,"name":"0010","frameHeight":200,"x":1359},{"y":785,"frameX":-25,"frameY":-3,"width":150,"frameWidth":200,"height":194,"name":"0017","frameHeight":200,"x":736},{"y":1,"frameX":-56,"frameY":-3,"width":88,"frameWidth":200,"height":194,"name":"0031","frameHeight":200,"x":1125},{"y":393,"frameX":-3,"frameY":-3,"width":194,"frameWidth":200,"height":194,"name":"0023","frameHeight":200,"x":1},{"y":785,"frameX":-14,"frameY":-3,"width":172,"frameWidth":200,"height":194,"name":"0041","frameHeight":200,"x":389},{"y":785,"frameX":-74,"frameY":-3,"width":52,"frameWidth":200,"height":194,"name":"0035","frameHeight":200,"x":1040},{"y":393,"frameX":-39,"frameY":-3,"width":122,"frameWidth":200,"height":194,"name":"0007","frameHeight":200,"x":903},{"y":657,"frameX":-85,"frameY":-3,"width":30,"frameWidth":200,"height":194,"name":"0011","frameHeight":200,"x":1178},{"y":197,"frameX":-3,"frameY":-3,"width":194,"frameWidth":200,"height":194,"name":"0045","frameHeight":200,"x":1},{"y":785,"frameX":-80,"frameY":-3,"width":40,"frameWidth":200,"height":194,"name":"0033","frameHeight":200,"x":1136},{"y":197,"frameX":-68,"frameY":-3,"width":64,"frameWidth":200,"height":194,"name":"0032","frameHeight":200,"x":1341},{"y":1,"frameX":-7,"frameY":-3,"width":186,"frameWidth":200,"height":194,"name":"0020","frameHeight":200,"x":391},{"y":393,"frameX":-5,"frameY":-3,"width":190,"frameWidth":200,"height":194,"name":"0002","frameHeight":200,"x":197}]}