{"width":512,"SubTexture":[{"frameWidth":132,"y":1,"frameHeight":132,"width":130,"frameX":-1,"height":130,"name":"d_lobby_avatar_selection_circle","frameY":-1,"x":1},{"frameWidth":31,"y":1,"frameHeight":30,"width":29,"frameX":-1,"height":28,"name":"d_lobby_avatar_selection_dot","frameY":-1,"x":161},{"frameWidth":13,"y":177,"frameHeight":10,"width":11,"frameX":-1,"height":8,"name":"d_lobby_avatar_selection_confirm","frameY":-1,"x":259},{"width":46,"y":193,"height":46,"name":"d_lobby_betrecord_icon_prev_arror_back and forward_circle_hover","x":260},{"frameWidth":48,"y":193,"frameHeight":48,"width":46,"frameX":-1,"height":46,"name":"d_lobby_betrecord_icon_prev_arror_back and forward_circle","frameY":-1,"x":308},{"frameWidth":13,"y":171,"frameHeight":22,"width":11,"frameX":-1,"height":20,"name":"d_lobby_betrecord_icon_prev_arror","frameY":-1,"x":181},{"width":50,"y":193,"height":50,"name":"_Hover_Circle","x":208},{"width":27,"y":164,"height":27,"name":"d_lobby_betrecord_icon_search","x":273},{"width":36,"y":133,"height":36,"name":"goodroad_plus_btn","x":159},{"frameWidth":46,"y":133,"frameHeight":46,"width":44,"frameX":-1,"height":44,"name":"d_lobby_goodroad_panel_addroad_btn_BG","frameY":-1,"x":113},{"width":25,"y":36,"height":31,"name":"d_lobby_goodroad_panel_addroad_btn_clear","x":133},{"frameWidth":95,"y":193,"frameHeight":46,"width":93,"frameX":-1,"height":44,"name":"d_lobby_goodroad_panel_addroad_btn_confirm_BG_Blue","frameY":-1,"x":1},{"width":21,"y":239,"height":16,"name":"d_lobby_goodroad_panel_addroad_btn_confirm","x":1},{"frameWidth":26,"y":31,"frameHeight":31,"width":24,"frameX":-1,"height":29,"name":"d_lobby_goodroad_panel_addroad_btn_undo","frameY":-1,"x":191},{"frameWidth":30,"y":27,"frameHeight":30,"width":22,"frameX":-4,"height":22,"name":"goodroad_select_square","frameY":-4,"x":217},{"width":20,"y":171,"height":19,"name":"goodroad_select_tick","x":159},{"frameWidth":40,"y":133,"frameHeight":37,"width":32,"frameX":-4,"height":29,"name":"d_lobby_panel_gamelist_goodroad","frameY":-4,"x":273},{"frameWidth":62,"y":193,"frameHeight":66,"width":54,"frameX":-4,"height":58,"name":"d_lobby_panel_betcontrol_btn_close_bg","frameY":-4,"x":152},{"frameWidth":27,"y":25,"frameHeight":27,"width":19,"frameX":-4,"height":19,"name":"d_lobby_panel_betcontrol_btn_close","frameY":-4,"x":241},{"frameWidth":118,"y":133,"frameHeight":66,"width":110,"frameX":-4,"height":58,"name":"d_lobby_panel_betcontrol_btn_confirm_bg","frameY":-4,"x":1},{"width":40,"y":133,"height":31,"name":"d_lobby_panel_betcontrol_btn_confirm","x":197},{"frameWidth":62,"y":193,"frameHeight":66,"width":54,"frameX":-4,"height":58,"name":"d_lobby_panel_betcontrol_btn_undo_bg","frameY":-4,"x":96},{"frameWidth":32,"y":61,"frameHeight":34,"width":24,"frameX":-4,"height":26,"name":"d_lobby_panel_betcontrol_btn_undo","frameY":-4,"x":160},{"frameWidth":15,"y":245,"frameHeight":16,"width":7,"frameX":-4,"height":8,"name":"d_lobby_panel_gamelist_allgames_square9","frameY":-4,"x":217},{"frameWidth":16,"y":245,"frameHeight":16,"width":8,"frameX":-4,"height":8,"name":"d_lobby_panel_gamelist_allgames_square8","frameY":-4,"x":60},{"frameWidth":15,"y":245,"frameHeight":15,"width":7,"frameX":-4,"height":7,"name":"d_lobby_panel_gamelist_allgames_square7","frameY":-4,"x":235},{"frameWidth":16,"y":245,"frameHeight":15,"width":8,"frameX":-4,"height":7,"name":"d_lobby_panel_gamelist_allgames_square6","frameY":-4,"x":70},{"frameWidth":15,"y":241,"frameHeight":15,"width":7,"frameX":-4,"height":7,"name":"d_lobby_panel_gamelist_allgames_square5","frameY":-4,"x":267},{"frameWidth":15,"y":245,"frameHeight":16,"width":7,"frameX":-4,"height":8,"name":"d_lobby_panel_gamelist_allgames_square4","frameY":-4,"x":208},{"frameWidth":15,"y":245,"frameHeight":15,"width":7,"frameX":-4,"height":7,"name":"d_lobby_panel_gamelist_allgames_square3","frameY":-4,"x":226},{"frameWidth":16,"y":245,"frameHeight":15,"width":8,"frameX":-4,"height":7,"name":"d_lobby_panel_gamelist_allgames_square2","frameY":-4,"x":80},{"frameWidth":15,"y":245,"frameHeight":15,"width":7,"frameX":-4,"height":7,"name":"d_lobby_panel_gamelist_allgames_square1","frameY":-4,"x":244},{"frameWidth":19,"y":179,"frameHeight":16,"width":11,"frameX":-4,"height":8,"name":"d_lobby_panel_gamelist_betted_circle6","frameY":-4,"x":126},{"frameWidth":19,"y":167,"frameHeight":16,"width":11,"frameX":-4,"height":8,"name":"d_lobby_panel_gamelist_betted_circle5","frameY":-4,"x":259},{"frameWidth":26,"y":1,"frameHeight":26,"width":18,"frameX":-4,"height":18,"name":"d_lobby_panel_gamelist_betted_circle","frameY":-4,"x":242},{"frameWidth":13,"y":241,"frameHeight":20,"width":5,"frameX":-4,"height":12,"name":"d_lobby_panel_gamelist_betted_circle4","frameY":-4,"x":260},{"frameWidth":13,"y":179,"frameHeight":20,"width":5,"frameX":-4,"height":12,"name":"d_lobby_panel_gamelist_betted_circle3","frameY":-4,"x":152},{"frameWidth":19,"y":179,"frameHeight":16,"width":11,"frameX":-4,"height":8,"name":"d_lobby_panel_gamelist_betted_circle2","frameY":-4,"x":113},{"frameWidth":19,"y":179,"frameHeight":16,"width":11,"frameX":-4,"height":8,"name":"d_lobby_panel_gamelist_betted_circle1","frameY":-4,"x":139},{"width":30,"y":133,"height":29,"name":"d_lobby_panel_setting_icon_goodroad_setting_2","x":307},{"width":24,"y":1,"height":24,"name":"d_lobby_panel_setting_icon_goodroad_setting_1","x":192},{"width":28,"y":31,"height":28,"name":"d_lobby_panel_setting_icon_logout_1","x":161},{"width":16,"y":239,"height":14,"name":"d_lobby_panel_setting_icon_logout_2","x":42},{"frameWidth":31,"y":166,"frameHeight":26,"width":29,"frameX":-1,"height":24,"name":"d_lobby_panel_setting_icon_playerreport_11","frameY":-1,"x":197},{"frameWidth":5,"y":61,"frameHeight":5,"width":3,"frameX":-1,"height":3,"name":"d_lobby_panel_setting_icon_playerreport_10","frameY":-1,"x":186},{"frameWidth":5,"y":250,"frameHeight":5,"width":3,"frameX":-1,"height":3,"name":"d_lobby_panel_setting_icon_playerreport_9","frameY":-1,"x":272},{"frameWidth":5,"y":241,"frameHeight":5,"width":3,"frameX":-1,"height":3,"name":"d_lobby_panel_setting_icon_playerreport_8","frameY":-1,"x":276},{"frameWidth":5,"y":250,"frameHeight":5,"width":3,"frameX":-1,"height":3,"name":"d_lobby_panel_setting_icon_playerreport_7","frameY":-1,"x":267},{"frameWidth":5,"y":250,"frameHeight":5,"width":3,"frameX":-1,"height":3,"name":"d_lobby_panel_setting_icon_playerreport_6","frameY":-1,"x":90},{"frameWidth":5,"y":245,"frameHeight":5,"width":3,"frameX":-1,"height":3,"name":"d_lobby_panel_setting_icon_playerreport_5","frameY":-1,"x":253},{"frameWidth":5,"y":187,"frameHeight":5,"width":3,"frameX":-1,"height":3,"name":"d_lobby_panel_setting_icon_playerreport_4","frameY":-1,"x":264},{"frameWidth":5,"y":187,"frameHeight":5,"width":3,"frameX":-1,"height":3,"name":"d_lobby_panel_setting_icon_playerreport_3","frameY":-1,"x":259},{"frameWidth":5,"y":250,"frameHeight":5,"width":3,"frameX":-1,"height":3,"name":"d_lobby_panel_setting_icon_playerreport_2","frameY":-1,"x":253},{"frameWidth":5,"y":245,"frameHeight":5,"width":3,"frameX":-1,"height":3,"name":"d_lobby_panel_setting_icon_playerreport_1","frameY":-1,"x":90},{"width":32,"y":133,"height":32,"name":"d_lobby_panel_setting_icon_setting","x":239},{"width":30,"y":1,"height":29,"name":"d_lobby_setting_playinfo_icon_edit_2","x":339},{"width":24,"y":69,"height":24,"name":"d_lobby_setting_playinfo_icon_edit_1","x":133},{"frameWidth":30,"y":1,"frameHeight":30,"width":22,"frameX":-4,"height":22,"name":"d_lobby_setting_playinfo_icon_refresh","frameY":-4,"x":218},{"width":23,"y":164,"height":23,"name":"d_lobby_viewmode_icon_general","x":327},{"width":23,"y":164,"height":23,"name":"d_lobby_viewmode_icon_pro","x":302},{"width":29,"y":167,"height":23,"name":"d_lobby_viewmode_icon_tiny","x":228},{"width":26,"y":1,"height":33,"name":"d_lobby_panel_setting_icon_betrecord_1","x":133},{"width":16,"y":239,"height":4,"name":"d_lobby_panel_setting_icon_betrecord_2","x":60},{"width":16,"y":239,"height":4,"name":"d_lobby_panel_setting_icon_betrecord_3","x":78},{"frameWidth":18,"y":239,"frameHeight":17,"width":16,"frameX":-1,"height":15,"name":"d_lobby_panel_setting_icon_betrecord_4","frameY":-1,"x":24}],"height":256,"name":"Lobby","imagePath":"Lobby_tex.png"}