{"width":512,"SubTexture":[{"width":132,"y":1,"height":132,"name":"d_lobby_avatar_selection_circle","x":1},{"width":31,"y":203,"height":30,"name":"d_lobby_avatar_selection_dot","x":400},{"width":13,"y":239,"height":10,"name":"d_lobby_avatar_selection_confirm","x":385},{"width":48,"y":203,"height":48,"name":"d_lobby_betrecord_icon_prev_arror_back and forward_circle","x":98},{"width":13,"y":188,"height":22,"name":"d_lobby_betrecord_icon_prev_arror","x":493},{"width":27,"y":130,"height":27,"name":"d_lobby_betrecord_icon_search","x":465},{"width":36,"y":203,"height":36,"name":"goodroad_plus_btn","x":286},{"width":46,"y":203,"height":46,"name":"d_lobby_goodroad_panel_addroad_btn_BG","x":148},{"width":25,"y":97,"height":31,"name":"d_lobby_goodroad_panel_addroad_btn_clear","x":465},{"width":95,"y":203,"height":46,"name":"d_lobby_goodroad_panel_addroad_btn_confirm_BG_Blue","x":1},{"width":21,"y":235,"height":16,"name":"d_lobby_goodroad_panel_addroad_btn_confirm","x":400},{"width":46,"y":203,"height":46,"name":"d_lobby_betrecord_icon_prev_arror_back and forward_circle_hover","x":196},{"width":26,"y":64,"height":31,"name":"d_lobby_goodroad_panel_addroad_btn_undo","x":465},{"width":30,"y":1,"height":30,"name":"goodroad_select_square","x":465},{"width":20,"y":236,"height":19,"name":"goodroad_select_tick","x":324},{"width":40,"y":203,"height":37,"name":"d_lobby_panel_gamelist_goodroad","x":244},{"width":62,"y":1,"height":66,"name":"d_lobby_panel_betcontrol_btn_close_bg","x":135},{"width":27,"y":159,"height":27,"name":"d_lobby_panel_betcontrol_btn_close","x":465},{"width":118,"y":135,"height":66,"name":"d_lobby_panel_betcontrol_btn_confirm_bg","x":1},{"width":40,"y":203,"height":31,"name":"d_lobby_panel_betcontrol_btn_confirm","x":324},{"width":62,"y":135,"height":66,"name":"d_lobby_panel_betcontrol_btn_undo_bg","x":121},{"width":32,"y":203,"height":34,"name":"d_lobby_panel_betcontrol_btn_undo","x":366},{"width":15,"y":234,"height":16,"name":"d_lobby_panel_gamelist_allgames_square9","x":496},{"width":16,"y":239,"height":16,"name":"d_lobby_panel_gamelist_allgames_square8","x":367},{"width":15,"y":167,"height":15,"name":"d_lobby_panel_gamelist_allgames_square7","x":494},{"width":16,"y":150,"height":15,"name":"d_lobby_panel_gamelist_allgames_square6","x":494},{"width":15,"y":86,"height":15,"name":"d_lobby_panel_gamelist_allgames_square5","x":185},{"width":15,"y":132,"height":16,"name":"d_lobby_panel_gamelist_allgames_square4","x":494},{"width":15,"y":69,"height":15,"name":"d_lobby_panel_gamelist_allgames_square3","x":161},{"width":16,"y":115,"height":15,"name":"d_lobby_panel_gamelist_allgames_square2","x":494},{"width":15,"y":69,"height":15,"name":"d_lobby_panel_gamelist_allgames_square1","x":178},{"width":19,"y":239,"height":16,"name":"d_lobby_panel_gamelist_betted_circle6","x":346},{"width":19,"y":97,"height":16,"name":"d_lobby_panel_gamelist_betted_circle5","x":492},{"width":26,"y":188,"height":26,"name":"d_lobby_panel_gamelist_betted_circle","x":465},{"width":13,"y":64,"height":20,"name":"d_lobby_panel_gamelist_betted_circle4","x":493},{"width":13,"y":212,"height":20,"name":"d_lobby_panel_gamelist_betted_circle3","x":496},{"width":19,"y":235,"height":16,"name":"d_lobby_panel_gamelist_betted_circle2","x":444},{"width":19,"y":235,"height":16,"name":"d_lobby_panel_gamelist_betted_circle1","x":423},{"width":30,"y":33,"height":29,"name":"d_lobby_setting_playinfo_icon_edit_2","x":465},{"width":24,"y":69,"height":24,"name":"d_lobby_setting_playinfo_icon_edit_1","x":135},{"width":30,"y":203,"height":30,"name":"d_lobby_setting_playinfo_icon_refresh","x":433},{"width":23,"y":95,"height":23,"name":"d_lobby_viewmode_icon_general","x":160},{"width":23,"y":95,"height":23,"name":"d_lobby_viewmode_icon_pro","x":135},{"width":29,"y":216,"height":23,"name":"d_lobby_viewmode_icon_tiny","x":465}],"height":256,"name":"Lobby","imagePath":"Lobby_tex.png"}