{"frameRate":30,"name":"roulette_game_result","version":"5.5","compatibleVersion":"5.5","armature":[{"type":"Armature","frameRate":30,"name":"result","aabb":{"x":-280.5,"y":-188.58,"width":561,"height":369.47},"bone":[{"name":"root"},{"name":"roulette_game_result","parent":"root"},{"name":"top_group","parent":"roulette_game_result","transform":{"y":-46.61}},{"name":"Bottom_group","parent":"roulette_game_result","transform":{"y":134.89}},{"length":300,"name":"bone3","parent":"roulette_game_result","transform":{"y":418.55,"skX":-90,"skY":-90}},{"name":"credit","parent":"Bottom_group"},{"name":"middle_group","parent":"top_group"},{"name":"tag","parent":"Bottom_group"},{"length":300,"name":"bone5","parent":"bone3","transform":{"skX":6,"skY":6}},{"length":200,"name":"L_group","parent":"top_group","transform":{"y":465.16,"skX":-109.18,"skY":-109.18}},{"length":200,"name":"R_group","parent":"top_group","transform":{"y":465.16,"skX":-70.37,"skY":-70.37}},{"length":300,"name":"bone2","parent":"bone3","transform":{"skX":-6,"skY":-6}},{"length":150,"name":"result_r_rotate","parent":"R_group","transform":{"x":23,"y":-8.2}},{"length":300,"name":"middle_group_rotate","parent":"middle_group","transform":{"y":465.16,"skX":-90,"skY":-90}},{"length":300,"name":"bone4","parent":"bone2","transform":{"skX":-6,"skY":-6}},{"length":300,"name":"bone6","parent":"bone5","transform":{"skX":6,"skY":6}},{"length":150,"name":"result_l_rotate","parent":"L_group","transform":{"x":23.06,"y":8.02}},{"name":"result_r","parent":"result_r_rotate","transform":{"x":447.56,"y":8.2}},{"length":48,"name":"graphic_01","parent":"middle_group_rotate","transform":{"x":512.97,"skX":-0.11,"skY":-0.11}},{"name":"result_l","parent":"result_l_rotate","transform":{"x":447.49,"y":-8.02}},{"length":150,"name":"result_middle_rotate","parent":"middle_group_rotate","transform":{"skX":0.23,"skY":0.23}},{"name":"textutre_01","parent":"middle_group_rotate","transform":{"x":392.52,"skX":90.23,"skY":90.23}},{"name":"textutre_03","parent":"middle_group_rotate","transform":{"x":392.52,"skX":90.23,"skY":90.23}},{"name":"textutre_02","parent":"middle_group_rotate","transform":{"x":392.52,"skX":90.23,"skY":90.23}},{"name":"textutre_04","parent":"middle_group_rotate","transform":{"x":392.52,"skX":90.23,"skY":90.23}},{"name":"result_middle","parent":"result_middle_rotate","transform":{"x":476.66,"y":-1.9}},{"length":48,"name":"graphic_02","parent":"graphic_01"},{"length":48,"name":"graphic_03","parent":"graphic_02"}],"slot":[{"name":"flare","parent":"roulette_game_result","color":{"aM":55,"rM":94,"gM":75,"bM":35}},{"name":"R_bg","parent":"R_group"},{"name":"line_right","parent":"R_group"},{"name":"L_bg","parent":"L_group"},{"name":"result_l","parent":"result_l"},{"name":"result_r","parent":"result_r"},{"name":"line_left","parent":"L_group"},{"name":"graphic_03","parent":"graphic_03"},{"name":"graphic_02","parent":"graphic_02"},{"name":"graphic_01","parent":"graphic_01"},{"name":"tag","parent":"tag"},{"displayIndex":2,"name":"middle_bg","parent":"middle_group_rotate"},{"name":"square","parent":"middle_group_rotate"},{"name":"textutre_01","parent":"textutre_01"},{"name":"textutre_02","parent":"textutre_02"},{"name":"textutre_03","parent":"textutre_03"},{"name":"textutre_04","parent":"textutre_04"},{"name":"credit","parent":"credit"},{"name":"result_middle","parent":"result_middle"}],"skin":[{"slot":[{"name":"textutre_02","display":[{"name":"textutre_02","transform":{"x":3.05,"y":-28.14}}]},{"name":"result_middle","display":[{"name":"middle_txt","transform":{"x":-1.5,"y":1.05,"skX":90,"skY":90}}]},{"name":"R_bg","display":[{"name":"R_bg_black","transform":{"x":468.69,"y":-18.46,"skX":70.37,"skY":70.37}},{"name":"R_bg_green","transform":{"x":468.69,"y":-18.46,"skX":70.37,"skY":70.37}},{"name":"R_bg_red","transform":{"x":468.69,"y":-18.46,"skX":70.37,"skY":70.37}}]},{"name":"textutre_03","display":[{"name":"textutre_03","transform":{"x":0.55,"y":-40.14}}]},{"name":"line_left","display":[{"name":"line_left","transform":{"x":466.04,"y":19.8,"skX":109.18,"skY":109.18}}]},{"name":"textutre_01","display":[{"name":"textutre_01","transform":{"x":2.05,"y":-20.14}}]},{"name":"result_r","display":[{"name":"L_txt","transform":{"x":-0.17,"y":1.2,"skX":90,"skY":90}}]},{"name":"graphic_02","display":[{"name":"graphic_02","transform":{"x":33.68,"y":1.25,"skX":90.34,"skY":90.34}}]},{"name":"middle_bg","display":[{"type":"mesh","name":"bg_black","width":245,"height":196,"vertices":[98.04,36.72,56.16,31.58,20.7,30.3,0.89,51.9,-18.43,33.15,-50.41,30.87,-97.66,38,-122.5,-128.22,-78.29,-136.99,-37.4,-140.94,0.31,-142.68,35.32,-141.49,78.83,-137.78,122.16,-129.88],"uvs":[0.90016,0.92254,0.72922,0.89633,0.58449,0.88982,0.50363,0.99999,0.4248,0.90436,0.29425,0.89267,0.10141,0.92909,0,0.08104,0.18047,0.03628,0.34736,0.01612,0.50129,0.00726,0.64416,0.0133,0.82179,0.03225,0.99862,0.07256],"triangles":[11,2,1,11,1,12,1,0,13,12,1,13,10,2,11,10,4,2,9,5,4,9,4,10,8,5,9,4,3,2,8,7,5,7,6,5],"weights":[1,15,1,1,8,1,2,4,0.9,8,0.1,1,4,1,2,4,0.9,11,0.1,1,11,1,1,14,1,1,14,1,1,11,1,2,4,0.9,11,0.1,1,4,1,2,4,0.9,8,0.1,1,8,1,1,15,1],"slotPose":[1,0,0,1,0,0],"bonePose":[15,0.207912,-0.978148,0.978148,0.207912,0,418.55,8,0.104528,-0.994522,0.994522,0.104528,0,418.55,4,0,-1,1,0,0,418.55,11,-0.104528,-0.994522,0.994522,-0.104528,0,418.55,14,-0.207912,-0.978148,0.978148,-0.207912,0,418.55],"edges":[7,6,6,5,5,4,4,3,3,2,2,1,1,0,0,13,13,12,12,11,11,10,10,9,9,8,8,7],"userEdges":[]},{"type":"mesh","name":"bg_green","width":245,"height":196,"vertices":[98.17,36.75,56.05,31.51,20.7,30.1,0.82,51.9,-18.45,33.18,-50.55,30.89,-97.72,37.86,-122.52,-128.17,-78.15,-136.98,-37.39,-140.9,0.17,-142.66,35.2,-141.38,78.7,-137.7,122.07,-129.94],"uvs":[0.90076,0.9227,0.72889,0.89598,0.58461,0.88879,0.50343,0.99999,0.42479,0.90448,0.29377,0.89283,0.10126,0.92835,0,0.08125,0.18114,0.03631,0.34749,0.01631,0.50079,0.00735,0.64379,0.01389,0.82131,0.03267,0.99835,0.07226],"triangles":[11,2,1,11,1,12,1,0,13,12,1,13,10,2,11,10,4,2,9,5,4,9,4,10,8,5,9,4,3,2,8,7,5,7,6,5],"weights":[1,15,1,1,8,1,2,4,0.9,8,0.1,1,4,1,2,4,0.9,11,0.1,1,11,1,1,14,1,1,14,1,1,11,1,2,4,0.9,11,0.1,1,4,1,2,4,0.9,8,0.1,1,8,1,1,15,1],"slotPose":[1,0,0,1,0,0],"bonePose":[15,0.207912,-0.978148,0.978148,0.207912,0,418.55,8,0.104528,-0.994522,0.994522,0.104528,0,418.55,4,0,-1,1,0,0,418.55,11,-0.104528,-0.994522,0.994522,-0.104528,0,418.55,14,-0.207912,-0.978148,0.978148,-0.207912,0,418.55],"edges":[7,6,6,5,5,4,4,3,3,2,2,1,1,0,0,13,13,12,12,11,11,10,10,9,9,8,8,7],"userEdges":[]},{"type":"mesh","name":"bg_red","width":245,"height":196,"vertices":[97.75,37.09,55.78,31.77,20.36,30.32,0.48,51.9,-18.74,33.07,-50.7,30.67,-97.99,37.63,-122.18,-128.66,-77.86,-137.35,-36.99,-141.04,0.67,-142.65,35.61,-141.32,79.11,-137.42,122.44,-129.45],"uvs":[0.89924,0.92443,0.72799,0.89729,0.58338,0.88988,0.50225,0.99999,0.42379,0.90392,0.29331,0.89169,0.10031,0.92721,0.00157,0.07885,0.18243,0.03447,0.34927,0.01561,0.503,0.0074,0.64561,0.0142,0.82314,0.03408,1,0.07474],"triangles":[11,2,1,11,1,12,1,0,13,12,1,13,10,2,11,10,4,2,9,5,4,9,4,10,8,5,9,4,3,2,8,7,5,7,6,5],"weights":[1,15,1,1,8,1,2,4,0.9,8,0.1,1,4,1,2,4,0.9,11,0.1,1,11,1,1,14,1,1,14,1,1,11,1,2,4,0.9,11,0.1,1,4,1,2,4,0.9,8,0.1,1,8,1,1,15,1],"slotPose":[1,0,0,1,0,0],"bonePose":[15,0.207912,-0.978148,0.978148,0.207912,0,418.55,8,0.104528,-0.994522,0.994522,0.104528,0,418.55,4,0,-1,1,0,0,418.55,11,-0.104528,-0.994522,0.994522,-0.104528,0,418.55,14,-0.207912,-0.978148,0.978148,-0.207912,0,418.55],"edges":[7,6,6,5,5,4,4,3,3,2,2,1,1,0,0,13,13,12,12,11,11,10,10,9,9,8,8,7],"userEdges":[]}]},{"name":"graphic_03","display":[{"name":"graphic_03","transform":{"x":26.68,"y":1.21,"skX":90.34,"skY":90.34}}]},{"name":"line_right","display":[{"name":"line_right","transform":{"x":465.74,"y":-23.78,"skX":70.37,"skY":70.37}}]},{"name":"credit","display":[{"name":"-800","transform":{"x":0.55,"y":7.5}}]},{"name":"textutre_04","display":[{"type":"mesh","name":"textutre_04","width":225,"height":161,"vertices":[113.05,-6.14,-111.95,-6.14,-111.95,-167.14,113.05,-167.14],"uvs":[1,1,0,1,0,0,1,0],"triangles":[1,0,3,2,1,3],"edges":[1,0,0,3,3,2,2,1],"userEdges":[]}]},{"name":"flare","display":[{"name":"flare","transform":{"y":-32.08}}]},{"name":"tag","display":[{"name":"tag","transform":{"x":11.05}}]},{"name":"graphic_01","display":[{"name":"graphic_01","transform":{"x":44.18,"y":1.31,"skX":90.34,"skY":90.34}}]},{"name":"square","display":[{"name":"square","transform":{"x":395.16,"skX":90.23,"skY":90.23}}]},{"name":"result_l","display":[{"name":"L_txt","transform":{"x":-0.17,"y":1.2,"skX":90,"skY":90}}]},{"name":"L_bg","display":[{"name":"L_bg_black","transform":{"x":468.63,"y":15.41,"skX":109.18,"skY":109.18}},{"name":"L_bg_green","transform":{"x":468.63,"y":15.41,"skX":109.18,"skY":109.18}},{"name":"L_bg_red","transform":{"x":468.63,"y":15.41,"skX":109.18,"skY":109.18}}]}]}],"animation":[{"duration":115,"name":"ani_result_no_bets_bgr","bone":[{"name":"middle_group_rotate","translateFrame":[{"duration":10,"curve":[0.196,0.75,0.75,1],"y":77.59},{"duration":95},{"duration":10,"curve":[0.574,0.01,0.993,0.49]},{"duration":0,"y":77.59}]},{"name":"result_middle_rotate","rotateFrame":[{"duration":30,"rotate":-7.42},{"duration":10,"curve":[0.491,0.18,0.377,1],"rotate":-7.42},{"duration":5,"curve":[0.25,0,0.75,1],"rotate":1},{"duration":30},{"duration":15,"curve":[0.989,0.04,0.75,1]},{"duration":25,"rotate":6.95}]},{"name":"graphic_03","translateFrame":[{"duration":20,"x":-28.85},{"duration":10,"curve":[0.25,0,0.75,1],"x":-28.85},{"duration":60},{"duration":10,"curve":[0.25,0,0.75,1]},{"duration":15,"x":-28.85}]},{"name":"graphic_02","translateFrame":[{"duration":20,"x":-43.15},{"duration":10,"curve":[0.25,0,0.75,1],"x":-43.15},{"duration":60},{"duration":10,"curve":[0.25,0,0.75,1]},{"duration":15,"x":-43.15}]},{"name":"graphic_01","translateFrame":[{"duration":20,"x":-43.15},{"duration":10,"curve":[0.25,0,0.75,1],"x":-43.15},{"duration":60},{"duration":10,"curve":[0.25,0,0.75,1]},{"duration":15,"x":-43.15}]},{"name":"textutre_01","scaleFrame":[{"duration":5,"x":0,"y":0},{"duration":5,"curve":[0.25,0,0.75,1],"x":0,"y":0},{"duration":92},{"duration":8,"curve":[0.25,0,0.75,1]},{"duration":5,"x":0,"y":0}]},{"name":"textutre_02","scaleFrame":[{"duration":6,"x":0.3,"y":0.3},{"duration":7,"curve":[0.25,0,0.75,1],"x":0.3,"y":0.3},{"duration":87},{"duration":5,"curve":[0.25,0,0.75,1]},{"duration":10,"x":0.3,"y":0.3}]},{"name":"textutre_03","scaleFrame":[{"duration":9,"x":0.6,"y":0.6},{"duration":9,"curve":[0.25,0,0.75,1],"x":0.6,"y":0.6},{"duration":78},{"duration":7,"curve":[0.25,0,0.75,1]},{"duration":12,"x":0.6,"y":0.6}]},{"name":"textutre_04","translateFrame":[{"duration":14,"x":-9.48},{"duration":11,"curve":[0.25,0,0.75,1],"x":-9.48},{"duration":65},{"duration":10,"curve":[0.25,0,0.75,1]},{"duration":15,"x":-9.48}]},{"name":"R_group","rotateFrame":[{"duration":21,"rotate":-18.63},{"duration":9,"curve":[0.25,0,0.75,1],"rotate":-18.63},{"duration":60},{"duration":10,"curve":[0.25,0,0.75,1]},{"duration":15,"rotate":-18.63}]},{"name":"L_group","rotateFrame":[{"duration":21,"rotate":18.18},{"duration":9,"curve":[0.25,0,0.75,1],"rotate":18.18},{"duration":60},{"duration":10,"curve":[0.25,0,0.75,1]},{"duration":15,"rotate":18.18}]},{"name":"result_r_rotate","rotateFrame":[{"duration":30,"rotate":-6.19},{"duration":10,"curve":[0.491,0.18,0.377,1],"rotate":-6.19},{"duration":5,"tweenEasing":0,"rotate":1.6},{"duration":30},{"duration":15,"curve":[0.989,0.04,0.75,1]},{"duration":25,"rotate":6.95}]},{"name":"result_l_rotate","rotateFrame":[{"duration":30,"rotate":-6.19},{"duration":10,"curve":[0.491,0.18,0.381,1],"rotate":-6.19},{"duration":5,"tweenEasing":0,"rotate":1.6},{"duration":30},{"duration":15,"curve":[0.989,0.04,0.75,1]},{"duration":25,"rotate":6.95}]},{"name":"bone3","scaleFrame":[{"duration":5,"curve":[0.196,0.75,0.75,1],"y":0.8},{"duration":105},{"duration":5,"curve":[0.574,0.01,0.993,0.49]},{"duration":0,"y":0.8}]},{"name":"bone6","rotateFrame":[{"duration":15,"curve":[0.196,0.75,0.75,1],"rotate":-8},{"duration":85},{"duration":15,"curve":[0.574,0.01,0.984,0.04]},{"duration":0,"rotate":-6}]},{"name":"bone5","rotateFrame":[{"duration":15,"curve":[0.196,0.75,0.75,1],"rotate":-4},{"duration":85},{"duration":15,"curve":[0.574,0.01,0.984,0.04]},{"duration":0,"rotate":-6}]},{"name":"bone4","rotateFrame":[{"duration":15,"curve":[0.196,0.75,0.75,1],"rotate":6},{"duration":85},{"duration":15,"curve":[0.574,0.01,0.984,0.04]},{"duration":0,"rotate":6}]},{"name":"bone2","rotateFrame":[{"duration":15,"curve":[0.196,0.75,0.75,1],"rotate":6},{"duration":85},{"duration":15,"curve":[0.574,0.01,0.984,0.04]},{"duration":0,"rotate":6}]}],"slot":[{"name":"credit","colorFrame":[{"duration":115,"value":{"aM":0}}]},{"name":"result_l","colorFrame":[{"duration":30,"value":{"aM":0}},{"duration":5,"curve":[0.491,0.18,0.377,1],"value":{"aM":0}},{"duration":50},{"duration":5,"curve":[0.989,0.04,0.75,1]},{"duration":25,"value":{"aM":0}}]},{"name":"L_bg","colorFrame":[{"duration":21,"value":{"aM":0}},{"duration":3,"curve":[0.25,0,0.75,1],"value":{"aM":0}},{"duration":72},{"duration":4,"curve":[0.25,0,0.75,1]},{"duration":15,"value":{"aM":0}}]},{"name":"result_middle","colorFrame":[{"duration":30,"value":{"aM":0}},{"duration":5,"curve":[0.491,0.18,0.377,1],"value":{"aM":0}},{"duration":50},{"duration":5,"curve":[0.989,0.04,0.75,1]},{"duration":25,"value":{"aM":0}}]},{"name":"result_r","colorFrame":[{"duration":30,"value":{"aM":0}},{"duration":5,"curve":[0.491,0.18,0.377,1],"value":{"aM":0}},{"duration":50},{"duration":5,"curve":[0.989,0.04,0.75,1]},{"duration":25,"value":{"aM":0}}]},{"name":"R_bg","displayFrame":[{"duration":115,"value":2}],"colorFrame":[{"duration":21,"tweenEasing":0,"value":{"aM":0}},{"duration":3,"curve":[0.25,0,0.75,1],"value":{"aM":0}},{"duration":72},{"duration":4,"curve":[0.25,0,0.75,1]},{"duration":15,"value":{"aM":0}}]},{"name":"flare","colorFrame":[{"duration":30,"value":{"aM":0,"rM":94,"gM":74,"bM":34}},{"duration":15,"curve":[0.25,0,0.75,1],"value":{"aM":0,"rM":94,"gM":74,"bM":34}},{"duration":30,"value":{"aM":54,"rM":94,"gM":74,"bM":34}},{"duration":15,"curve":[0.25,0,0.75,1],"value":{"aM":54,"rM":94,"gM":74,"bM":34}},{"duration":25,"value":{"aM":0,"rM":94,"gM":74,"bM":34}}]},{"name":"graphic_01","colorFrame":[{"duration":20,"value":{"aM":0}},{"duration":5,"curve":[0.25,0,0.75,1],"value":{"aM":0}},{"duration":70},{"duration":5,"curve":[0.25,0,0.75,1]},{"duration":15,"value":{"aM":0}}]},{"name":"graphic_02","colorFrame":[{"duration":20,"value":{"aM":0}},{"duration":5,"curve":[0.25,0,0.75,1],"value":{"aM":0}},{"duration":70},{"duration":5,"curve":[0.25,0,0.75,1]},{"duration":15,"value":{"aM":0}}]},{"name":"graphic_03","colorFrame":[{"duration":20,"value":{"aM":0}},{"duration":5,"curve":[0.25,0,0.75,1],"value":{"aM":0}},{"duration":70},{"duration":5,"curve":[0.25,0,0.75,1]},{"duration":15,"value":{"aM":0}}]},{"name":"line_left","colorFrame":[{"duration":21,"value":{"aM":0}},{"duration":3,"curve":[0.25,0,0.75,1],"value":{"aM":0}},{"duration":72},{"duration":4,"curve":[0.25,0,0.75,1]},{"duration":15,"value":{"aM":0}}]},{"name":"line_right","colorFrame":[{"duration":21,"value":{"aM":0}},{"duration":3,"curve":[0.25,0,0.75,1],"value":{"aM":0}},{"duration":72},{"duration":4,"curve":[0.25,0,0.75,1]},{"duration":15,"value":{"aM":0}}]},{"name":"middle_bg","displayFrame":[{"duration":115,"value":1}],"colorFrame":[{"duration":10,"curve":[0.098,0.375,0.875,1],"value":{"aM":0}},{"duration":95},{"duration":10,"curve":[0.574,0.01,0.993,0.49]},{"duration":0,"value":{"aM":0}}]},{"name":"square","colorFrame":[{"duration":10,"curve":[0.196,0.75,0.75,1],"value":{"aM":0}},{"duration":95},{"duration":10,"curve":[0.574,0.01,0.993,0.49]},{"duration":0,"value":{"aM":0}}]},{"name":"tag","colorFrame":[{"duration":115,"value":{"aM":0}}]},{"name":"textutre_02","colorFrame":[{"duration":6,"value":{"aM":0}},{"duration":7,"curve":[0.25,0,0.75,1],"value":{"aM":0}},{"duration":87},{"duration":5,"curve":[0.25,0,0.75,1]},{"duration":10,"value":{"aM":0}}]},{"name":"textutre_03","colorFrame":[{"duration":9,"value":{"aM":0}},{"duration":9,"curve":[0.25,0,0.75,1],"value":{"aM":0}},{"duration":78},{"duration":7,"curve":[0.25,0,0.75,1]},{"duration":12,"value":{"aM":0}}]},{"name":"textutre_04","colorFrame":[{"duration":14,"value":{"aM":0}},{"duration":11,"curve":[0.25,0,0.75,1],"value":{"aM":0}},{"duration":65},{"duration":10,"curve":[0.25,0,0.75,1]},{"duration":15,"value":{"aM":0}}]}]},{"duration":115,"name":"ani_result_no_bets_brb","bone":[{"name":"middle_group_rotate","translateFrame":[{"duration":10,"curve":[0.196,0.75,0.75,1],"y":77.59},{"duration":95},{"duration":10,"curve":[0.574,0.01,0.993,0.49]},{"duration":0,"y":77.59}]},{"name":"result_middle_rotate","rotateFrame":[{"duration":30,"rotate":-7.42},{"duration":10,"curve":[0.491,0.18,0.377,1],"rotate":-7.42},{"duration":5,"curve":[0.25,0,0.75,1],"rotate":1},{"duration":30},{"duration":15,"curve":[0.989,0.04,0.75,1]},{"duration":25,"rotate":6.95}]},{"name":"graphic_03","translateFrame":[{"duration":20,"x":-28.85},{"duration":10,"curve":[0.25,0,0.75,1],"x":-28.85},{"duration":60},{"duration":10,"curve":[0.25,0,0.75,1]},{"duration":15,"x":-28.85}]},{"name":"graphic_02","translateFrame":[{"duration":20,"x":-43.15},{"duration":10,"curve":[0.25,0,0.75,1],"x":-43.15},{"duration":60},{"duration":10,"curve":[0.25,0,0.75,1]},{"duration":15,"x":-43.15}]},{"name":"graphic_01","translateFrame":[{"duration":20,"x":-43.15},{"duration":10,"curve":[0.25,0,0.75,1],"x":-43.15},{"duration":60},{"duration":10,"curve":[0.25,0,0.75,1]},{"duration":15,"x":-43.15}]},{"name":"textutre_01","scaleFrame":[{"duration":5,"x":0,"y":0},{"duration":5,"curve":[0.25,0,0.75,1],"x":0,"y":0},{"duration":92},{"duration":8,"curve":[0.25,0,0.75,1]},{"duration":5,"x":0,"y":0}]},{"name":"textutre_02","scaleFrame":[{"duration":6,"x":0.3,"y":0.3},{"duration":7,"curve":[0.25,0,0.75,1],"x":0.3,"y":0.3},{"duration":87},{"duration":5,"curve":[0.25,0,0.75,1]},{"duration":10,"x":0.3,"y":0.3}]},{"name":"textutre_03","scaleFrame":[{"duration":9,"x":0.6,"y":0.6},{"duration":9,"curve":[0.25,0,0.75,1],"x":0.6,"y":0.6},{"duration":78},{"duration":7,"curve":[0.25,0,0.75,1]},{"duration":12,"x":0.6,"y":0.6}]},{"name":"textutre_04","translateFrame":[{"duration":14,"x":-9.48},{"duration":11,"curve":[0.25,0,0.75,1],"x":-9.48},{"duration":65},{"duration":10,"curve":[0.25,0,0.75,1]},{"duration":15,"x":-9.48}]},{"name":"R_group","rotateFrame":[{"duration":21,"rotate":-18.63},{"duration":9,"curve":[0.25,0,0.75,1],"rotate":-18.63},{"duration":60},{"duration":10,"curve":[0.25,0,0.75,1]},{"duration":15,"rotate":-18.63}]},{"name":"L_group","rotateFrame":[{"duration":21,"rotate":18.18},{"duration":9,"curve":[0.25,0,0.75,1],"rotate":18.18},{"duration":60},{"duration":10,"curve":[0.25,0,0.75,1]},{"duration":15,"rotate":18.18}]},{"name":"result_r_rotate","rotateFrame":[{"duration":30,"rotate":-6.19},{"duration":10,"curve":[0.491,0.18,0.377,1],"rotate":-6.19},{"duration":5,"tweenEasing":0,"rotate":1.6},{"duration":30},{"duration":15,"curve":[0.989,0.04,0.75,1]},{"duration":25,"rotate":6.95}]},{"name":"result_l_rotate","rotateFrame":[{"duration":30,"rotate":-6.19},{"duration":10,"curve":[0.491,0.18,0.381,1],"rotate":-6.19},{"duration":5,"tweenEasing":0,"rotate":1.6},{"duration":30},{"duration":15,"curve":[0.989,0.04,0.75,1]},{"duration":25,"rotate":6.95}]},{"name":"bone3","scaleFrame":[{"duration":5,"curve":[0.196,0.75,0.75,1],"y":0.8},{"duration":105},{"duration":5,"curve":[0.574,0.01,0.993,0.49]},{"duration":0,"y":0.8}]},{"name":"bone6","rotateFrame":[{"duration":15,"curve":[0.196,0.75,0.75,1],"rotate":-8},{"duration":85},{"duration":15,"curve":[0.574,0.01,0.984,0.04]},{"duration":0,"rotate":-6}]},{"name":"bone5","rotateFrame":[{"duration":15,"curve":[0.196,0.75,0.75,1],"rotate":-4},{"duration":85},{"duration":15,"curve":[0.574,0.01,0.984,0.04]},{"duration":0,"rotate":-6}]},{"name":"bone4","rotateFrame":[{"duration":15,"curve":[0.196,0.75,0.75,1],"rotate":6},{"duration":85},{"duration":15,"curve":[0.574,0.01,0.984,0.04]},{"duration":0,"rotate":6}]},{"name":"bone2","rotateFrame":[{"duration":15,"curve":[0.196,0.75,0.75,1],"rotate":6},{"duration":85},{"duration":15,"curve":[0.574,0.01,0.984,0.04]},{"duration":0,"rotate":6}]}],"slot":[{"name":"credit","colorFrame":[{"duration":115,"value":{"aM":0}}]},{"name":"result_l","colorFrame":[{"duration":30,"value":{"aM":0}},{"duration":5,"curve":[0.491,0.18,0.377,1],"value":{"aM":0}},{"duration":50},{"duration":5,"curve":[0.989,0.04,0.75,1]},{"duration":25,"value":{"aM":0}}]},{"name":"L_bg","colorFrame":[{"duration":21,"value":{"aM":0}},{"duration":3,"curve":[0.25,0,0.75,1],"value":{"aM":0}},{"duration":72},{"duration":4,"curve":[0.25,0,0.75,1]},{"duration":15,"value":{"aM":0}}]},{"name":"result_middle","colorFrame":[{"duration":30,"value":{"aM":0}},{"duration":5,"curve":[0.491,0.18,0.377,1],"value":{"aM":0}},{"duration":50},{"duration":5,"curve":[0.989,0.04,0.75,1]},{"duration":25,"value":{"aM":0}}]},{"name":"result_r","colorFrame":[{"duration":30,"value":{"aM":0}},{"duration":5,"curve":[0.491,0.18,0.377,1],"value":{"aM":0}},{"duration":50},{"duration":5,"curve":[0.989,0.04,0.75,1]},{"duration":25,"value":{"aM":0}}]},{"name":"R_bg","colorFrame":[{"duration":21,"value":{"aM":0}},{"duration":3,"curve":[0.25,0,0.75,1],"value":{"aM":0}},{"duration":72},{"duration":4,"curve":[0.25,0,0.75,1]},{"duration":15,"value":{"aM":0}}]},{"name":"flare","colorFrame":[{"duration":30,"value":{"aM":0,"rM":94,"gM":74,"bM":34}},{"duration":15,"curve":[0.25,0,0.75,1],"value":{"aM":0,"rM":94,"gM":74,"bM":34}},{"duration":30,"value":{"aM":54,"rM":94,"gM":74,"bM":34}},{"duration":15,"curve":[0.25,0,0.75,1],"value":{"aM":54,"rM":94,"gM":74,"bM":34}},{"duration":25,"value":{"aM":0,"rM":94,"gM":74,"bM":34}}]},{"name":"graphic_01","colorFrame":[{"duration":20,"value":{"aM":0}},{"duration":5,"curve":[0.25,0,0.75,1],"value":{"aM":0}},{"duration":70},{"duration":5,"curve":[0.25,0,0.75,1]},{"duration":15,"value":{"aM":0}}]},{"name":"graphic_02","colorFrame":[{"duration":20,"value":{"aM":0}},{"duration":5,"curve":[0.25,0,0.75,1],"value":{"aM":0}},{"duration":70},{"duration":5,"curve":[0.25,0,0.75,1]},{"duration":15,"value":{"aM":0}}]},{"name":"graphic_03","colorFrame":[{"duration":20,"value":{"aM":0}},{"duration":5,"curve":[0.25,0,0.75,1],"value":{"aM":0}},{"duration":70},{"duration":5,"curve":[0.25,0,0.75,1]},{"duration":15,"value":{"aM":0}}]},{"name":"line_left","colorFrame":[{"duration":21,"value":{"aM":0}},{"duration":3,"curve":[0.25,0,0.75,1],"value":{"aM":0}},{"duration":72},{"duration":4,"curve":[0.25,0,0.75,1]},{"duration":15,"value":{"aM":0}}]},{"name":"line_right","colorFrame":[{"duration":21,"value":{"aM":0}},{"duration":3,"curve":[0.25,0,0.75,1],"value":{"aM":0}},{"duration":72},{"duration":4,"curve":[0.25,0,0.75,1]},{"duration":15,"value":{"aM":0}}]},{"name":"middle_bg","colorFrame":[{"duration":10,"curve":[0.196,0.75,0.75,1],"value":{"aM":0}},{"duration":95},{"duration":10,"curve":[0.574,0.01,0.993,0.49]},{"duration":0,"value":{"aM":0}}]},{"name":"square","colorFrame":[{"duration":10,"curve":[0.196,0.75,0.75,1],"value":{"aM":0}},{"duration":95},{"duration":10,"curve":[0.574,0.01,0.993,0.49]},{"duration":0,"value":{"aM":0}}]},{"name":"tag","colorFrame":[{"duration":115,"value":{"aM":0}}]},{"name":"textutre_02","colorFrame":[{"duration":6,"value":{"aM":0}},{"duration":7,"curve":[0.25,0,0.75,1],"value":{"aM":0}},{"duration":87},{"duration":5,"curve":[0.25,0,0.75,1]},{"duration":10,"value":{"aM":0}}]},{"name":"textutre_03","colorFrame":[{"duration":9,"value":{"aM":0}},{"duration":9,"curve":[0.25,0,0.75,1],"value":{"aM":0}},{"duration":78},{"duration":7,"curve":[0.25,0,0.75,1]},{"duration":12,"value":{"aM":0}}]},{"name":"textutre_04","colorFrame":[{"duration":14,"value":{"aM":0}},{"duration":11,"curve":[0.25,0,0.75,1],"value":{"aM":0}},{"duration":65},{"duration":10,"curve":[0.25,0,0.75,1]},{"duration":15,"value":{"aM":0}}]}]},{"duration":115,"name":"ani_result_no_bets_grb","bone":[{"name":"middle_group_rotate","translateFrame":[{"duration":10,"curve":[0.196,0.75,0.75,1],"y":77.59},{"duration":95},{"duration":10,"curve":[0.574,0.01,0.993,0.49]},{"duration":0,"y":77.59}]},{"name":"result_middle_rotate","rotateFrame":[{"duration":30,"rotate":-7.42},{"duration":10,"curve":[0.491,0.18,0.377,1],"rotate":-7.42},{"duration":5,"curve":[0.25,0,0.75,1],"rotate":1},{"duration":30},{"duration":15,"curve":[0.989,0.04,0.75,1]},{"duration":25,"rotate":6.95}]},{"name":"graphic_03","translateFrame":[{"duration":20,"x":-28.85},{"duration":10,"curve":[0.25,0,0.75,1],"x":-28.85},{"duration":60},{"duration":10,"curve":[0.25,0,0.75,1]},{"duration":15,"x":-28.85}]},{"name":"graphic_02","translateFrame":[{"duration":20,"x":-43.15},{"duration":10,"curve":[0.25,0,0.75,1],"x":-43.15},{"duration":60},{"duration":10,"curve":[0.25,0,0.75,1]},{"duration":15,"x":-43.15}]},{"name":"graphic_01","translateFrame":[{"duration":20,"x":-43.15},{"duration":10,"curve":[0.25,0,0.75,1],"x":-43.15},{"duration":60},{"duration":10,"curve":[0.25,0,0.75,1]},{"duration":15,"x":-43.15}]},{"name":"textutre_01","scaleFrame":[{"duration":5,"x":0,"y":0},{"duration":5,"curve":[0.25,0,0.75,1],"x":0,"y":0},{"duration":92},{"duration":8,"curve":[0.25,0,0.75,1]},{"duration":5,"x":0,"y":0}]},{"name":"textutre_02","scaleFrame":[{"duration":6,"x":0.3,"y":0.3},{"duration":7,"curve":[0.25,0,0.75,1],"x":0.3,"y":0.3},{"duration":87},{"duration":5,"curve":[0.25,0,0.75,1]},{"duration":10,"x":0.3,"y":0.3}]},{"name":"textutre_03","scaleFrame":[{"duration":9,"x":0.6,"y":0.6},{"duration":9,"curve":[0.25,0,0.75,1],"x":0.6,"y":0.6},{"duration":78},{"duration":7,"curve":[0.25,0,0.75,1]},{"duration":12,"x":0.6,"y":0.6}]},{"name":"textutre_04","translateFrame":[{"duration":14,"x":-9.48},{"duration":11,"curve":[0.25,0,0.75,1],"x":-9.48},{"duration":65},{"duration":10,"curve":[0.25,0,0.75,1]},{"duration":15,"x":-9.48}]},{"name":"R_group","rotateFrame":[{"duration":21,"rotate":-18.63},{"duration":9,"curve":[0.25,0,0.75,1],"rotate":-18.63},{"duration":60},{"duration":10,"curve":[0.25,0,0.75,1]},{"duration":15,"rotate":-18.63}]},{"name":"L_group","rotateFrame":[{"duration":21,"rotate":18.18},{"duration":9,"curve":[0.25,0,0.75,1],"rotate":18.18},{"duration":60},{"duration":10,"curve":[0.25,0,0.75,1]},{"duration":15,"rotate":18.18}]},{"name":"result_r_rotate","rotateFrame":[{"duration":30,"rotate":-6.19},{"duration":10,"curve":[0.491,0.18,0.377,1],"rotate":-6.19},{"duration":5,"tweenEasing":0,"rotate":1.6},{"duration":30},{"duration":15,"curve":[0.989,0.04,0.75,1]},{"duration":25,"rotate":6.95}]},{"name":"result_l_rotate","rotateFrame":[{"duration":30,"rotate":-6.19},{"duration":10,"curve":[0.491,0.18,0.381,1],"rotate":-6.19},{"duration":5,"tweenEasing":0,"rotate":1.6},{"duration":30},{"duration":15,"curve":[0.989,0.04,0.75,1]},{"duration":25,"rotate":6.95}]},{"name":"bone3","scaleFrame":[{"duration":5,"curve":[0.196,0.75,0.75,1],"y":0.8},{"duration":105},{"duration":5,"curve":[0.574,0.01,0.993,0.49]},{"duration":0,"y":0.8}]},{"name":"bone6","rotateFrame":[{"duration":15,"curve":[0.196,0.75,0.75,1],"rotate":-8},{"duration":85},{"duration":15,"curve":[0.574,0.01,0.984,0.04]},{"duration":0,"rotate":-6}]},{"name":"bone5","rotateFrame":[{"duration":15,"curve":[0.196,0.75,0.75,1],"rotate":-4},{"duration":85},{"duration":15,"curve":[0.574,0.01,0.984,0.04]},{"duration":0,"rotate":-6}]},{"name":"bone4","rotateFrame":[{"duration":15,"curve":[0.196,0.75,0.75,1],"rotate":6},{"duration":85},{"duration":15,"curve":[0.574,0.01,0.984,0.04]},{"duration":0,"rotate":6}]},{"name":"bone2","rotateFrame":[{"duration":15,"curve":[0.196,0.75,0.75,1],"rotate":6},{"duration":85},{"duration":15,"curve":[0.574,0.01,0.984,0.04]},{"duration":0,"rotate":6}]}],"slot":[{"name":"credit","colorFrame":[{"duration":115,"value":{"aM":0}}]},{"name":"result_l","colorFrame":[{"duration":30,"value":{"aM":0}},{"duration":5,"curve":[0.491,0.18,0.377,1],"value":{"aM":0}},{"duration":50},{"duration":5,"curve":[0.989,0.04,0.75,1]},{"duration":25,"value":{"aM":0}}]},{"name":"L_bg","displayFrame":[{"duration":115,"value":1}],"colorFrame":[{"duration":21,"tweenEasing":0,"value":{"aM":0}},{"duration":3,"curve":[0.25,0,0.75,1],"value":{"aM":0}},{"duration":72},{"duration":4,"curve":[0.25,0,0.75,1]},{"duration":15,"value":{"aM":0}}]},{"name":"result_middle","colorFrame":[{"duration":30,"value":{"aM":0}},{"duration":5,"curve":[0.491,0.18,0.377,1],"value":{"aM":0}},{"duration":50},{"duration":5,"curve":[0.989,0.04,0.75,1]},{"duration":25,"value":{"aM":0}}]},{"name":"result_r","colorFrame":[{"duration":30,"value":{"aM":0}},{"duration":5,"curve":[0.491,0.18,0.377,1],"value":{"aM":0}},{"duration":50},{"duration":5,"curve":[0.989,0.04,0.75,1]},{"duration":25,"value":{"aM":0}}]},{"name":"R_bg","colorFrame":[{"duration":21,"value":{"aM":0}},{"duration":3,"curve":[0.25,0,0.75,1],"value":{"aM":0}},{"duration":72},{"duration":4,"curve":[0.25,0,0.75,1]},{"duration":15,"value":{"aM":0}}]},{"name":"flare","colorFrame":[{"duration":30,"value":{"aM":0,"rM":94,"gM":74,"bM":34}},{"duration":15,"curve":[0.25,0,0.75,1],"value":{"aM":0,"rM":94,"gM":74,"bM":34}},{"duration":30,"value":{"aM":54,"rM":94,"gM":74,"bM":34}},{"duration":15,"curve":[0.25,0,0.75,1],"value":{"aM":54,"rM":94,"gM":74,"bM":34}},{"duration":25,"value":{"aM":0,"rM":94,"gM":74,"bM":34}}]},{"name":"graphic_01","colorFrame":[{"duration":20,"value":{"aM":0}},{"duration":5,"curve":[0.25,0,0.75,1],"value":{"aM":0}},{"duration":70},{"duration":5,"curve":[0.25,0,0.75,1]},{"duration":15,"value":{"aM":0}}]},{"name":"graphic_02","colorFrame":[{"duration":20,"value":{"aM":0}},{"duration":5,"curve":[0.25,0,0.75,1],"value":{"aM":0}},{"duration":70},{"duration":5,"curve":[0.25,0,0.75,1]},{"duration":15,"value":{"aM":0}}]},{"name":"graphic_03","colorFrame":[{"duration":20,"value":{"aM":0}},{"duration":5,"curve":[0.25,0,0.75,1],"value":{"aM":0}},{"duration":70},{"duration":5,"curve":[0.25,0,0.75,1]},{"duration":15,"value":{"aM":0}}]},{"name":"line_left","colorFrame":[{"duration":21,"value":{"aM":0}},{"duration":3,"curve":[0.25,0,0.75,1],"value":{"aM":0}},{"duration":72},{"duration":4,"curve":[0.25,0,0.75,1]},{"duration":15,"value":{"aM":0}}]},{"name":"line_right","colorFrame":[{"duration":21,"value":{"aM":0}},{"duration":3,"curve":[0.25,0,0.75,1],"value":{"aM":0}},{"duration":72},{"duration":4,"curve":[0.25,0,0.75,1]},{"duration":15,"value":{"aM":0}}]},{"name":"middle_bg","colorFrame":[{"duration":10,"curve":[0.196,0.75,0.75,1],"value":{"aM":0}},{"duration":95},{"duration":10,"curve":[0.574,0.01,0.993,0.49]},{"duration":0,"value":{"aM":0}}]},{"name":"square","colorFrame":[{"duration":10,"curve":[0.196,0.75,0.75,1],"value":{"aM":0}},{"duration":95},{"duration":10,"curve":[0.574,0.01,0.993,0.49]},{"duration":0,"value":{"aM":0}}]},{"name":"tag","colorFrame":[{"duration":115,"value":{"aM":0}}]},{"name":"textutre_02","colorFrame":[{"duration":6,"value":{"aM":0}},{"duration":7,"curve":[0.25,0,0.75,1],"value":{"aM":0}},{"duration":87},{"duration":5,"curve":[0.25,0,0.75,1]},{"duration":10,"value":{"aM":0}}]},{"name":"textutre_03","colorFrame":[{"duration":9,"value":{"aM":0}},{"duration":9,"curve":[0.25,0,0.75,1],"value":{"aM":0}},{"duration":78},{"duration":7,"curve":[0.25,0,0.75,1]},{"duration":12,"value":{"aM":0}}]},{"name":"textutre_04","colorFrame":[{"duration":14,"value":{"aM":0}},{"duration":11,"curve":[0.25,0,0.75,1],"value":{"aM":0}},{"duration":65},{"duration":10,"curve":[0.25,0,0.75,1]},{"duration":15,"value":{"aM":0}}]}]},{"duration":115,"name":"ani_result_no_bets_rbg","bone":[{"name":"middle_group_rotate","translateFrame":[{"duration":10,"curve":[0.196,0.75,0.75,1],"y":77.59},{"duration":95},{"duration":10,"curve":[0.574,0.01,0.993,0.49]},{"duration":0,"y":77.59}]},{"name":"result_middle_rotate","rotateFrame":[{"duration":30,"rotate":-7.42},{"duration":10,"curve":[0.491,0.18,0.377,1],"rotate":-7.42},{"duration":5,"curve":[0.25,0,0.75,1],"rotate":1},{"duration":30},{"duration":15,"curve":[0.989,0.04,0.75,1]},{"duration":25,"rotate":6.95}]},{"name":"graphic_03","translateFrame":[{"duration":20,"x":-28.85},{"duration":10,"curve":[0.25,0,0.75,1],"x":-28.85},{"duration":60},{"duration":10,"curve":[0.25,0,0.75,1]},{"duration":15,"x":-28.85}]},{"name":"graphic_02","translateFrame":[{"duration":20,"x":-43.15},{"duration":10,"curve":[0.25,0,0.75,1],"x":-43.15},{"duration":60},{"duration":10,"curve":[0.25,0,0.75,1]},{"duration":15,"x":-43.15}]},{"name":"graphic_01","translateFrame":[{"duration":20,"x":-43.15},{"duration":10,"curve":[0.25,0,0.75,1],"x":-43.15},{"duration":60},{"duration":10,"curve":[0.25,0,0.75,1]},{"duration":15,"x":-43.15}]},{"name":"textutre_01","scaleFrame":[{"duration":5,"x":0,"y":0},{"duration":5,"curve":[0.25,0,0.75,1],"x":0,"y":0},{"duration":92},{"duration":8,"curve":[0.25,0,0.75,1]},{"duration":5,"x":0,"y":0}]},{"name":"textutre_02","scaleFrame":[{"duration":6,"x":0.3,"y":0.3},{"duration":7,"curve":[0.25,0,0.75,1],"x":0.3,"y":0.3},{"duration":87},{"duration":5,"curve":[0.25,0,0.75,1]},{"duration":10,"x":0.3,"y":0.3}]},{"name":"textutre_03","scaleFrame":[{"duration":9,"x":0.6,"y":0.6},{"duration":9,"curve":[0.25,0,0.75,1],"x":0.6,"y":0.6},{"duration":78},{"duration":7,"curve":[0.25,0,0.75,1]},{"duration":12,"x":0.6,"y":0.6}]},{"name":"textutre_04","translateFrame":[{"duration":14,"x":-9.48},{"duration":11,"curve":[0.25,0,0.75,1],"x":-9.48},{"duration":65},{"duration":10,"curve":[0.25,0,0.75,1]},{"duration":15,"x":-9.48}]},{"name":"R_group","rotateFrame":[{"duration":21,"rotate":-18.63},{"duration":9,"curve":[0.25,0,0.75,1],"rotate":-18.63},{"duration":60},{"duration":10,"curve":[0.25,0,0.75,1]},{"duration":15,"rotate":-18.63}]},{"name":"L_group","rotateFrame":[{"duration":21,"rotate":18.18},{"duration":9,"curve":[0.25,0,0.75,1],"rotate":18.18},{"duration":60},{"duration":10,"curve":[0.25,0,0.75,1]},{"duration":15,"rotate":18.18}]},{"name":"result_r_rotate","rotateFrame":[{"duration":30,"rotate":-6.19},{"duration":10,"curve":[0.491,0.18,0.377,1],"rotate":-6.19},{"duration":5,"tweenEasing":0,"rotate":1.6},{"duration":30},{"duration":15,"curve":[0.989,0.04,0.75,1]},{"duration":25,"rotate":6.95}]},{"name":"result_l_rotate","rotateFrame":[{"duration":30,"rotate":-6.19},{"duration":10,"curve":[0.491,0.18,0.381,1],"rotate":-6.19},{"duration":5,"tweenEasing":0,"rotate":1.6},{"duration":30},{"duration":15,"curve":[0.989,0.04,0.75,1]},{"duration":25,"rotate":6.95}]},{"name":"bone3","scaleFrame":[{"duration":5,"curve":[0.196,0.75,0.75,1],"y":0.8},{"duration":105},{"duration":5,"curve":[0.574,0.01,0.993,0.49]},{"duration":0,"y":0.8}]},{"name":"bone6","rotateFrame":[{"duration":15,"curve":[0.196,0.75,0.75,1],"rotate":-8},{"duration":85},{"duration":15,"curve":[0.574,0.01,0.984,0.04]},{"duration":0,"rotate":-6}]},{"name":"bone5","rotateFrame":[{"duration":15,"curve":[0.196,0.75,0.75,1],"rotate":-4},{"duration":85},{"duration":15,"curve":[0.574,0.01,0.984,0.04]},{"duration":0,"rotate":-6}]},{"name":"bone4","rotateFrame":[{"duration":15,"curve":[0.196,0.75,0.75,1],"rotate":6},{"duration":85},{"duration":15,"curve":[0.574,0.01,0.984,0.04]},{"duration":0,"rotate":6}]},{"name":"bone2","rotateFrame":[{"duration":15,"curve":[0.196,0.75,0.75,1],"rotate":6},{"duration":85},{"duration":15,"curve":[0.574,0.01,0.984,0.04]},{"duration":0,"rotate":6}]}],"slot":[{"name":"credit","colorFrame":[{"duration":115,"value":{"aM":0}}]},{"name":"result_l","colorFrame":[{"duration":30,"value":{"aM":0}},{"duration":5,"curve":[0.491,0.18,0.377,1],"value":{"aM":0}},{"duration":50},{"duration":5,"curve":[0.989,0.04,0.75,1]},{"duration":25,"value":{"aM":0}}]},{"name":"L_bg","displayFrame":[{"duration":115,"value":2}],"colorFrame":[{"duration":21,"tweenEasing":0,"value":{"aM":0}},{"duration":3,"curve":[0.25,0,0.75,1],"value":{"aM":0}},{"duration":72},{"duration":4,"curve":[0.25,0,0.75,1]},{"duration":15,"value":{"aM":0}}]},{"name":"result_middle","colorFrame":[{"duration":30,"value":{"aM":0}},{"duration":5,"curve":[0.491,0.18,0.377,1],"value":{"aM":0}},{"duration":50},{"duration":5,"curve":[0.989,0.04,0.75,1]},{"duration":25,"value":{"aM":0}}]},{"name":"result_r","colorFrame":[{"duration":30,"value":{"aM":0}},{"duration":5,"curve":[0.491,0.18,0.377,1],"value":{"aM":0}},{"duration":50},{"duration":5,"curve":[0.989,0.04,0.75,1]},{"duration":25,"value":{"aM":0}}]},{"name":"R_bg","displayFrame":[{"duration":115,"value":1}],"colorFrame":[{"duration":21,"tweenEasing":0,"value":{"aM":0}},{"duration":3,"curve":[0.25,0,0.75,1],"value":{"aM":0}},{"duration":72},{"duration":4,"curve":[0.25,0,0.75,1]},{"duration":15,"value":{"aM":0}}]},{"name":"flare","colorFrame":[{"duration":30,"value":{"aM":0,"rM":94,"gM":74,"bM":34}},{"duration":15,"curve":[0.25,0,0.75,1],"value":{"aM":0,"rM":94,"gM":74,"bM":34}},{"duration":30,"value":{"aM":54,"rM":94,"gM":74,"bM":34}},{"duration":15,"curve":[0.25,0,0.75,1],"value":{"aM":54,"rM":94,"gM":74,"bM":34}},{"duration":25,"value":{"aM":0,"rM":94,"gM":74,"bM":34}}]},{"name":"graphic_01","colorFrame":[{"duration":20,"value":{"aM":0}},{"duration":5,"curve":[0.25,0,0.75,1],"value":{"aM":0}},{"duration":70},{"duration":5,"curve":[0.25,0,0.75,1]},{"duration":15,"value":{"aM":0}}]},{"name":"graphic_02","colorFrame":[{"duration":20,"value":{"aM":0}},{"duration":5,"curve":[0.25,0,0.75,1],"value":{"aM":0}},{"duration":70},{"duration":5,"curve":[0.25,0,0.75,1]},{"duration":15,"value":{"aM":0}}]},{"name":"graphic_03","colorFrame":[{"duration":20,"value":{"aM":0}},{"duration":5,"curve":[0.25,0,0.75,1],"value":{"aM":0}},{"duration":70},{"duration":5,"curve":[0.25,0,0.75,1]},{"duration":15,"value":{"aM":0}}]},{"name":"line_left","colorFrame":[{"duration":21,"value":{"aM":0}},{"duration":3,"curve":[0.25,0,0.75,1],"value":{"aM":0}},{"duration":72},{"duration":4,"curve":[0.25,0,0.75,1]},{"duration":15,"value":{"aM":0}}]},{"name":"line_right","colorFrame":[{"duration":21,"value":{"aM":0}},{"duration":3,"curve":[0.25,0,0.75,1],"value":{"aM":0}},{"duration":72},{"duration":4,"curve":[0.25,0,0.75,1]},{"duration":15,"value":{"aM":0}}]},{"name":"middle_bg","displayFrame":[{"duration":115}],"colorFrame":[{"duration":10,"curve":[0.098,0.375,0.875,1],"value":{"aM":0}},{"duration":95},{"duration":10,"curve":[0.574,0.01,0.993,0.49]},{"duration":0,"value":{"aM":0}}]},{"name":"square","colorFrame":[{"duration":10,"curve":[0.196,0.75,0.75,1],"value":{"aM":0}},{"duration":95},{"duration":10,"curve":[0.574,0.01,0.993,0.49]},{"duration":0,"value":{"aM":0}}]},{"name":"tag","colorFrame":[{"duration":115,"value":{"aM":0}}]},{"name":"textutre_02","colorFrame":[{"duration":6,"value":{"aM":0}},{"duration":7,"curve":[0.25,0,0.75,1],"value":{"aM":0}},{"duration":87},{"duration":5,"curve":[0.25,0,0.75,1]},{"duration":10,"value":{"aM":0}}]},{"name":"textutre_03","colorFrame":[{"duration":9,"value":{"aM":0}},{"duration":9,"curve":[0.25,0,0.75,1],"value":{"aM":0}},{"duration":78},{"duration":7,"curve":[0.25,0,0.75,1]},{"duration":12,"value":{"aM":0}}]},{"name":"textutre_04","colorFrame":[{"duration":14,"value":{"aM":0}},{"duration":11,"curve":[0.25,0,0.75,1],"value":{"aM":0}},{"duration":65},{"duration":10,"curve":[0.25,0,0.75,1]},{"duration":15,"value":{"aM":0}}]}]},{"duration":115,"name":"ani_result_no_bets_rbr","bone":[{"name":"middle_group_rotate","translateFrame":[{"duration":10,"curve":[0.196,0.75,0.75,1],"y":77.59},{"duration":95},{"duration":10,"curve":[0.574,0.01,0.993,0.49]},{"duration":0,"y":77.59}]},{"name":"result_middle_rotate","rotateFrame":[{"duration":30,"rotate":-7.42},{"duration":10,"curve":[0.491,0.18,0.377,1],"rotate":-7.42},{"duration":5,"curve":[0.25,0,0.75,1],"rotate":1},{"duration":30},{"duration":15,"curve":[0.989,0.04,0.75,1]},{"duration":25,"rotate":6.95}]},{"name":"graphic_03","translateFrame":[{"duration":20,"x":-28.85},{"duration":10,"curve":[0.25,0,0.75,1],"x":-28.85},{"duration":60},{"duration":10,"curve":[0.25,0,0.75,1]},{"duration":15,"x":-28.85}]},{"name":"graphic_02","translateFrame":[{"duration":20,"x":-43.15},{"duration":10,"curve":[0.25,0,0.75,1],"x":-43.15},{"duration":60},{"duration":10,"curve":[0.25,0,0.75,1]},{"duration":15,"x":-43.15}]},{"name":"graphic_01","translateFrame":[{"duration":20,"x":-43.15},{"duration":10,"curve":[0.25,0,0.75,1],"x":-43.15},{"duration":60},{"duration":10,"curve":[0.25,0,0.75,1]},{"duration":15,"x":-43.15}]},{"name":"textutre_01","scaleFrame":[{"duration":5,"x":0,"y":0},{"duration":5,"curve":[0.25,0,0.75,1],"x":0,"y":0},{"duration":92},{"duration":8,"curve":[0.25,0,0.75,1]},{"duration":5,"x":0,"y":0}]},{"name":"textutre_02","scaleFrame":[{"duration":6,"x":0.3,"y":0.3},{"duration":7,"curve":[0.25,0,0.75,1],"x":0.3,"y":0.3},{"duration":87},{"duration":5,"curve":[0.25,0,0.75,1]},{"duration":10,"x":0.3,"y":0.3}]},{"name":"textutre_03","scaleFrame":[{"duration":9,"x":0.6,"y":0.6},{"duration":9,"curve":[0.25,0,0.75,1],"x":0.6,"y":0.6},{"duration":78},{"duration":7,"curve":[0.25,0,0.75,1]},{"duration":12,"x":0.6,"y":0.6}]},{"name":"textutre_04","translateFrame":[{"duration":14,"x":-9.48},{"duration":11,"curve":[0.25,0,0.75,1],"x":-9.48},{"duration":65},{"duration":10,"curve":[0.25,0,0.75,1]},{"duration":15,"x":-9.48}]},{"name":"R_group","rotateFrame":[{"duration":21,"rotate":-18.63},{"duration":9,"curve":[0.25,0,0.75,1],"rotate":-18.63},{"duration":60},{"duration":10,"curve":[0.25,0,0.75,1]},{"duration":15,"rotate":-18.63}]},{"name":"L_group","rotateFrame":[{"duration":21,"rotate":18.18},{"duration":9,"curve":[0.25,0,0.75,1],"rotate":18.18},{"duration":60},{"duration":10,"curve":[0.25,0,0.75,1]},{"duration":15,"rotate":18.18}]},{"name":"result_r_rotate","rotateFrame":[{"duration":30,"rotate":-6.19},{"duration":10,"curve":[0.491,0.18,0.377,1],"rotate":-6.19},{"duration":5,"tweenEasing":0,"rotate":1.6},{"duration":30},{"duration":15,"curve":[0.989,0.04,0.75,1]},{"duration":25,"rotate":6.95}]},{"name":"result_l_rotate","rotateFrame":[{"duration":30,"rotate":-6.19},{"duration":10,"curve":[0.491,0.18,0.381,1],"rotate":-6.19},{"duration":5,"tweenEasing":0,"rotate":1.6},{"duration":30},{"duration":15,"curve":[0.989,0.04,0.75,1]},{"duration":25,"rotate":6.95}]},{"name":"bone3","scaleFrame":[{"duration":5,"curve":[0.196,0.75,0.75,1],"y":0.8},{"duration":105},{"duration":5,"curve":[0.574,0.01,0.993,0.49]},{"duration":0,"y":0.8}]},{"name":"bone6","rotateFrame":[{"duration":15,"curve":[0.196,0.75,0.75,1],"rotate":-8},{"duration":85},{"duration":15,"curve":[0.574,0.01,0.984,0.04]},{"duration":0,"rotate":-6}]},{"name":"bone5","rotateFrame":[{"duration":15,"curve":[0.196,0.75,0.75,1],"rotate":-4},{"duration":85},{"duration":15,"curve":[0.574,0.01,0.984,0.04]},{"duration":0,"rotate":-6}]},{"name":"bone4","rotateFrame":[{"duration":15,"curve":[0.196,0.75,0.75,1],"rotate":6},{"duration":85},{"duration":15,"curve":[0.574,0.01,0.984,0.04]},{"duration":0,"rotate":6}]},{"name":"bone2","rotateFrame":[{"duration":15,"curve":[0.196,0.75,0.75,1],"rotate":6},{"duration":85},{"duration":15,"curve":[0.574,0.01,0.984,0.04]},{"duration":0,"rotate":6}]}],"slot":[{"name":"credit","colorFrame":[{"duration":115,"value":{"aM":0}}]},{"name":"result_l","colorFrame":[{"duration":30,"value":{"aM":0}},{"duration":5,"curve":[0.491,0.18,0.377,1],"value":{"aM":0}},{"duration":50},{"duration":5,"curve":[0.989,0.04,0.75,1]},{"duration":25,"value":{"aM":0}}]},{"name":"L_bg","displayFrame":[{"duration":115,"value":2}],"colorFrame":[{"duration":21,"tweenEasing":0,"value":{"aM":0}},{"duration":3,"curve":[0.25,0,0.75,1],"value":{"aM":0}},{"duration":72},{"duration":4,"curve":[0.25,0,0.75,1]},{"duration":15,"value":{"aM":0}}]},{"name":"result_middle","colorFrame":[{"duration":30,"value":{"aM":0}},{"duration":5,"curve":[0.491,0.18,0.377,1],"value":{"aM":0}},{"duration":50},{"duration":5,"curve":[0.989,0.04,0.75,1]},{"duration":25,"value":{"aM":0}}]},{"name":"result_r","colorFrame":[{"duration":30,"value":{"aM":0}},{"duration":5,"curve":[0.491,0.18,0.377,1],"value":{"aM":0}},{"duration":50},{"duration":5,"curve":[0.989,0.04,0.75,1]},{"duration":25,"value":{"aM":0}}]},{"name":"R_bg","displayFrame":[{"duration":115,"value":2}],"colorFrame":[{"duration":21,"tweenEasing":0,"value":{"aM":0}},{"duration":3,"curve":[0.25,0,0.75,1],"value":{"aM":0}},{"duration":72},{"duration":4,"curve":[0.25,0,0.75,1]},{"duration":15,"value":{"aM":0}}]},{"name":"flare","colorFrame":[{"duration":30,"value":{"aM":0,"rM":94,"gM":74,"bM":34}},{"duration":15,"curve":[0.25,0,0.75,1],"value":{"aM":0,"rM":94,"gM":74,"bM":34}},{"duration":30,"value":{"aM":54,"rM":94,"gM":74,"bM":34}},{"duration":15,"curve":[0.25,0,0.75,1],"value":{"aM":54,"rM":94,"gM":74,"bM":34}},{"duration":25,"value":{"aM":0,"rM":94,"gM":74,"bM":34}}]},{"name":"graphic_01","colorFrame":[{"duration":20,"value":{"aM":0}},{"duration":5,"curve":[0.25,0,0.75,1],"value":{"aM":0}},{"duration":70},{"duration":5,"curve":[0.25,0,0.75,1]},{"duration":15,"value":{"aM":0}}]},{"name":"graphic_02","colorFrame":[{"duration":20,"value":{"aM":0}},{"duration":5,"curve":[0.25,0,0.75,1],"value":{"aM":0}},{"duration":70},{"duration":5,"curve":[0.25,0,0.75,1]},{"duration":15,"value":{"aM":0}}]},{"name":"graphic_03","colorFrame":[{"duration":20,"value":{"aM":0}},{"duration":5,"curve":[0.25,0,0.75,1],"value":{"aM":0}},{"duration":70},{"duration":5,"curve":[0.25,0,0.75,1]},{"duration":15,"value":{"aM":0}}]},{"name":"line_left","colorFrame":[{"duration":21,"value":{"aM":0}},{"duration":3,"curve":[0.25,0,0.75,1],"value":{"aM":0}},{"duration":72},{"duration":4,"curve":[0.25,0,0.75,1]},{"duration":15,"value":{"aM":0}}]},{"name":"line_right","colorFrame":[{"duration":21,"value":{"aM":0}},{"duration":3,"curve":[0.25,0,0.75,1],"value":{"aM":0}},{"duration":72},{"duration":4,"curve":[0.25,0,0.75,1]},{"duration":15,"value":{"aM":0}}]},{"name":"middle_bg","displayFrame":[{"duration":115}],"colorFrame":[{"duration":10,"curve":[0.098,0.375,0.875,1],"value":{"aM":0}},{"duration":95},{"duration":10,"curve":[0.574,0.01,0.993,0.49]},{"duration":0,"value":{"aM":0}}]},{"name":"square","colorFrame":[{"duration":10,"curve":[0.196,0.75,0.75,1],"value":{"aM":0}},{"duration":95},{"duration":10,"curve":[0.574,0.01,0.993,0.49]},{"duration":0,"value":{"aM":0}}]},{"name":"tag","colorFrame":[{"duration":115,"value":{"aM":0}}]},{"name":"textutre_02","colorFrame":[{"duration":6,"value":{"aM":0}},{"duration":7,"curve":[0.25,0,0.75,1],"value":{"aM":0}},{"duration":87},{"duration":5,"curve":[0.25,0,0.75,1]},{"duration":10,"value":{"aM":0}}]},{"name":"textutre_03","colorFrame":[{"duration":9,"value":{"aM":0}},{"duration":9,"curve":[0.25,0,0.75,1],"value":{"aM":0}},{"duration":78},{"duration":7,"curve":[0.25,0,0.75,1]},{"duration":12,"value":{"aM":0}}]},{"name":"textutre_04","colorFrame":[{"duration":14,"value":{"aM":0}},{"duration":11,"curve":[0.25,0,0.75,1],"value":{"aM":0}},{"duration":65},{"duration":10,"curve":[0.25,0,0.75,1]},{"duration":15,"value":{"aM":0}}]}]},{"duration":160,"name":"ani_result_win_loss_bgr","bone":[{"name":"tag","scaleFrame":[{"duration":50,"x":0},{"duration":15,"curve":[0.672,0.01,0.75,1],"x":0},{"duration":45},{"duration":15,"curve":[0.25,0,0.335,1]},{"duration":35,"x":0}]},{"name":"middle_group_rotate","translateFrame":[{"duration":10,"curve":[0.196,0.75,0.75,1],"y":77.59},{"duration":140},{"duration":10,"curve":[0.574,0.01,0.993,0.49]},{"duration":0,"y":77.59}]},{"name":"result_middle_rotate","rotateFrame":[{"duration":30,"rotate":-7.42},{"duration":10,"curve":[0.491,0.18,0.377,1],"rotate":-7.42},{"duration":5,"curve":[0.25,0,0.75,1],"rotate":1},{"duration":75},{"duration":15,"curve":[0.989,0.04,0.75,1]},{"duration":25,"rotate":6.95}]},{"name":"graphic_03","translateFrame":[{"duration":20,"x":-28.85},{"duration":10,"curve":[0.25,0,0.75,1],"x":-28.85},{"duration":105},{"duration":10,"curve":[0.25,0,0.75,1]},{"duration":15,"x":-28.85}]},{"name":"graphic_02","translateFrame":[{"duration":20,"x":-43.15},{"duration":10,"curve":[0.25,0,0.75,1],"x":-43.15},{"duration":105},{"duration":10,"curve":[0.25,0,0.75,1]},{"duration":15,"x":-43.15}]},{"name":"graphic_01","translateFrame":[{"duration":20,"x":-43.15},{"duration":10,"curve":[0.25,0,0.75,1],"x":-43.15},{"duration":105},{"duration":10,"curve":[0.25,0,0.75,1]},{"duration":15,"x":-43.15}]},{"name":"textutre_01","scaleFrame":[{"duration":5,"x":0,"y":0},{"duration":5,"curve":[0.25,0,0.75,1],"x":0,"y":0},{"duration":137},{"duration":8,"curve":[0.25,0,0.75,1]},{"duration":5,"x":0,"y":0}]},{"name":"textutre_02","scaleFrame":[{"duration":6,"x":0.3,"y":0.3},{"duration":7,"curve":[0.25,0,0.75,1],"x":0.3,"y":0.3},{"duration":132},{"duration":5,"curve":[0.25,0,0.75,1]},{"duration":10,"x":0.3,"y":0.3}]},{"name":"textutre_03","scaleFrame":[{"duration":9,"x":0.6,"y":0.6},{"duration":9,"curve":[0.25,0,0.75,1],"x":0.6,"y":0.6},{"duration":123},{"duration":7,"curve":[0.25,0,0.75,1]},{"duration":12,"x":0.6,"y":0.6}]},{"name":"textutre_04","translateFrame":[{"duration":14,"x":-9.48},{"duration":11,"curve":[0.25,0,0.75,1],"x":-9.48},{"duration":110},{"duration":10,"curve":[0.25,0,0.75,1]},{"duration":15,"x":-9.48}]},{"name":"R_group","rotateFrame":[{"duration":21,"rotate":-18.63},{"duration":9,"curve":[0.25,0,0.75,1],"rotate":-18.63},{"duration":105},{"duration":10,"curve":[0.25,0,0.75,1]},{"duration":15,"rotate":-18.63}]},{"name":"L_group","rotateFrame":[{"duration":21,"rotate":18.18},{"duration":9,"curve":[0.25,0,0.75,1],"rotate":18.18},{"duration":105},{"duration":10,"curve":[0.25,0,0.75,1]},{"duration":15,"rotate":18.18}]},{"name":"result_r_rotate","rotateFrame":[{"duration":30,"rotate":-6.19},{"duration":10,"curve":[0.491,0.18,0.377,1],"rotate":-6.19},{"duration":5,"tweenEasing":0,"rotate":1.6},{"duration":75},{"duration":15,"curve":[0.989,0.04,0.75,1]},{"duration":25,"rotate":6.95}]},{"name":"result_l_rotate","rotateFrame":[{"duration":30,"rotate":-6.19},{"duration":10,"curve":[0.491,0.18,0.381,1],"rotate":-6.19},{"duration":5,"tweenEasing":0,"rotate":1.6},{"duration":75},{"duration":15,"curve":[0.989,0.04,0.75,1]},{"duration":25,"rotate":6.95}]},{"name":"bone3","scaleFrame":[{"duration":5,"curve":[0.196,0.75,0.75,1],"y":0.8},{"duration":150},{"duration":5,"curve":[0.574,0.01,0.993,0.49]},{"duration":0,"y":0.8}]},{"name":"bone6","rotateFrame":[{"duration":15,"curve":[0.196,0.75,0.75,1],"rotate":-8},{"duration":130},{"duration":15,"curve":[0.574,0.01,0.984,0.04]},{"duration":0,"rotate":-6}]},{"name":"bone5","rotateFrame":[{"duration":15,"curve":[0.196,0.75,0.75,1],"rotate":-4},{"duration":130},{"duration":15,"curve":[0.574,0.01,0.984,0.04]},{"duration":0,"rotate":-6}]},{"name":"bone4","rotateFrame":[{"duration":15,"curve":[0.196,0.75,0.75,1],"rotate":6},{"duration":130},{"duration":15,"curve":[0.574,0.01,0.984,0.04]},{"duration":0,"rotate":6}]},{"name":"bone2","rotateFrame":[{"duration":15,"curve":[0.196,0.75,0.75,1],"rotate":6},{"duration":130},{"duration":15,"curve":[0.574,0.01,0.984,0.04]},{"duration":0,"rotate":6}]},{"name":"credit","translateFrame":[{"duration":60,"y":30.52},{"duration":15,"curve":[0.25,0,0.75,1],"y":30.52},{"duration":30},{"duration":15,"curve":[0.25,0,0.75,1]},{"duration":40,"y":30.52}]}],"slot":[{"name":"credit","colorFrame":[{"duration":60,"value":{"aM":0}},{"duration":15,"curve":[0.25,0,0.75,1],"value":{"aM":0}},{"duration":30},{"duration":15,"curve":[0.25,0,0.75,1]},{"duration":40,"value":{"aM":0}}]},{"name":"result_l","colorFrame":[{"duration":30,"value":{"aM":0}},{"duration":5,"curve":[0.491,0.18,0.377,1],"value":{"aM":0}},{"duration":95},{"duration":5,"curve":[0.989,0.04,0.75,1]},{"duration":25,"value":{"aM":0}}]},{"name":"L_bg","colorFrame":[{"duration":21,"value":{"aM":0}},{"duration":3,"curve":[0.25,0,0.75,1],"value":{"aM":0}},{"duration":117},{"duration":4,"curve":[0.25,0,0.75,1]},{"duration":15,"value":{"aM":0}}]},{"name":"result_middle","colorFrame":[{"duration":30,"value":{"aM":0}},{"duration":5,"curve":[0.491,0.18,0.377,1],"value":{"aM":0}},{"duration":95},{"duration":5,"curve":[0.989,0.04,0.75,1]},{"duration":25,"value":{"aM":0}}]},{"name":"result_r","colorFrame":[{"duration":30,"value":{"aM":0}},{"duration":5,"curve":[0.491,0.18,0.377,1],"value":{"aM":0}},{"duration":95},{"duration":5,"curve":[0.989,0.04,0.75,1]},{"duration":25,"value":{"aM":0}}]},{"name":"R_bg","displayFrame":[{"duration":160,"value":2}],"colorFrame":[{"duration":21,"tweenEasing":0,"value":{"aM":0}},{"duration":3,"curve":[0.25,0,0.75,1],"value":{"aM":0}},{"duration":117},{"duration":4,"curve":[0.25,0,0.75,1]},{"duration":15,"value":{"aM":0}}]},{"name":"flare","colorFrame":[{"duration":30,"value":{"aM":0,"rM":94,"gM":74,"bM":34}},{"duration":15,"curve":[0.25,0,0.75,1],"value":{"aM":0,"rM":94,"gM":74,"bM":34}},{"duration":75,"value":{"aM":54,"rM":94,"gM":74,"bM":34}},{"duration":15,"curve":[0.25,0,0.75,1],"value":{"aM":54,"rM":94,"gM":74,"bM":34}},{"duration":25,"value":{"aM":0,"rM":94,"gM":74,"bM":34}}]},{"name":"graphic_01","colorFrame":[{"duration":20,"value":{"aM":0}},{"duration":5,"curve":[0.25,0,0.75,1],"value":{"aM":0}},{"duration":115},{"duration":5,"curve":[0.25,0,0.75,1]},{"duration":15,"value":{"aM":0}}]},{"name":"graphic_02","colorFrame":[{"duration":20,"value":{"aM":0}},{"duration":5,"curve":[0.25,0,0.75,1],"value":{"aM":0}},{"duration":115},{"duration":5,"curve":[0.25,0,0.75,1]},{"duration":15,"value":{"aM":0}}]},{"name":"graphic_03","colorFrame":[{"duration":20,"value":{"aM":0}},{"duration":5,"curve":[0.25,0,0.75,1],"value":{"aM":0}},{"duration":115},{"duration":5,"curve":[0.25,0,0.75,1]},{"duration":15,"value":{"aM":0}}]},{"name":"line_left","colorFrame":[{"duration":21,"value":{"aM":0}},{"duration":3,"curve":[0.25,0,0.75,1],"value":{"aM":0}},{"duration":117},{"duration":4,"curve":[0.25,0,0.75,1]},{"duration":15,"value":{"aM":0}}]},{"name":"line_right","colorFrame":[{"duration":21,"value":{"aM":0}},{"duration":3,"curve":[0.25,0,0.75,1],"value":{"aM":0}},{"duration":117},{"duration":4,"curve":[0.25,0,0.75,1]},{"duration":15,"value":{"aM":0}}]},{"name":"middle_bg","displayFrame":[{"duration":160,"value":1}],"colorFrame":[{"duration":10,"curve":[0.098,0.375,0.875,1],"value":{"aM":0}},{"duration":140},{"duration":10,"curve":[0.574,0.01,0.993,0.49]},{"duration":0,"value":{"aM":0}}]},{"name":"square","colorFrame":[{"duration":10,"curve":[0.196,0.75,0.75,1],"value":{"aM":0}},{"duration":140},{"duration":10,"curve":[0.574,0.01,0.993,0.49]},{"duration":0,"value":{"aM":0}}]},{"name":"tag","colorFrame":[{"duration":50,"value":{"aM":0}},{"duration":15,"curve":[0.672,0.01,0.75,1],"value":{"aM":0}},{"duration":45},{"duration":15,"curve":[0.25,0,0.335,1]},{"duration":35,"value":{"aM":0}}]},{"name":"textutre_02","colorFrame":[{"duration":6,"value":{"aM":0}},{"duration":7,"curve":[0.25,0,0.75,1],"value":{"aM":0}},{"duration":132},{"duration":5,"curve":[0.25,0,0.75,1]},{"duration":10,"value":{"aM":0}}]},{"name":"textutre_03","colorFrame":[{"duration":9,"value":{"aM":0}},{"duration":9,"curve":[0.25,0,0.75,1],"value":{"aM":0}},{"duration":123},{"duration":7,"curve":[0.25,0,0.75,1]},{"duration":12,"value":{"aM":0}}]},{"name":"textutre_04","colorFrame":[{"duration":14,"value":{"aM":0}},{"duration":11,"curve":[0.25,0,0.75,1],"value":{"aM":0}},{"duration":110},{"duration":10,"curve":[0.25,0,0.75,1]},{"duration":15,"value":{"aM":0}}]}]},{"duration":160,"name":"ani_result_win_loss_brb","bone":[{"name":"tag","scaleFrame":[{"duration":50,"x":0},{"duration":15,"curve":[0.672,0.01,0.75,1],"x":0},{"duration":45},{"duration":15,"curve":[0.25,0,0.335,1]},{"duration":35,"x":0}]},{"name":"middle_group_rotate","translateFrame":[{"duration":10,"curve":[0.196,0.75,0.75,1],"y":77.59},{"duration":140},{"duration":10,"curve":[0.574,0.01,0.993,0.49]},{"duration":0,"y":77.59}]},{"name":"result_middle_rotate","rotateFrame":[{"duration":30,"rotate":-7.42},{"duration":10,"curve":[0.491,0.18,0.377,1],"rotate":-7.42},{"duration":5,"curve":[0.25,0,0.75,1],"rotate":1},{"duration":75},{"duration":15,"curve":[0.989,0.04,0.75,1]},{"duration":25,"rotate":6.95}]},{"name":"graphic_03","translateFrame":[{"duration":20,"x":-28.85},{"duration":10,"curve":[0.25,0,0.75,1],"x":-28.85},{"duration":105},{"duration":10,"curve":[0.25,0,0.75,1]},{"duration":15,"x":-28.85}]},{"name":"graphic_02","translateFrame":[{"duration":20,"x":-43.15},{"duration":10,"curve":[0.25,0,0.75,1],"x":-43.15},{"duration":105},{"duration":10,"curve":[0.25,0,0.75,1]},{"duration":15,"x":-43.15}]},{"name":"graphic_01","translateFrame":[{"duration":20,"x":-43.15},{"duration":10,"curve":[0.25,0,0.75,1],"x":-43.15},{"duration":105},{"duration":10,"curve":[0.25,0,0.75,1]},{"duration":15,"x":-43.15}]},{"name":"textutre_01","scaleFrame":[{"duration":5,"x":0,"y":0},{"duration":5,"curve":[0.25,0,0.75,1],"x":0,"y":0},{"duration":137},{"duration":8,"curve":[0.25,0,0.75,1]},{"duration":5,"x":0,"y":0}]},{"name":"textutre_02","scaleFrame":[{"duration":6,"x":0.3,"y":0.3},{"duration":7,"curve":[0.25,0,0.75,1],"x":0.3,"y":0.3},{"duration":132},{"duration":5,"curve":[0.25,0,0.75,1]},{"duration":10,"x":0.3,"y":0.3}]},{"name":"textutre_03","scaleFrame":[{"duration":9,"x":0.6,"y":0.6},{"duration":9,"curve":[0.25,0,0.75,1],"x":0.6,"y":0.6},{"duration":123},{"duration":7,"curve":[0.25,0,0.75,1]},{"duration":12,"x":0.6,"y":0.6}]},{"name":"textutre_04","translateFrame":[{"duration":14,"x":-9.48},{"duration":11,"curve":[0.25,0,0.75,1],"x":-9.48},{"duration":110},{"duration":10,"curve":[0.25,0,0.75,1]},{"duration":15,"x":-9.48}]},{"name":"R_group","rotateFrame":[{"duration":21,"rotate":-18.63},{"duration":9,"curve":[0.25,0,0.75,1],"rotate":-18.63},{"duration":105},{"duration":10,"curve":[0.25,0,0.75,1]},{"duration":15,"rotate":-18.63}]},{"name":"L_group","rotateFrame":[{"duration":21,"rotate":18.18},{"duration":9,"curve":[0.25,0,0.75,1],"rotate":18.18},{"duration":105},{"duration":10,"curve":[0.25,0,0.75,1]},{"duration":15,"rotate":18.18}]},{"name":"result_r_rotate","rotateFrame":[{"duration":30,"rotate":-6.19},{"duration":10,"curve":[0.491,0.18,0.377,1],"rotate":-6.19},{"duration":5,"tweenEasing":0,"rotate":1.6},{"duration":75},{"duration":15,"curve":[0.989,0.04,0.75,1]},{"duration":25,"rotate":6.95}]},{"name":"result_l_rotate","rotateFrame":[{"duration":30,"rotate":-6.19},{"duration":10,"curve":[0.491,0.18,0.381,1],"rotate":-6.19},{"duration":5,"tweenEasing":0,"rotate":1.6},{"duration":75},{"duration":15,"curve":[0.989,0.04,0.75,1]},{"duration":25,"rotate":6.95}]},{"name":"bone3","scaleFrame":[{"duration":5,"curve":[0.196,0.75,0.75,1],"y":0.8},{"duration":150},{"duration":5,"curve":[0.574,0.01,0.993,0.49]},{"duration":0,"y":0.8}]},{"name":"bone6","rotateFrame":[{"duration":15,"curve":[0.196,0.75,0.75,1],"rotate":-8},{"duration":130},{"duration":15,"curve":[0.574,0.01,0.984,0.04]},{"duration":0,"rotate":-6}]},{"name":"bone5","rotateFrame":[{"duration":15,"curve":[0.196,0.75,0.75,1],"rotate":-4},{"duration":130},{"duration":15,"curve":[0.574,0.01,0.984,0.04]},{"duration":0,"rotate":-6}]},{"name":"bone4","rotateFrame":[{"duration":15,"curve":[0.196,0.75,0.75,1],"rotate":6},{"duration":130},{"duration":15,"curve":[0.574,0.01,0.984,0.04]},{"duration":0,"rotate":6}]},{"name":"bone2","rotateFrame":[{"duration":15,"curve":[0.196,0.75,0.75,1],"rotate":6},{"duration":130},{"duration":15,"curve":[0.574,0.01,0.984,0.04]},{"duration":0,"rotate":6}]},{"name":"credit","translateFrame":[{"duration":60,"y":30.52},{"duration":15,"curve":[0.25,0,0.75,1],"y":30.52},{"duration":30},{"duration":15,"curve":[0.25,0,0.75,1]},{"duration":40,"y":30.52}]}],"slot":[{"name":"credit","colorFrame":[{"duration":60,"value":{"aM":0}},{"duration":15,"curve":[0.25,0,0.75,1],"value":{"aM":0}},{"duration":30},{"duration":15,"curve":[0.25,0,0.75,1]},{"duration":40,"value":{"aM":0}}]},{"name":"result_l","colorFrame":[{"duration":30,"value":{"aM":0}},{"duration":5,"curve":[0.491,0.18,0.377,1],"value":{"aM":0}},{"duration":95},{"duration":5,"curve":[0.989,0.04,0.75,1]},{"duration":25,"value":{"aM":0}}]},{"name":"L_bg","colorFrame":[{"duration":21,"value":{"aM":0}},{"duration":3,"curve":[0.25,0,0.75,1],"value":{"aM":0}},{"duration":117},{"duration":4,"curve":[0.25,0,0.75,1]},{"duration":15,"value":{"aM":0}}]},{"name":"result_middle","colorFrame":[{"duration":30,"value":{"aM":0}},{"duration":5,"curve":[0.491,0.18,0.377,1],"value":{"aM":0}},{"duration":95},{"duration":5,"curve":[0.989,0.04,0.75,1]},{"duration":25,"value":{"aM":0}}]},{"name":"result_r","colorFrame":[{"duration":30,"value":{"aM":0}},{"duration":5,"curve":[0.491,0.18,0.377,1],"value":{"aM":0}},{"duration":95},{"duration":5,"curve":[0.989,0.04,0.75,1]},{"duration":25,"value":{"aM":0}}]},{"name":"R_bg","colorFrame":[{"duration":21,"value":{"aM":0}},{"duration":3,"curve":[0.25,0,0.75,1],"value":{"aM":0}},{"duration":117},{"duration":4,"curve":[0.25,0,0.75,1]},{"duration":15,"value":{"aM":0}}]},{"name":"flare","colorFrame":[{"duration":30,"value":{"aM":0,"rM":94,"gM":74,"bM":34}},{"duration":15,"curve":[0.25,0,0.75,1],"value":{"aM":0,"rM":94,"gM":74,"bM":34}},{"duration":75,"value":{"aM":54,"rM":94,"gM":74,"bM":34}},{"duration":15,"curve":[0.25,0,0.75,1],"value":{"aM":54,"rM":94,"gM":74,"bM":34}},{"duration":25,"value":{"aM":0,"rM":94,"gM":74,"bM":34}}]},{"name":"graphic_01","colorFrame":[{"duration":20,"value":{"aM":0}},{"duration":5,"curve":[0.25,0,0.75,1],"value":{"aM":0}},{"duration":115},{"duration":5,"curve":[0.25,0,0.75,1]},{"duration":15,"value":{"aM":0}}]},{"name":"graphic_02","colorFrame":[{"duration":20,"value":{"aM":0}},{"duration":5,"curve":[0.25,0,0.75,1],"value":{"aM":0}},{"duration":115},{"duration":5,"curve":[0.25,0,0.75,1]},{"duration":15,"value":{"aM":0}}]},{"name":"graphic_03","colorFrame":[{"duration":20,"value":{"aM":0}},{"duration":5,"curve":[0.25,0,0.75,1],"value":{"aM":0}},{"duration":115},{"duration":5,"curve":[0.25,0,0.75,1]},{"duration":15,"value":{"aM":0}}]},{"name":"line_left","colorFrame":[{"duration":21,"value":{"aM":0}},{"duration":3,"curve":[0.25,0,0.75,1],"value":{"aM":0}},{"duration":117},{"duration":4,"curve":[0.25,0,0.75,1]},{"duration":15,"value":{"aM":0}}]},{"name":"line_right","colorFrame":[{"duration":21,"value":{"aM":0}},{"duration":3,"curve":[0.25,0,0.75,1],"value":{"aM":0}},{"duration":117},{"duration":4,"curve":[0.25,0,0.75,1]},{"duration":15,"value":{"aM":0}}]},{"name":"middle_bg","colorFrame":[{"duration":10,"curve":[0.196,0.75,0.75,1],"value":{"aM":0}},{"duration":140},{"duration":10,"curve":[0.574,0.01,0.993,0.49]},{"duration":0,"value":{"aM":0}}]},{"name":"square","colorFrame":[{"duration":10,"curve":[0.196,0.75,0.75,1],"value":{"aM":0}},{"duration":140},{"duration":10,"curve":[0.574,0.01,0.993,0.49]},{"duration":0,"value":{"aM":0}}]},{"name":"tag","colorFrame":[{"duration":50,"value":{"aM":0}},{"duration":15,"curve":[0.672,0.01,0.75,1],"value":{"aM":0}},{"duration":45},{"duration":15,"curve":[0.25,0,0.335,1]},{"duration":35,"value":{"aM":0}}]},{"name":"textutre_02","colorFrame":[{"duration":6,"value":{"aM":0}},{"duration":7,"curve":[0.25,0,0.75,1],"value":{"aM":0}},{"duration":132},{"duration":5,"curve":[0.25,0,0.75,1]},{"duration":10,"value":{"aM":0}}]},{"name":"textutre_03","colorFrame":[{"duration":9,"value":{"aM":0}},{"duration":9,"curve":[0.25,0,0.75,1],"value":{"aM":0}},{"duration":123},{"duration":7,"curve":[0.25,0,0.75,1]},{"duration":12,"value":{"aM":0}}]},{"name":"textutre_04","colorFrame":[{"duration":14,"value":{"aM":0}},{"duration":11,"curve":[0.25,0,0.75,1],"value":{"aM":0}},{"duration":110},{"duration":10,"curve":[0.25,0,0.75,1]},{"duration":15,"value":{"aM":0}}]}]},{"duration":160,"name":"ani_result_win_loss_grb","bone":[{"name":"tag","scaleFrame":[{"duration":50,"x":0},{"duration":15,"curve":[0.672,0.01,0.75,1],"x":0},{"duration":45},{"duration":15,"curve":[0.25,0,0.335,1]},{"duration":35,"x":0}]},{"name":"middle_group_rotate","translateFrame":[{"duration":10,"curve":[0.196,0.75,0.75,1],"y":77.59},{"duration":140},{"duration":10,"curve":[0.574,0.01,0.993,0.49]},{"duration":0,"y":77.59}]},{"name":"result_middle_rotate","rotateFrame":[{"duration":30,"rotate":-7.42},{"duration":10,"curve":[0.491,0.18,0.377,1],"rotate":-7.42},{"duration":5,"curve":[0.25,0,0.75,1],"rotate":1},{"duration":75},{"duration":15,"curve":[0.989,0.04,0.75,1]},{"duration":25,"rotate":6.95}]},{"name":"graphic_03","translateFrame":[{"duration":20,"x":-28.85},{"duration":10,"curve":[0.25,0,0.75,1],"x":-28.85},{"duration":105},{"duration":10,"curve":[0.25,0,0.75,1]},{"duration":15,"x":-28.85}]},{"name":"graphic_02","translateFrame":[{"duration":20,"x":-43.15},{"duration":10,"curve":[0.25,0,0.75,1],"x":-43.15},{"duration":105},{"duration":10,"curve":[0.25,0,0.75,1]},{"duration":15,"x":-43.15}]},{"name":"graphic_01","translateFrame":[{"duration":20,"x":-43.15},{"duration":10,"curve":[0.25,0,0.75,1],"x":-43.15},{"duration":105},{"duration":10,"curve":[0.25,0,0.75,1]},{"duration":15,"x":-43.15}]},{"name":"textutre_01","scaleFrame":[{"duration":5,"x":0,"y":0},{"duration":5,"curve":[0.25,0,0.75,1],"x":0,"y":0},{"duration":137},{"duration":8,"curve":[0.25,0,0.75,1]},{"duration":5,"x":0,"y":0}]},{"name":"textutre_02","scaleFrame":[{"duration":6,"x":0.3,"y":0.3},{"duration":7,"curve":[0.25,0,0.75,1],"x":0.3,"y":0.3},{"duration":132},{"duration":5,"curve":[0.25,0,0.75,1]},{"duration":10,"x":0.3,"y":0.3}]},{"name":"textutre_03","scaleFrame":[{"duration":9,"x":0.6,"y":0.6},{"duration":9,"curve":[0.25,0,0.75,1],"x":0.6,"y":0.6},{"duration":123},{"duration":7,"curve":[0.25,0,0.75,1]},{"duration":12,"x":0.6,"y":0.6}]},{"name":"textutre_04","translateFrame":[{"duration":14,"x":-9.48},{"duration":11,"curve":[0.25,0,0.75,1],"x":-9.48},{"duration":110},{"duration":10,"curve":[0.25,0,0.75,1]},{"duration":15,"x":-9.48}]},{"name":"R_group","rotateFrame":[{"duration":21,"rotate":-18.63},{"duration":9,"curve":[0.25,0,0.75,1],"rotate":-18.63},{"duration":105},{"duration":10,"curve":[0.25,0,0.75,1]},{"duration":15,"rotate":-18.63}]},{"name":"L_group","rotateFrame":[{"duration":21,"rotate":18.18},{"duration":9,"curve":[0.25,0,0.75,1],"rotate":18.18},{"duration":105},{"duration":10,"curve":[0.25,0,0.75,1]},{"duration":15,"rotate":18.18}]},{"name":"result_r_rotate","rotateFrame":[{"duration":30,"rotate":-6.19},{"duration":10,"curve":[0.491,0.18,0.377,1],"rotate":-6.19},{"duration":5,"tweenEasing":0,"rotate":1.6},{"duration":75},{"duration":15,"curve":[0.989,0.04,0.75,1]},{"duration":25,"rotate":6.95}]},{"name":"result_l_rotate","rotateFrame":[{"duration":30,"rotate":-6.19},{"duration":10,"curve":[0.491,0.18,0.381,1],"rotate":-6.19},{"duration":5,"tweenEasing":0,"rotate":1.6},{"duration":75},{"duration":15,"curve":[0.989,0.04,0.75,1]},{"duration":25,"rotate":6.95}]},{"name":"bone3","scaleFrame":[{"duration":5,"curve":[0.196,0.75,0.75,1],"y":0.8},{"duration":150},{"duration":5,"curve":[0.574,0.01,0.993,0.49]},{"duration":0,"y":0.8}]},{"name":"bone6","rotateFrame":[{"duration":15,"curve":[0.196,0.75,0.75,1],"rotate":-8},{"duration":130},{"duration":15,"curve":[0.574,0.01,0.984,0.04]},{"duration":0,"rotate":-6}]},{"name":"bone5","rotateFrame":[{"duration":15,"curve":[0.196,0.75,0.75,1],"rotate":-4},{"duration":130},{"duration":15,"curve":[0.574,0.01,0.984,0.04]},{"duration":0,"rotate":-6}]},{"name":"bone4","rotateFrame":[{"duration":15,"curve":[0.196,0.75,0.75,1],"rotate":6},{"duration":130},{"duration":15,"curve":[0.574,0.01,0.984,0.04]},{"duration":0,"rotate":6}]},{"name":"bone2","rotateFrame":[{"duration":15,"curve":[0.196,0.75,0.75,1],"rotate":6},{"duration":130},{"duration":15,"curve":[0.574,0.01,0.984,0.04]},{"duration":0,"rotate":6}]},{"name":"credit","translateFrame":[{"duration":60,"y":30.52},{"duration":15,"curve":[0.25,0,0.75,1],"y":30.52},{"duration":30},{"duration":15,"curve":[0.25,0,0.75,1]},{"duration":40,"y":30.52}]}],"slot":[{"name":"credit","colorFrame":[{"duration":60,"value":{"aM":0}},{"duration":15,"curve":[0.25,0,0.75,1],"value":{"aM":0}},{"duration":30},{"duration":15,"curve":[0.25,0,0.75,1]},{"duration":40,"value":{"aM":0}}]},{"name":"result_l","colorFrame":[{"duration":30,"value":{"aM":0}},{"duration":5,"curve":[0.491,0.18,0.377,1],"value":{"aM":0}},{"duration":95},{"duration":5,"curve":[0.989,0.04,0.75,1]},{"duration":25,"value":{"aM":0}}]},{"name":"L_bg","displayFrame":[{"duration":160,"value":1}],"colorFrame":[{"duration":21,"tweenEasing":0,"value":{"aM":0}},{"duration":3,"curve":[0.25,0,0.75,1],"value":{"aM":0}},{"duration":117},{"duration":4,"curve":[0.25,0,0.75,1]},{"duration":15,"value":{"aM":0}}]},{"name":"result_middle","colorFrame":[{"duration":30,"value":{"aM":0}},{"duration":5,"curve":[0.491,0.18,0.377,1],"value":{"aM":0}},{"duration":95},{"duration":5,"curve":[0.989,0.04,0.75,1]},{"duration":25,"value":{"aM":0}}]},{"name":"result_r","colorFrame":[{"duration":30,"value":{"aM":0}},{"duration":5,"curve":[0.491,0.18,0.377,1],"value":{"aM":0}},{"duration":95},{"duration":5,"curve":[0.989,0.04,0.75,1]},{"duration":25,"value":{"aM":0}}]},{"name":"R_bg","colorFrame":[{"duration":21,"value":{"aM":0}},{"duration":3,"curve":[0.25,0,0.75,1],"value":{"aM":0}},{"duration":117},{"duration":4,"curve":[0.25,0,0.75,1]},{"duration":15,"value":{"aM":0}}]},{"name":"flare","colorFrame":[{"duration":30,"value":{"aM":0,"rM":94,"gM":74,"bM":34}},{"duration":15,"curve":[0.25,0,0.75,1],"value":{"aM":0,"rM":94,"gM":74,"bM":34}},{"duration":75,"value":{"aM":54,"rM":94,"gM":74,"bM":34}},{"duration":15,"curve":[0.25,0,0.75,1],"value":{"aM":54,"rM":94,"gM":74,"bM":34}},{"duration":25,"value":{"aM":0,"rM":94,"gM":74,"bM":34}}]},{"name":"graphic_01","colorFrame":[{"duration":20,"value":{"aM":0}},{"duration":5,"curve":[0.25,0,0.75,1],"value":{"aM":0}},{"duration":115},{"duration":5,"curve":[0.25,0,0.75,1]},{"duration":15,"value":{"aM":0}}]},{"name":"graphic_02","colorFrame":[{"duration":20,"value":{"aM":0}},{"duration":5,"curve":[0.25,0,0.75,1],"value":{"aM":0}},{"duration":115},{"duration":5,"curve":[0.25,0,0.75,1]},{"duration":15,"value":{"aM":0}}]},{"name":"graphic_03","colorFrame":[{"duration":20,"value":{"aM":0}},{"duration":5,"curve":[0.25,0,0.75,1],"value":{"aM":0}},{"duration":115},{"duration":5,"curve":[0.25,0,0.75,1]},{"duration":15,"value":{"aM":0}}]},{"name":"line_left","colorFrame":[{"duration":21,"value":{"aM":0}},{"duration":3,"curve":[0.25,0,0.75,1],"value":{"aM":0}},{"duration":117},{"duration":4,"curve":[0.25,0,0.75,1]},{"duration":15,"value":{"aM":0}}]},{"name":"line_right","colorFrame":[{"duration":21,"value":{"aM":0}},{"duration":3,"curve":[0.25,0,0.75,1],"value":{"aM":0}},{"duration":117},{"duration":4,"curve":[0.25,0,0.75,1]},{"duration":15,"value":{"aM":0}}]},{"name":"middle_bg","colorFrame":[{"duration":10,"curve":[0.196,0.75,0.75,1],"value":{"aM":0}},{"duration":140},{"duration":10,"curve":[0.574,0.01,0.993,0.49]},{"duration":0,"value":{"aM":0}}]},{"name":"square","colorFrame":[{"duration":10,"curve":[0.196,0.75,0.75,1],"value":{"aM":0}},{"duration":140},{"duration":10,"curve":[0.574,0.01,0.993,0.49]},{"duration":0,"value":{"aM":0}}]},{"name":"tag","colorFrame":[{"duration":50,"value":{"aM":0}},{"duration":15,"curve":[0.672,0.01,0.75,1],"value":{"aM":0}},{"duration":45},{"duration":15,"curve":[0.25,0,0.335,1]},{"duration":35,"value":{"aM":0}}]},{"name":"textutre_02","colorFrame":[{"duration":6,"value":{"aM":0}},{"duration":7,"curve":[0.25,0,0.75,1],"value":{"aM":0}},{"duration":132},{"duration":5,"curve":[0.25,0,0.75,1]},{"duration":10,"value":{"aM":0}}]},{"name":"textutre_03","colorFrame":[{"duration":9,"value":{"aM":0}},{"duration":9,"curve":[0.25,0,0.75,1],"value":{"aM":0}},{"duration":123},{"duration":7,"curve":[0.25,0,0.75,1]},{"duration":12,"value":{"aM":0}}]},{"name":"textutre_04","colorFrame":[{"duration":14,"value":{"aM":0}},{"duration":11,"curve":[0.25,0,0.75,1],"value":{"aM":0}},{"duration":110},{"duration":10,"curve":[0.25,0,0.75,1]},{"duration":15,"value":{"aM":0}}]}]},{"duration":160,"name":"ani_result_win_loss_rbg","bone":[{"name":"tag","scaleFrame":[{"duration":50,"x":0},{"duration":15,"curve":[0.672,0.01,0.75,1],"x":0},{"duration":45},{"duration":15,"curve":[0.25,0,0.335,1]},{"duration":35,"x":0}]},{"name":"middle_group_rotate","translateFrame":[{"duration":10,"curve":[0.196,0.75,0.75,1],"y":77.59},{"duration":140},{"duration":10,"curve":[0.574,0.01,0.993,0.49]},{"duration":0,"y":77.59}]},{"name":"result_middle_rotate","rotateFrame":[{"duration":30,"rotate":-7.42},{"duration":10,"curve":[0.491,0.18,0.377,1],"rotate":-7.42},{"duration":5,"curve":[0.25,0,0.75,1],"rotate":1},{"duration":75},{"duration":15,"curve":[0.989,0.04,0.75,1]},{"duration":25,"rotate":6.95}]},{"name":"graphic_03","translateFrame":[{"duration":20,"x":-28.85},{"duration":10,"curve":[0.25,0,0.75,1],"x":-28.85},{"duration":105},{"duration":10,"curve":[0.25,0,0.75,1]},{"duration":15,"x":-28.85}]},{"name":"graphic_02","translateFrame":[{"duration":20,"x":-43.15},{"duration":10,"curve":[0.25,0,0.75,1],"x":-43.15},{"duration":105},{"duration":10,"curve":[0.25,0,0.75,1]},{"duration":15,"x":-43.15}]},{"name":"graphic_01","translateFrame":[{"duration":20,"x":-43.15},{"duration":10,"curve":[0.25,0,0.75,1],"x":-43.15},{"duration":105},{"duration":10,"curve":[0.25,0,0.75,1]},{"duration":15,"x":-43.15}]},{"name":"textutre_01","scaleFrame":[{"duration":5,"x":0,"y":0},{"duration":5,"curve":[0.25,0,0.75,1],"x":0,"y":0},{"duration":137},{"duration":8,"curve":[0.25,0,0.75,1]},{"duration":5,"x":0,"y":0}]},{"name":"textutre_02","scaleFrame":[{"duration":6,"x":0.3,"y":0.3},{"duration":7,"curve":[0.25,0,0.75,1],"x":0.3,"y":0.3},{"duration":132},{"duration":5,"curve":[0.25,0,0.75,1]},{"duration":10,"x":0.3,"y":0.3}]},{"name":"textutre_03","scaleFrame":[{"duration":9,"x":0.6,"y":0.6},{"duration":9,"curve":[0.25,0,0.75,1],"x":0.6,"y":0.6},{"duration":123},{"duration":7,"curve":[0.25,0,0.75,1]},{"duration":12,"x":0.6,"y":0.6}]},{"name":"textutre_04","translateFrame":[{"duration":14,"x":-9.48},{"duration":11,"curve":[0.25,0,0.75,1],"x":-9.48},{"duration":110},{"duration":10,"curve":[0.25,0,0.75,1]},{"duration":15,"x":-9.48}]},{"name":"R_group","rotateFrame":[{"duration":21,"rotate":-18.63},{"duration":9,"curve":[0.25,0,0.75,1],"rotate":-18.63},{"duration":105},{"duration":10,"curve":[0.25,0,0.75,1]},{"duration":15,"rotate":-18.63}]},{"name":"L_group","rotateFrame":[{"duration":21,"rotate":18.18},{"duration":9,"curve":[0.25,0,0.75,1],"rotate":18.18},{"duration":105},{"duration":10,"curve":[0.25,0,0.75,1]},{"duration":15,"rotate":18.18}]},{"name":"result_r_rotate","rotateFrame":[{"duration":30,"rotate":-6.19},{"duration":10,"curve":[0.491,0.18,0.377,1],"rotate":-6.19},{"duration":5,"tweenEasing":0,"rotate":1.6},{"duration":75},{"duration":15,"curve":[0.989,0.04,0.75,1]},{"duration":25,"rotate":6.95}]},{"name":"result_l_rotate","rotateFrame":[{"duration":30,"rotate":-6.19},{"duration":10,"curve":[0.491,0.18,0.381,1],"rotate":-6.19},{"duration":5,"tweenEasing":0,"rotate":1.6},{"duration":75},{"duration":15,"curve":[0.989,0.04,0.75,1]},{"duration":25,"rotate":6.95}]},{"name":"bone3","scaleFrame":[{"duration":5,"curve":[0.196,0.75,0.75,1],"y":0.8},{"duration":150},{"duration":5,"curve":[0.574,0.01,0.993,0.49]},{"duration":0,"y":0.8}]},{"name":"bone6","rotateFrame":[{"duration":15,"curve":[0.196,0.75,0.75,1],"rotate":-8},{"duration":130},{"duration":15,"curve":[0.574,0.01,0.984,0.04]},{"duration":0,"rotate":-6}]},{"name":"bone5","rotateFrame":[{"duration":15,"curve":[0.196,0.75,0.75,1],"rotate":-4},{"duration":130},{"duration":15,"curve":[0.574,0.01,0.984,0.04]},{"duration":0,"rotate":-6}]},{"name":"bone4","rotateFrame":[{"duration":15,"curve":[0.196,0.75,0.75,1],"rotate":6},{"duration":130},{"duration":15,"curve":[0.574,0.01,0.984,0.04]},{"duration":0,"rotate":6}]},{"name":"bone2","rotateFrame":[{"duration":15,"curve":[0.196,0.75,0.75,1],"rotate":6},{"duration":130},{"duration":15,"curve":[0.574,0.01,0.984,0.04]},{"duration":0,"rotate":6}]},{"name":"credit","translateFrame":[{"duration":60,"y":30.52},{"duration":15,"curve":[0.25,0,0.75,1],"y":30.52},{"duration":30},{"duration":15,"curve":[0.25,0,0.75,1]},{"duration":40,"y":30.52}]}],"slot":[{"name":"credit","colorFrame":[{"duration":60,"value":{"aM":0}},{"duration":15,"curve":[0.25,0,0.75,1],"value":{"aM":0}},{"duration":30},{"duration":15,"curve":[0.25,0,0.75,1]},{"duration":40,"value":{"aM":0}}]},{"name":"result_l","colorFrame":[{"duration":30,"value":{"aM":0}},{"duration":5,"curve":[0.491,0.18,0.377,1],"value":{"aM":0}},{"duration":95},{"duration":5,"curve":[0.989,0.04,0.75,1]},{"duration":25,"value":{"aM":0}}]},{"name":"L_bg","displayFrame":[{"duration":160,"value":2}],"colorFrame":[{"duration":21,"tweenEasing":0,"value":{"aM":0}},{"duration":3,"curve":[0.25,0,0.75,1],"value":{"aM":0}},{"duration":117},{"duration":4,"curve":[0.25,0,0.75,1]},{"duration":15,"value":{"aM":0}}]},{"name":"result_middle","colorFrame":[{"duration":30,"value":{"aM":0}},{"duration":5,"curve":[0.491,0.18,0.377,1],"value":{"aM":0}},{"duration":95},{"duration":5,"curve":[0.989,0.04,0.75,1]},{"duration":25,"value":{"aM":0}}]},{"name":"result_r","colorFrame":[{"duration":30,"value":{"aM":0}},{"duration":5,"curve":[0.491,0.18,0.377,1],"value":{"aM":0}},{"duration":95},{"duration":5,"curve":[0.989,0.04,0.75,1]},{"duration":25,"value":{"aM":0}}]},{"name":"R_bg","displayFrame":[{"duration":160,"value":1}],"colorFrame":[{"duration":21,"tweenEasing":0,"value":{"aM":0}},{"duration":3,"curve":[0.25,0,0.75,1],"value":{"aM":0}},{"duration":117},{"duration":4,"curve":[0.25,0,0.75,1]},{"duration":15,"value":{"aM":0}}]},{"name":"flare","colorFrame":[{"duration":30,"value":{"aM":0,"rM":94,"gM":74,"bM":34}},{"duration":15,"curve":[0.25,0,0.75,1],"value":{"aM":0,"rM":94,"gM":74,"bM":34}},{"duration":75,"value":{"aM":54,"rM":94,"gM":74,"bM":34}},{"duration":15,"curve":[0.25,0,0.75,1],"value":{"aM":54,"rM":94,"gM":74,"bM":34}},{"duration":25,"value":{"aM":0,"rM":94,"gM":74,"bM":34}}]},{"name":"graphic_01","colorFrame":[{"duration":20,"value":{"aM":0}},{"duration":5,"curve":[0.25,0,0.75,1],"value":{"aM":0}},{"duration":115},{"duration":5,"curve":[0.25,0,0.75,1]},{"duration":15,"value":{"aM":0}}]},{"name":"graphic_02","colorFrame":[{"duration":20,"value":{"aM":0}},{"duration":5,"curve":[0.25,0,0.75,1],"value":{"aM":0}},{"duration":115},{"duration":5,"curve":[0.25,0,0.75,1]},{"duration":15,"value":{"aM":0}}]},{"name":"graphic_03","colorFrame":[{"duration":20,"value":{"aM":0}},{"duration":5,"curve":[0.25,0,0.75,1],"value":{"aM":0}},{"duration":115},{"duration":5,"curve":[0.25,0,0.75,1]},{"duration":15,"value":{"aM":0}}]},{"name":"line_left","colorFrame":[{"duration":21,"value":{"aM":0}},{"duration":3,"curve":[0.25,0,0.75,1],"value":{"aM":0}},{"duration":117},{"duration":4,"curve":[0.25,0,0.75,1]},{"duration":15,"value":{"aM":0}}]},{"name":"line_right","colorFrame":[{"duration":21,"value":{"aM":0}},{"duration":3,"curve":[0.25,0,0.75,1],"value":{"aM":0}},{"duration":117},{"duration":4,"curve":[0.25,0,0.75,1]},{"duration":15,"value":{"aM":0}}]},{"name":"middle_bg","displayFrame":[{"duration":160}],"colorFrame":[{"duration":10,"curve":[0.098,0.375,0.875,1],"value":{"aM":0}},{"duration":140},{"duration":10,"curve":[0.574,0.01,0.993,0.49]},{"duration":0,"value":{"aM":0}}]},{"name":"square","colorFrame":[{"duration":10,"curve":[0.196,0.75,0.75,1],"value":{"aM":0}},{"duration":140},{"duration":10,"curve":[0.574,0.01,0.993,0.49]},{"duration":0,"value":{"aM":0}}]},{"name":"tag","colorFrame":[{"duration":50,"value":{"aM":0}},{"duration":15,"curve":[0.672,0.01,0.75,1],"value":{"aM":0}},{"duration":45},{"duration":15,"curve":[0.25,0,0.335,1]},{"duration":35,"value":{"aM":0}}]},{"name":"textutre_02","colorFrame":[{"duration":6,"value":{"aM":0}},{"duration":7,"curve":[0.25,0,0.75,1],"value":{"aM":0}},{"duration":132},{"duration":5,"curve":[0.25,0,0.75,1]},{"duration":10,"value":{"aM":0}}]},{"name":"textutre_03","colorFrame":[{"duration":9,"value":{"aM":0}},{"duration":9,"curve":[0.25,0,0.75,1],"value":{"aM":0}},{"duration":123},{"duration":7,"curve":[0.25,0,0.75,1]},{"duration":12,"value":{"aM":0}}]},{"name":"textutre_04","colorFrame":[{"duration":14,"value":{"aM":0}},{"duration":11,"curve":[0.25,0,0.75,1],"value":{"aM":0}},{"duration":110},{"duration":10,"curve":[0.25,0,0.75,1]},{"duration":15,"value":{"aM":0}}]}]},{"duration":160,"name":"ani_result_win_loss_rbr","bone":[{"name":"credit","translateFrame":[{"duration":60,"y":30.52},{"duration":15,"curve":[0.25,0,0.75,1],"y":30.52},{"duration":30},{"duration":15,"curve":[0.25,0,0.75,1]},{"duration":40,"y":30.52}]},{"name":"tag","scaleFrame":[{"duration":50,"x":0},{"duration":15,"curve":[0.672,0.01,0.75,1],"x":0},{"duration":45},{"duration":15,"curve":[0.25,0,0.335,1]},{"duration":35,"x":0}]},{"name":"middle_group_rotate","translateFrame":[{"duration":10,"curve":[0.196,0.75,0.75,1],"y":77.59},{"duration":140},{"duration":10,"curve":[0.574,0.01,0.993,0.49]},{"duration":0,"y":77.59}]},{"name":"result_middle_rotate","rotateFrame":[{"duration":30,"rotate":-7.42},{"duration":10,"curve":[0.491,0.18,0.377,1],"rotate":-7.42},{"duration":5,"curve":[0.25,0,0.75,1],"rotate":1},{"duration":75},{"duration":15,"curve":[0.989,0.04,0.75,1]},{"duration":25,"rotate":6.95}]},{"name":"graphic_03","translateFrame":[{"duration":20,"x":-28.85},{"duration":10,"curve":[0.25,0,0.75,1],"x":-28.85},{"duration":105},{"duration":10,"curve":[0.25,0,0.75,1]},{"duration":15,"x":-28.85}]},{"name":"graphic_02","translateFrame":[{"duration":20,"x":-43.15},{"duration":10,"curve":[0.25,0,0.75,1],"x":-43.15},{"duration":105},{"duration":10,"curve":[0.25,0,0.75,1]},{"duration":15,"x":-43.15}]},{"name":"graphic_01","translateFrame":[{"duration":20,"x":-43.15},{"duration":10,"curve":[0.25,0,0.75,1],"x":-43.15},{"duration":105},{"duration":10,"curve":[0.25,0,0.75,1]},{"duration":15,"x":-43.15}]},{"name":"textutre_01","scaleFrame":[{"duration":5,"x":0,"y":0},{"duration":5,"curve":[0.25,0,0.75,1],"x":0,"y":0},{"duration":137},{"duration":8,"curve":[0.25,0,0.75,1]},{"duration":5,"x":0,"y":0}]},{"name":"textutre_02","scaleFrame":[{"duration":6,"x":0.3,"y":0.3},{"duration":7,"curve":[0.25,0,0.75,1],"x":0.3,"y":0.3},{"duration":132},{"duration":5,"curve":[0.25,0,0.75,1]},{"duration":10,"x":0.3,"y":0.3}]},{"name":"textutre_03","scaleFrame":[{"duration":9,"x":0.6,"y":0.6},{"duration":9,"curve":[0.25,0,0.75,1],"x":0.6,"y":0.6},{"duration":123},{"duration":7,"curve":[0.25,0,0.75,1]},{"duration":12,"x":0.6,"y":0.6}]},{"name":"textutre_04","translateFrame":[{"duration":14,"x":-9.48},{"duration":11,"curve":[0.25,0,0.75,1],"x":-9.48},{"duration":110},{"duration":10,"curve":[0.25,0,0.75,1]},{"duration":15,"x":-9.48}]},{"name":"R_group","rotateFrame":[{"duration":21,"rotate":-18.63},{"duration":9,"curve":[0.25,0,0.75,1],"rotate":-18.63},{"duration":105},{"duration":10,"curve":[0.25,0,0.75,1]},{"duration":15,"rotate":-18.63}]},{"name":"L_group","rotateFrame":[{"duration":21,"rotate":18.18},{"duration":9,"curve":[0.25,0,0.75,1],"rotate":18.18},{"duration":105},{"duration":10,"curve":[0.25,0,0.75,1]},{"duration":15,"rotate":18.18}]},{"name":"result_r_rotate","rotateFrame":[{"duration":30,"rotate":-6.19},{"duration":10,"curve":[0.491,0.18,0.377,1],"rotate":-6.19},{"duration":5,"tweenEasing":0,"rotate":1.6},{"duration":75},{"duration":15,"curve":[0.989,0.04,0.75,1]},{"duration":25,"rotate":6.95}]},{"name":"result_l_rotate","rotateFrame":[{"duration":30,"rotate":-6.19},{"duration":10,"curve":[0.491,0.18,0.381,1],"rotate":-6.19},{"duration":5,"tweenEasing":0,"rotate":1.6},{"duration":75},{"duration":15,"curve":[0.989,0.04,0.75,1]},{"duration":25,"rotate":6.95}]},{"name":"bone3","scaleFrame":[{"duration":5,"curve":[0.196,0.75,0.75,1],"y":0.8},{"duration":150},{"duration":5,"curve":[0.574,0.01,0.993,0.49]},{"duration":0,"y":0.8}]},{"name":"bone6","rotateFrame":[{"duration":15,"curve":[0.196,0.75,0.75,1],"rotate":-8},{"duration":130},{"duration":15,"curve":[0.574,0.01,0.984,0.04]},{"duration":0,"rotate":-6}]},{"name":"bone5","rotateFrame":[{"duration":15,"curve":[0.196,0.75,0.75,1],"rotate":-4},{"duration":130},{"duration":15,"curve":[0.574,0.01,0.984,0.04]},{"duration":0,"rotate":-6}]},{"name":"bone4","rotateFrame":[{"duration":15,"curve":[0.196,0.75,0.75,1],"rotate":6},{"duration":130},{"duration":15,"curve":[0.574,0.01,0.984,0.04]},{"duration":0,"rotate":6}]},{"name":"bone2","rotateFrame":[{"duration":15,"curve":[0.196,0.75,0.75,1],"rotate":6},{"duration":130},{"duration":15,"curve":[0.574,0.01,0.984,0.04]},{"duration":0,"rotate":6}]}],"slot":[{"name":"credit","colorFrame":[{"duration":60,"value":{"aM":0}},{"duration":15,"curve":[0.25,0,0.75,1],"value":{"aM":0}},{"duration":30},{"duration":15,"curve":[0.25,0,0.75,1]},{"duration":40,"value":{"aM":0}}]},{"name":"result_l","colorFrame":[{"duration":30,"value":{"aM":0}},{"duration":5,"curve":[0.491,0.18,0.377,1],"value":{"aM":0}},{"duration":95},{"duration":5,"curve":[0.989,0.04,0.75,1]},{"duration":25,"value":{"aM":0}}]},{"name":"L_bg","displayFrame":[{"duration":160,"value":2}],"colorFrame":[{"duration":21,"tweenEasing":0,"value":{"aM":0}},{"duration":3,"curve":[0.25,0,0.75,1],"value":{"aM":0}},{"duration":117},{"duration":4,"curve":[0.25,0,0.75,1]},{"duration":15,"value":{"aM":0}}]},{"name":"result_middle","colorFrame":[{"duration":30,"value":{"aM":0}},{"duration":5,"curve":[0.491,0.18,0.377,1],"value":{"aM":0}},{"duration":95},{"duration":5,"curve":[0.989,0.04,0.75,1]},{"duration":25,"value":{"aM":0}}]},{"name":"result_r","colorFrame":[{"duration":30,"value":{"aM":0}},{"duration":5,"curve":[0.491,0.18,0.377,1],"value":{"aM":0}},{"duration":95},{"duration":5,"curve":[0.989,0.04,0.75,1]},{"duration":25,"value":{"aM":0}}]},{"name":"R_bg","displayFrame":[{"duration":160,"value":2}],"colorFrame":[{"duration":21,"tweenEasing":0,"value":{"aM":0}},{"duration":3,"curve":[0.25,0,0.75,1],"value":{"aM":0}},{"duration":117},{"duration":4,"curve":[0.25,0,0.75,1]},{"duration":15,"value":{"aM":0}}]},{"name":"flare","colorFrame":[{"duration":30,"value":{"aM":0,"rM":94,"gM":74,"bM":34}},{"duration":15,"curve":[0.25,0,0.75,1],"value":{"aM":0,"rM":94,"gM":74,"bM":34}},{"duration":75,"value":{"aM":54,"rM":94,"gM":74,"bM":34}},{"duration":15,"curve":[0.25,0,0.75,1],"value":{"aM":54,"rM":94,"gM":74,"bM":34}},{"duration":25,"value":{"aM":0,"rM":94,"gM":74,"bM":34}}]},{"name":"graphic_01","colorFrame":[{"duration":20,"value":{"aM":0}},{"duration":5,"curve":[0.25,0,0.75,1],"value":{"aM":0}},{"duration":115},{"duration":5,"curve":[0.25,0,0.75,1]},{"duration":15,"value":{"aM":0}}]},{"name":"graphic_02","colorFrame":[{"duration":20,"value":{"aM":0}},{"duration":5,"curve":[0.25,0,0.75,1],"value":{"aM":0}},{"duration":115},{"duration":5,"curve":[0.25,0,0.75,1]},{"duration":15,"value":{"aM":0}}]},{"name":"graphic_03","colorFrame":[{"duration":20,"value":{"aM":0}},{"duration":5,"curve":[0.25,0,0.75,1],"value":{"aM":0}},{"duration":115},{"duration":5,"curve":[0.25,0,0.75,1]},{"duration":15,"value":{"aM":0}}]},{"name":"line_left","colorFrame":[{"duration":21,"value":{"aM":0}},{"duration":3,"curve":[0.25,0,0.75,1],"value":{"aM":0}},{"duration":117},{"duration":4,"curve":[0.25,0,0.75,1]},{"duration":15,"value":{"aM":0}}]},{"name":"line_right","colorFrame":[{"duration":21,"value":{"aM":0}},{"duration":3,"curve":[0.25,0,0.75,1],"value":{"aM":0}},{"duration":117},{"duration":4,"curve":[0.25,0,0.75,1]},{"duration":15,"value":{"aM":0}}]},{"name":"middle_bg","displayFrame":[{"duration":160}],"colorFrame":[{"duration":10,"curve":[0.098,0.375,0.875,1],"value":{"aM":0}},{"duration":140},{"duration":10,"curve":[0.574,0.01,0.993,0.49]},{"duration":0,"value":{"aM":0}}]},{"name":"square","colorFrame":[{"duration":10,"curve":[0.196,0.75,0.75,1],"value":{"aM":0}},{"duration":140},{"duration":10,"curve":[0.574,0.01,0.993,0.49]},{"duration":0,"value":{"aM":0}}]},{"name":"tag","colorFrame":[{"duration":50,"value":{"aM":0}},{"duration":15,"curve":[0.672,0.01,0.75,1],"value":{"aM":0}},{"duration":45},{"duration":15,"curve":[0.25,0,0.335,1]},{"duration":35,"value":{"aM":0}}]},{"name":"textutre_02","colorFrame":[{"duration":6,"value":{"aM":0}},{"duration":7,"curve":[0.25,0,0.75,1],"value":{"aM":0}},{"duration":132},{"duration":5,"curve":[0.25,0,0.75,1]},{"duration":10,"value":{"aM":0}}]},{"name":"textutre_03","colorFrame":[{"duration":9,"value":{"aM":0}},{"duration":9,"curve":[0.25,0,0.75,1],"value":{"aM":0}},{"duration":123},{"duration":7,"curve":[0.25,0,0.75,1]},{"duration":12,"value":{"aM":0}}]},{"name":"textutre_04","colorFrame":[{"duration":14,"value":{"aM":0}},{"duration":11,"curve":[0.25,0,0.75,1],"value":{"aM":0}},{"duration":110},{"duration":10,"curve":[0.25,0,0.75,1]},{"duration":15,"value":{"aM":0}}]}]}],"defaultActions":[{"gotoAndPlay":"ani_result_no_bets_bgr"}]}]}