{"width":128,"SubTexture":[{"width":56,"y":67,"height":56,"name":"d_ba_btn_pictureinpicture_bg","x":1},{"width":23,"y":1,"height":23,"name":"d_ba_btn_pictureinpicture_arrow_1","x":67},{"width":64,"y":1,"height":64,"name":"d_ba_roadmap_btn_swap_number_bg","x":1},{"width":54,"y":67,"height":46,"name":"d_ba_roadmap_btn_swap_arror","x":59},{"frameX":-4,"y":1,"frameY":-4,"frameWidth":21,"width":13,"frameHeight":29,"height":21,"name":"d_ba_roadmap_btn_swap_number","x":92}],"height":128,"name":"Baccarat","imagePath":"Baccarat_tex.png"}