{"width":128,"imagePath":"baccarat_tex.png","height":128,"name":"baccarat","SubTexture":[{"width":56,"y":67,"height":56,"name":"d_ba_btn_pictureinpicture_bg","x":1},{"width":23,"y":1,"height":23,"name":"d_ba_btn_pictureinpicture_arrow_1","x":67},{"width":64,"y":1,"height":64,"name":"d_ba_roadmap_btn_swap_number_bg","x":1},{"width":54,"y":67,"height":46,"name":"d_ba_roadmap_btn_swap_arror","x":59},{"y":1,"frameX":-4,"frameHeight":29,"frameY":-4,"width":13,"frameWidth":21,"height":21,"name":"d_ba_roadmap_btn_swap_number","x":92}]}