{"width":1024,"SubTexture":[{"width":660,"y":1,"height":239,"name":"L1_shadow","x":1},{"width":614,"y":242,"height":194,"name":"L2_shadow","x":1},{"width":555,"y":556,"height":118,"name":"bg_sicbo","x":1},{"width":238,"y":556,"height":113,"name":"B_R_line_01","x":558},{"frameWidth":59,"y":650,"frameHeight":113,"width":51,"frameX":-4,"height":105,"name":"B_R_line_02","frameY":-4,"x":851},{"frameWidth":59,"y":746,"frameHeight":113,"width":51,"frameX":-4,"height":105,"name":"B_R_line_03","frameY":-4,"x":904},{"frameWidth":60,"y":1,"frameHeight":113,"width":52,"frameX":-4,"height":105,"name":"B_R_line_04","frameY":-4,"x":929},{"frameWidth":59,"y":289,"frameHeight":113,"width":51,"frameX":-4,"height":105,"name":"B_R_line_05","frameY":-4,"x":971},{"frameWidth":59,"y":746,"frameHeight":113,"width":51,"frameX":-4,"height":105,"name":"B_R_line_06","frameY":-4,"x":957},{"frameWidth":59,"y":650,"frameHeight":113,"width":51,"frameX":-4,"height":105,"name":"B_R_line_07","frameY":-4,"x":798},{"frameWidth":60,"y":419,"frameHeight":113,"width":52,"frameX":-4,"height":105,"name":"B_R_line_08","frameY":-4,"x":956},{"width":239,"y":121,"height":113,"name":"B_L_line_01","x":663},{"frameWidth":59,"y":671,"frameHeight":113,"width":51,"frameX":-4,"height":105,"name":"B_L_line_02","frameY":-4,"x":674},{"frameWidth":59,"y":671,"frameHeight":113,"width":51,"frameX":-4,"height":105,"name":"B_L_line_03","frameY":-4,"x":621},{"frameWidth":60,"y":532,"frameHeight":113,"width":52,"frameX":-4,"height":105,"name":"B_L_line_04","frameY":-4,"x":953},{"frameWidth":59,"y":671,"frameHeight":113,"width":51,"frameX":-4,"height":105,"name":"B_L_line_05","frameY":-4,"x":727},{"frameWidth":59,"y":853,"frameHeight":113,"width":51,"frameX":-4,"height":105,"name":"B_L_line_06","frameY":-4,"x":957},{"frameWidth":59,"y":639,"frameHeight":113,"width":51,"frameX":-4,"height":105,"name":"B_L_line_07","frameY":-4,"x":953},{"frameWidth":60,"y":182,"frameHeight":113,"width":52,"frameX":-4,"height":105,"name":"B_L_line_08","frameY":-4,"x":967},{"frameWidth":599,"y":968,"frameHeight":14,"width":591,"frameX":-4,"height":6,"name":"B_bottom_line","frameY":-4,"x":1},{"frameWidth":599,"y":960,"frameHeight":14,"width":591,"frameX":-4,"height":6,"name":"B_top_line","frameY":-4,"x":1},{"width":1,"y":552,"height":1,"name":"+800","x":781},{"width":146,"y":532,"height":19,"name":"A_top_line_light_0","x":624},{"width":110,"y":121,"height":59,"name":"A_pattern_01","x":904},{"width":190,"y":360,"height":99,"name":"A_pattern_02","x":624},{"width":264,"y":1,"height":118,"name":"A_pattern_03","x":663},{"width":348,"y":242,"height":116,"name":"A_pattern_04","x":617},{"width":621,"y":438,"height":116,"name":"A_pattern_05","x":1},{"frameWidth":283,"y":960,"frameHeight":19,"width":275,"frameX":-4,"height":11,"name":"A_L_top_line","frameY":-4,"x":594},{"frameWidth":283,"y":973,"frameHeight":19,"width":275,"frameX":-4,"height":11,"name":"A_R_top_line","frameY":-4,"x":594},{"frameWidth":626,"y":676,"frameHeight":31,"width":618,"frameX":-4,"height":23,"name":"A_bottom_line","frameY":-4,"x":1},{"frameWidth":27,"y":532,"frameHeight":26,"width":19,"frameX":-4,"height":18,"name":"A_square","frameY":-4,"x":772},{"frameWidth":71,"y":960,"frameHeight":55,"width":63,"frameX":-4,"height":47,"name":"A_crown","frameY":-4,"x":871},{"width":32,"y":650,"height":46,"name":"A_crown_light_01","x":904},{"width":61,"y":182,"height":47,"name":"A_crown_light_02","x":904},{"frameWidth":172,"y":461,"frameHeight":77,"width":164,"frameX":-4,"height":69,"name":"blue_shadow","frameY":-4,"x":790},{"frameWidth":161,"y":360,"frameHeight":65,"width":153,"frameX":-4,"height":57,"name":"blue","frameY":-4,"x":816},{"frameWidth":161,"y":532,"frameHeight":65,"width":153,"frameX":-4,"height":57,"name":"green","frameY":-4,"x":798},{"width":1,"y":552,"height":1,"name":"15","x":784},{"frameWidth":172,"y":461,"frameHeight":77,"width":164,"frameX":-4,"height":69,"name":"red_shadow","frameY":-4,"x":624},{"frameWidth":161,"y":591,"frameHeight":65,"width":153,"frameX":-4,"height":57,"name":"red","frameY":-4,"x":798},{"width":1,"y":552,"height":1,"name":"red_txt","x":778},{"width":1,"y":552,"height":1,"name":"blue_txt","x":787},{"width":1,"y":552,"height":1,"name":"dice_6","x":772},{"width":1,"y":552,"height":1,"name":"dice_5","x":790},{"width":1,"y":552,"height":1,"name":"dice_4","x":775}],"height":1024,"name":"sicbo_game_result","imagePath":"sicbo_game_result_tex.png"}