{"frameRate":30,"name":"sicbo_game_result","version":"5.5","compatibleVersion":"5.5","armature":[{"type":"Armature","frameRate":30,"name":"armatureName","aabb":{"x":-330,"y":-119.5,"width":660,"height":239},"bone":[{"name":"root"},{"name":"sicbo_win","parent":"root","transform":{"scX":1.004,"scY":1.004}},{"name":"sicbo_loss","parent":"root"},{"name":"crown","parent":"sicbo_win","transform":{"y":-54.37}},{"name":"L1_txt","parent":"sicbo_win"},{"length":80,"name":"L1_BG","parent":"sicbo_win","transform":{"y":-53.82,"skX":90,"skY":90}},{"name":"A_bottom_line","parent":"sicbo_win","transform":{"y":60.8}},{"name":"A_top_line_light_1","parent":"sicbo_win","transform":{"x":-95.19,"y":-57.34}},{"name":"A_pattern","parent":"sicbo_win"},{"name":"A_square","parent":"sicbo_win","transform":{"y":55.06}},{"length":80,"name":"loss_BG","parent":"sicbo_loss","transform":{"y":-59.44,"skX":90,"skY":90}},{"name":"A_top_line_light_3","parent":"sicbo_win","transform":{"x":-95.19,"y":58.6}},{"name":"red_blue_group2","parent":"sicbo_loss","transform":{"y":58.42}},{"name":"dice_group2","parent":"sicbo_loss","transform":{"y":-43.58}},{"name":"loss_R_line_01","parent":"sicbo_loss","transform":{"x":-124.34,"y":0.14}},{"name":"L_top_line","parent":"sicbo_win","transform":{"y":-58.67}},{"length":80,"name":"BG_light","parent":"sicbo_win","transform":{"y":-53.82,"skX":90,"skY":90}},{"name":"red_blue_group","parent":"sicbo_win","transform":{"y":58.16}},{"name":"loss_line_light","parent":"sicbo_loss","transform":{"x":-169.94,"y":-55.33}},{"name":"loss_txt","parent":"sicbo_loss"},{"name":"loss_top_line","parent":"sicbo_loss","transform":{"y":-54.9}},{"name":"loss_bottom_line","parent":"sicbo_loss","transform":{"y":55.1}},{"name":"loss_L_line_01","parent":"sicbo_loss","transform":{"x":124.34,"y":0.14}},{"name":"loss_line_light2","parent":"sicbo_loss","transform":{"x":-169.94,"y":54.95}},{"name":"A_pattern_below","parent":"sicbo_win","transform":{"scY":-1}},{"name":"dice_group","parent":"sicbo_win","transform":{"y":-43.39}},{"name":"A_pattern_02","parent":"A_pattern"},{"name":"A_pattern_4","parent":"A_pattern_below"},{"name":"A_pattern_5","parent":"A_pattern_below"},{"name":"A_pattern_2","parent":"A_pattern_below"},{"name":"B_R_line_02","parent":"loss_R_line_01","transform":{"x":-21.89}},{"name":"B_L_line_02","parent":"loss_L_line_01","transform":{"x":19.46}},{"name":"A_pattern_03","parent":"A_pattern"},{"name":"A_pattern_01","parent":"A_pattern"},{"name":"A_pattern_1","parent":"A_pattern_below"},{"name":"A_pattern_05","parent":"A_pattern"},{"name":"A_pattern_04","parent":"A_pattern"},{"name":"A_pattern_3","parent":"A_pattern_below"},{"name":"dice_9","parent":"dice_group","transform":{"x":90.11}},{"name":"dice_8","parent":"dice_group","transform":{"x":-0.49}},{"name":"loss_txt_middle","parent":"red_blue_group2","transform":{"y":-1.99}},{"name":"blue2","parent":"red_blue_group","transform":{"x":136.91}},{"name":"red2","parent":"red_blue_group","transform":{"x":-138.88}},{"name":"win_txt_middle","parent":"red_blue_group","transform":{"y":-1.99}},{"name":"dice_10","parent":"dice_group2","transform":{"x":-91.09}},{"name":"dice_7","parent":"dice_group","transform":{"x":-91.09}},{"name":"red3","parent":"red_blue_group2","transform":{"x":-138.88}},{"name":"dice_11","parent":"dice_group2","transform":{"x":-0.49}},{"name":"dice_12","parent":"dice_group2","transform":{"x":90.11}},{"name":"blue3","parent":"red_blue_group2","transform":{"x":136.91}},{"name":"B_L_line_03","parent":"B_L_line_02","transform":{"x":21.07}},{"name":"loss_red_txt","parent":"red3"},{"name":"B_R_line_03","parent":"B_R_line_02","transform":{"x":-20.09}},{"name":"win_blue_txt","parent":"blue2"},{"name":"loss_blue_txt","parent":"blue3"},{"name":"win_red_txt","parent":"red2"},{"name":"B_R_line_04","parent":"B_R_line_03","transform":{"x":-20.5}},{"name":"B_L_line_04","parent":"B_L_line_03","transform":{"x":20.15}},{"name":"B_L_line_05","parent":"B_L_line_04","transform":{"x":21.3}},{"name":"B_R_line_05","parent":"B_R_line_04","transform":{"x":-21.08}},{"name":"B_L_line_06","parent":"B_L_line_05","transform":{"x":20.84}},{"name":"B_R_line_06","parent":"B_R_line_05","transform":{"x":-21.16}},{"name":"B_L_line_07","parent":"B_L_line_06","transform":{"x":19.46}},{"name":"B_R_line_07","parent":"B_R_line_06","transform":{"x":-20.39}},{"name":"B_L_line_08","parent":"B_L_line_07","transform":{"x":21.07}},{"name":"B_R_line_08","parent":"B_R_line_07","transform":{"x":-21.23}}],"slot":[{"name":"L1_shadow","parent":"sicbo_win"},{"name":"L2_shadow","parent":"sicbo_loss"},{"name":"loss_BG","parent":"loss_BG"},{"name":"loss_R_line_01","parent":"loss_R_line_01"},{"name":"B_R_line_02","parent":"B_R_line_02"},{"name":"B_R_line_03","parent":"B_R_line_03"},{"name":"B_R_line_04","parent":"B_R_line_04"},{"name":"B_R_line_05","parent":"B_R_line_05"},{"name":"B_R_line_06","parent":"B_R_line_06"},{"name":"B_R_line_07","parent":"B_R_line_07"},{"name":"B_R_line_08","parent":"B_R_line_08"},{"name":"loss_L_line_01","parent":"loss_L_line_01"},{"name":"B_L_line_02","parent":"B_L_line_02"},{"name":"B_L_line_03","parent":"B_L_line_03"},{"name":"B_L_line_04","parent":"B_L_line_04"},{"name":"B_L_line_05","parent":"B_L_line_05"},{"name":"B_L_line_06","parent":"B_L_line_06"},{"name":"B_L_line_07","parent":"B_L_line_07"},{"name":"B_L_line_08","parent":"B_L_line_08"},{"name":"loss_bottom_line","parent":"loss_bottom_line"},{"name":"loss_top_line","parent":"loss_top_line"},{"name":"loss_txt","parent":"loss_txt"},{"blendMode":"add","name":"B_top_line_light_0","parent":"loss_line_light"},{"blendMode":"add","name":"B_top_line_light_1","parent":"loss_line_light2"},{"name":"L1_BG","parent":"L1_BG"},{"blendMode":"add","name":"bg_banker_light","parent":"BG_light","color":{"aM":20}},{"name":"A_pattern_01","parent":"A_pattern_01"},{"name":"A_pattern_1","parent":"A_pattern_1"},{"name":"A_pattern_02","parent":"A_pattern_02"},{"name":"A_pattern_2","parent":"A_pattern_2"},{"name":"A_pattern_03","parent":"A_pattern_03"},{"name":"A_pattern_3","parent":"A_pattern_3"},{"name":"A_pattern_04","parent":"A_pattern_04"},{"name":"A_pattern_4","parent":"A_pattern_4"},{"name":"A_pattern_05","parent":"A_pattern_05"},{"name":"A_pattern_5","parent":"A_pattern_5"},{"name":"A_L_top_line","parent":"L_top_line"},{"name":"A_R_top_line","parent":"L_top_line"},{"name":"A_bottom_line","parent":"A_bottom_line"},{"name":"A_square","parent":"A_square"},{"blendMode":"add","name":"A_square_light","parent":"A_square"},{"name":"A_crown","parent":"crown"},{"blendMode":"add","name":"A_top_line_light_0","parent":"A_top_line_light_1"},{"blendMode":"add","name":"A_top_line_light_2","parent":"A_top_line_light_3"},{"name":"L1_txt","parent":"L1_txt"},{"blendMode":"add","name":"A_crown_light_01","parent":"crown"},{"blendMode":"add","name":"A_crown_light_02","parent":"crown"},{"name":"dice_6_shadow2","parent":"dice_9"},{"name":"dice_6_shadow3","parent":"dice_12"},{"name":"dice_9","parent":"dice_9"},{"name":"dice_12","parent":"dice_12"},{"name":"dice_5_shadow2","parent":"dice_8"},{"name":"dice_5_shadow3","parent":"dice_11"},{"name":"dice_8","parent":"dice_8"},{"name":"dice_11","parent":"dice_11"},{"name":"dice_4_shadow2","parent":"dice_7"},{"name":"dice_4_shadow3","parent":"dice_10"},{"name":"dice_7","parent":"dice_7"},{"name":"dice_10","parent":"dice_10"},{"name":"blue_shadow2","parent":"blue2"},{"name":"blue_shadow3","parent":"blue3"},{"name":"blue2","parent":"blue2"},{"name":"blue3","parent":"blue3"},{"name":"15","parent":"win_txt_middle"},{"name":"16","parent":"loss_txt_middle"},{"name":"red_shadow2","parent":"red2"},{"name":"red_shadow3","parent":"red3"},{"name":"red2","parent":"red2"},{"name":"red3","parent":"red3"},{"name":"red_txt2","parent":"win_red_txt"},{"name":"red_txt3","parent":"loss_red_txt"},{"name":"blue_txt2","parent":"win_blue_txt"},{"name":"blue_txt3","parent":"loss_blue_txt"}],"skin":[{"slot":[{"name":"loss_txt","display":[{"name":"+800","transform":{"x":-1.96,"y":4.17}},{"name":"txt","transform":{"x":0.05,"y":2.66}}]},{"name":"red_txt2","display":[{"name":"red_txt","transform":{"y":1}}]},{"name":"red_txt3","display":[{"name":"red_txt","transform":{"y":1}}]},{"name":"B_R_line_04","display":[{"name":"B_R_line_04","transform":{"x":21.87,"y":-0.5}}]},{"name":"15","display":[{"name":"15","transform":{"x":-0.49}}]},{"name":"dice_4_shadow3","display":[{"name":"dice_4_shadow","transform":{"y":6}}]},{"name":"dice_9","display":[{"name":"dice_6"}]},{"name":"A_top_line_light_0","display":[{"type":"mesh","name":"A_top_line_light_0","width":146,"height":19,"vertices":[68.74,9.49,-77.26,9.49,-77.26,-9.51,68.74,-9.51],"uvs":[1,1,0,1,0,0,1,0],"triangles":[1,0,3,2,1,3],"edges":[1,0,0,3,3,2,2,1],"userEdges":[]}]},{"name":"B_R_line_05","display":[{"name":"B_R_line_05","transform":{"x":22.46,"y":-0.5}}]},{"name":"L1_shadow","display":[{"type":"mesh","name":"L1_shadow","width":660,"height":239,"vertices":[329.55,-45.92,329.55,38.66,329.55,110.15,-330.45,110.15,-330.45,43.66,-330.45,-44.16,-330.45,-128.85,329.55,-128.85],"uvs":[1,0.34698,1,0.7009,1,1,0,1,0,0.72179,0,0.35435,0,0,1,0],"triangles":[7,6,0,6,5,0,0,5,1,5,4,1,1,4,2,4,3,2],"edges":[3,2,2,1,1,0,0,7,7,6,6,5,5,4,4,3],"userEdges":[5,0,4,1]}]},{"name":"B_top_line_light_0","display":[{"type":"mesh","name":"A_top_line_light_0","width":146,"height":19,"vertices":[69.2,6.15,-76.8,6.15,-76.8,-7.97,69.2,-7.97],"uvs":[1,0.50969,0,0.50969,0,0.09663,1,0.09663],"triangles":[1,0,3,2,1,3],"edges":[1,0,0,3,3,2,2,1],"userEdges":[]}]},{"name":"B_L_line_04","display":[{"name":"B_L_line_04","transform":{"x":-20.97,"y":-0.5}}]},{"name":"A_top_line_light_2","display":[{"type":"mesh","name":"A_top_line_light_0","width":146,"height":19,"vertices":[68.74,9.49,-77.26,9.49,-77.26,-9.51,68.74,-9.51],"uvs":[1,1,0,1,0,0,1,0],"triangles":[1,0,3,2,1,3],"edges":[1,0,0,3,3,2,2,1],"userEdges":[]}]},{"name":"A_pattern_5","display":[{"type":"mesh","name":"A_pattern_05","width":621,"height":116,"vertices":[310.05,-95.14,310.05,-82.24,310.05,-68.26,310.05,-57.84,310.05,-47.26,310.05,4.02,104.19,4.02,-103.06,4.02,-310.95,4.02,-310.95,-47.01,-310.98,-61.1,-311.07,-72.21,-310.98,-84.67,-310.96,-97.83,-310.95,-111.98,-101.68,-111.98,103.96,-111.98,310.05,-111.98,-102.37,-46.53,104.33,-47.51,-102.28,-70.95,104.24,-68.52,-102.01,-84.15,104.11,-81.48,-102.3,-59.58,104.29,-59.14,-101.87,-96.31,104.04,-95.14],"uvs":[1,0.14518,1,0.25637,1,0.37692,1,0.46672,1,0.55794,1,1,0.66849,1,0.33477,1,0,1,0,0.56013,0,0.43864,0,0.34284,0,0.23542,0,0.12199,0,0,0.33698,0,0.66812,0,1,0,0.33588,0.56421,0.66872,0.55577,0.33601,0.35376,0.66858,0.37468,0.33645,0.23998,0.66837,0.26297,0.33599,0.45172,0.66866,0.45551,0.33668,0.13511,0.66826,0.1452],"triangles":[16,27,17,19,6,5,17,27,0,27,23,0,25,19,3,25,3,2,21,25,2,0,23,1,21,2,1,23,21,1,3,19,4,19,5,4,24,18,19,20,24,21,21,24,25,24,19,25,20,21,23,22,20,23,16,15,27,15,26,27,22,23,27,26,22,27,19,18,6,18,7,6,18,9,7,9,8,7,14,13,26,14,26,15,26,12,22,12,20,22,13,12,26,12,11,20,11,10,20,20,10,24,10,9,24,24,9,18],"edges":[8,7,7,6,6,5,5,4,4,3,3,2,2,1,1,0,0,17,17,16,16,15,15,14,14,13,13,12,12,11,11,10,10,9,9,8],"userEdges":[7,18,9,18,6,19,19,4,11,20,21,2,22,20,12,22,23,21,23,1,18,24,24,20,10,24,19,25,25,21,25,3,15,26,26,22,13,26,16,27,27,23,27,0]}]},{"name":"A_L_top_line","display":[{"name":"A_L_top_line","transform":{"x":-161.45,"y":0.88}}]},{"name":"A_pattern_02","display":[{"type":"mesh","name":"A_pattern_02","width":190,"height":99,"vertices":[95.05,-87.42,95.05,-78.65,95.06,-68.81,95.06,-58.53,95.05,-48.48,95.05,4.02,-94.95,4.02,-94.95,-48.93,-94.95,-58.82,-94.95,-69.41,-94.95,-77.5,-94.95,-87.89,-94.95,-94.98,95.05,-94.98],"uvs":[1,0.07642,1,0.16502,1,0.26435,1,0.36816,1,0.46977,1,1,0,1,0,0.46514,0,0.36528,0,0.25836,0,0.17655,0,0.07167,0,0,1,0],"triangles":[12,11,13,6,5,4,7,6,4,13,11,0,9,8,2,10,9,2,0,11,1,11,10,1,10,2,1,7,4,3,8,7,3,2,8,3],"edges":[6,5,5,4,4,3,3,2,2,1,1,0,0,13,13,12,12,11,11,10,10,9,9,8,8,7,7,6],"userEdges":[11,0,9,2,8,3,7,4,10,1]}]},{"name":"A_pattern_2","display":[{"type":"mesh","name":"A_pattern_02","width":190,"height":99,"vertices":[95.05,-87.42,95.05,-78.65,95.06,-68.81,95.06,-58.53,95.05,-48.48,95.05,4.02,-94.95,4.02,-94.95,-48.93,-94.95,-58.82,-94.95,-69.41,-94.95,-77.5,-94.95,-87.89,-94.95,-94.98,95.05,-94.98],"uvs":[1,0.07642,1,0.16502,1,0.26435,1,0.36816,1,0.46977,1,1,0,1,0,0.46514,0,0.36528,0,0.25836,0,0.17655,0,0.07167,0,0,1,0],"triangles":[12,11,13,6,5,4,7,6,4,13,11,0,9,8,2,10,9,2,0,11,1,11,10,1,10,2,1,7,4,3,8,7,3,2,8,3],"edges":[6,5,5,4,4,3,3,2,2,1,1,0,0,13,13,12,12,11,11,10,10,9,9,8,8,7,7,6],"userEdges":[11,0,9,2,8,3,7,4,10,1]}]},{"name":"dice_12","display":[{"name":"dice_6"}]},{"name":"blue_txt2","display":[{"name":"blue_txt","transform":{"x":-0.5,"y":2}}]},{"name":"B_R_line_06","display":[{"name":"B_R_line_06","transform":{"x":22.62,"y":-0.5}}]},{"name":"dice_7","display":[{"name":"dice_4"}]},{"name":"B_top_line_light_1","display":[{"type":"mesh","name":"A_top_line_light_0","width":146,"height":19,"vertices":[69.2,6.15,-76.8,6.15,-76.8,-7.97,69.2,-7.97],"uvs":[1,0.50969,0,0.50969,0,0.09663,1,0.09663],"triangles":[1,0,3,2,1,3],"edges":[1,0,0,3,3,2,2,1],"userEdges":[]}]},{"name":"B_L_line_05","display":[{"name":"B_L_line_05","transform":{"x":-21.77,"y":-0.5}}]},{"name":"B_L_line_06","display":[{"name":"B_L_line_06","transform":{"x":-21.61,"y":-0.5}}]},{"name":"16","display":[{"name":"15","transform":{"x":-0.49}}]},{"name":"A_R_top_line","display":[{"name":"A_R_top_line","transform":{"x":160.55,"y":0.88}}]},{"name":"L2_shadow","display":[{"type":"mesh","name":"L2_shadow","width":614,"height":194,"vertices":[334.55,-37.03,334.55,45.22,334.55,97.65,-334.45,97.65,-334.11,44.89,-334.44,-36.7,-334.45,-97.35,334.55,-97.35],"uvs":[1,0.30932,0.99999,0.73111,1,1,0,1,0.0005,0.72943,0.00001,0.31101,0,0,1,0],"triangles":[5,4,0,7,6,0,6,5,0,0,4,1,1,4,2,4,3,2],"edges":[3,2,2,1,1,0,0,7,7,6,6,5,5,4,4,3],"userEdges":[5,0,4,1]}]},{"name":"A_pattern_03","display":[{"type":"mesh","name":"A_pattern_03","width":264,"height":118,"vertices":[132.05,-100.01,131.92,-87.04,132.05,-71.11,132.05,-56.31,132.05,-48.29,132.05,4.02,10.98,4.02,-10.77,4.02,-131.95,4.02,-131.95,-48.74,-131.95,-57.24,-131.82,-70.88,-131.95,-86.77,-131.95,-100.41,-131.95,-113.98,-9.63,-113.98,11.21,-113.98,132.05,-113.98,-10,-48.38,11.14,-48.39,-9.75,-70.3,11.16,-70.43,-9.96,-56.31,11.15,-56.18,-9.72,-85.97,11.06,-86.11,-9.55,-100.41,11.2,-99.48],"uvs":[0.99999,0.1184,0.9995,0.22837,1,0.36335,1,0.48872,1,0.55675,1,1,0.54141,1,0.459,1,0,1,0.00001,0.55295,0.00001,0.48086,0.0005,0.36528,0.00001,0.23061,0,0.11503,0,0,0.46334,0,0.54228,0,1,0,0.46192,0.55596,0.54199,0.55587,0.46287,0.37019,0.54208,0.36911,0.46208,0.48873,0.54202,0.48983,0.46297,0.23738,0.5417,0.23622,0.46363,0.11502,0.54223,0.12288],"triangles":[19,6,5,17,16,0,16,27,0,21,23,3,21,3,2,0,27,1,27,25,1,21,2,1,25,21,1,19,5,4,3,23,4,23,19,4,15,26,16,20,22,23,23,22,19,22,18,19,20,23,21,25,24,21,24,20,21,16,26,27,24,25,27,26,24,27,19,18,6,18,7,6,11,10,22,9,8,7,9,7,18,11,22,20,14,13,15,11,20,24,12,11,24,13,12,24,13,24,26,15,13,26,10,9,22,22,9,18],"edges":[8,7,7,6,6,5,5,4,4,3,3,2,2,1,1,0,0,17,17,16,16,15,15,14,14,13,13,12,12,11,11,10,10,9,9,8],"userEdges":[7,18,9,18,6,19,19,4,11,20,21,2,18,22,22,20,10,22,19,23,23,21,23,3,12,24,25,1,15,26,26,24,13,26,16,27,27,25,27,0,24,20,25,21]}]},{"name":"dice_5_shadow2","display":[{"name":"dice_5_shadow","transform":{"y":6}}]},{"name":"blue_txt3","display":[{"name":"blue_txt","transform":{"x":-0.5,"y":2}}]},{"name":"B_R_line_07","display":[{"name":"B_R_line_07","transform":{"x":22.01,"y":-0.5}}]},{"name":"dice_10","display":[{"name":"dice_4"}]},{"name":"dice_5_shadow3","display":[{"name":"dice_5_shadow","transform":{"y":6}}]},{"name":"L1_txt","display":[{"name":"+800","transform":{"x":-1.95,"y":4.15}},{"name":"txt","transform":{"x":0.05,"y":2.65}}]},{"name":"B_L_line_07","display":[{"name":"B_L_line_07","transform":{"x":-20.07,"y":-0.5}}]},{"name":"red_shadow2","display":[{"name":"red_shadow","transform":{"x":0.5,"y":6}}]},{"name":"B_R_line_08","display":[{"name":"B_R_line_08","transform":{"x":22.74,"y":-0.5}}]},{"name":"loss_BG","display":[{"name":"bg_sicbo","transform":{"x":60.09,"y":-0.05,"skX":-90,"skY":-90}}]},{"name":"A_pattern_3","display":[{"type":"mesh","name":"A_pattern_03","width":264,"height":118,"vertices":[132.05,-100.01,131.92,-87.04,132.05,-71.11,132.05,-56.31,132.05,-48.29,132.05,4.02,10.98,4.02,-10.77,4.02,-131.95,4.02,-131.95,-48.74,-131.95,-57.24,-131.82,-70.88,-131.95,-86.77,-131.95,-100.41,-131.95,-113.98,-9.63,-113.98,11.21,-113.98,132.05,-113.98,-10,-48.38,11.14,-48.39,-9.75,-70.3,11.16,-70.43,-9.96,-56.31,11.15,-56.18,-9.72,-85.97,11.06,-86.11,-9.55,-100.41,11.2,-99.48],"uvs":[0.99999,0.1184,0.9995,0.22837,1,0.36335,1,0.48872,1,0.55675,1,1,0.54141,1,0.459,1,0,1,0.00001,0.55295,0.00001,0.48086,0.0005,0.36528,0.00001,0.23061,0,0.11503,0,0,0.46334,0,0.54228,0,1,0,0.46192,0.55596,0.54199,0.55587,0.46287,0.37019,0.54208,0.36911,0.46208,0.48873,0.54202,0.48983,0.46297,0.23738,0.5417,0.23622,0.46363,0.11502,0.54223,0.12288],"triangles":[19,6,5,17,16,0,16,27,0,21,23,3,21,3,2,0,27,1,27,25,1,21,2,1,25,21,1,19,5,4,3,23,4,23,19,4,15,26,16,20,22,23,23,22,19,22,18,19,20,23,21,25,24,21,24,20,21,16,26,27,24,25,27,26,24,27,19,18,6,18,7,6,11,10,22,9,8,7,9,7,18,11,22,20,14,13,15,11,20,24,12,11,24,13,12,24,13,24,26,15,13,26,10,9,22,22,9,18],"edges":[8,7,7,6,6,5,5,4,4,3,3,2,2,1,1,0,0,17,17,16,16,15,15,14,14,13,13,12,12,11,11,10,10,9,9,8],"userEdges":[7,18,9,18,6,19,19,4,11,20,21,2,18,22,22,20,10,22,19,23,23,21,23,3,12,24,25,1,15,26,26,24,13,26,16,27,27,25,27,0,24,20,25,21]}]},{"name":"L1_BG","display":[{"name":"bg_sicbo","transform":{"x":54.46,"y":-0.05,"skX":-90,"skY":-90}}]},{"name":"A_crown_light_01","display":[{"name":"A_crown_light_01","transform":{"x":-16.41,"y":-19.59}}]},{"name":"A_bottom_line","display":[{"name":"A_bottom_line","transform":{"x":-0.95,"y":4.07}}]},{"name":"blue_shadow2","display":[{"name":"blue_shadow","transform":{"x":-0.5,"y":6}}]},{"name":"dice_8","display":[{"name":"dice_5"}]},{"name":"A_crown_light_02","display":[{"name":"A_crown_light_02","transform":{"x":-0.52,"y":-19.73}}]},{"name":"red_shadow3","display":[{"name":"red_shadow","transform":{"x":0.5,"y":6}}]},{"name":"loss_L_line_01","display":[{"type":"mesh","name":"B_L_line_01","width":239,"height":113,"vertices":[186.71,56,5.72,56,-52.29,56,-52.29,-57,5.43,-57,186.71,-57],"uvs":[1,1,0.24272,1,0,1,0,0,0.24151,0,1,0],"triangles":[1,0,5,4,1,5,3,2,4,4,2,1],"edges":[2,1,1,0,0,5,5,4,4,3,3,2],"userEdges":[4,1]}]},{"name":"loss_R_line_01","display":[{"type":"mesh","name":"B_R_line_01","width":238,"height":113,"vertices":[51.39,56.01,-7.31,56.01,-186.61,56.01,-186.61,-56.99,-7.31,-56.99,51.39,-56.99],"uvs":[1,1,0.75338,1,0,1,0,0,0.75338,0,1,0],"triangles":[1,0,5,4,1,5,4,3,1,3,2,1],"edges":[2,1,1,0,0,5,5,4,4,3,3,2],"userEdges":[4,1]}]},{"name":"B_R_line_02","display":[{"name":"B_R_line_02","transform":{"x":22.78,"y":-0.5}}]},{"name":"bg_banker_light","display":[{"type":"mesh","name":"bg_sicbo","width":555,"height":118,"vertices":[113.96,-311.05,113.96,310.95,-5.04,310.95,-5.04,-311.05],"uvs":[1,1,0,1,0,0,1,0],"triangles":[1,0,3,2,1,3],"edges":[1,0,0,3,3,2,2,1],"userEdges":[]}]},{"name":"B_L_line_08","display":[{"name":"B_L_line_08","transform":{"x":-20.64,"y":-0.5}}]},{"name":"A_square","display":[{"name":"A_square","transform":{"x":-0.45,"y":0.09}}]},{"name":"blue_shadow3","display":[{"name":"blue_shadow","transform":{"x":-0.5,"y":6}}]},{"name":"A_pattern_01","display":[{"type":"mesh","name":"A_pattern_01","width":110,"height":59,"vertices":[55.05,4.01,-54.95,4.01,-54.95,-54.99,55.05,-54.99],"uvs":[1,1,0,1,0,0,1,0],"triangles":[1,0,3,2,1,3],"edges":[1,0,0,3,3,2,2,1],"userEdges":[]}]},{"name":"dice_6_shadow2","display":[{"name":"dice_6_shadow","transform":{"y":6}}]},{"name":"red2","display":[{"name":"red"}]},{"name":"B_L_line_02","display":[{"name":"B_L_line_02","transform":{"x":-21.25,"y":-0.5}}]},{"name":"A_pattern_04","display":[{"type":"mesh","name":"A_pattern_04","width":348,"height":116,"vertices":[174.05,-102.76,174.05,-93.55,174.05,-85.32,174.05,-70.08,174.05,-56.85,174.05,-47.97,174.05,4.02,42.37,4.02,-44.88,4.02,-173.95,4.02,-173.95,-48.08,-173.95,-57.14,-173.95,-71.49,-173.95,-86.78,-173.95,-95.47,-173.95,-103.28,-173.95,-111.98,-44.65,-111.98,41.46,-111.98,174.05,-111.98,-44.77,-48.4,41.91,-47.48,-44.74,-56.46,41.8,-56.84,-44.7,-71.04,41.67,-69.42,-44.68,-85.33,-44.67,-94.67,41.6,-85.32,41.54,-93.29,-44.66,-102.32,41.5,-102.88],"uvs":[1,0.07953,0.99999,0.15893,0.99999,0.22988,1,0.36124,1,0.4753,1,0.55183,1,1,0.62161,1,0.37089,1,0,1,0,0.55092,0,0.47283,0,0.34908,0,0.21723,0,0.14238,0,0.07507,0,0,0.37155,0,0.61897,0,1,0,0.3712,0.54817,0.62028,0.55603,0.3713,0.47864,0.61996,0.47541,0.37141,0.35294,0.61959,0.36693,0.37145,0.22977,0.3715,0.14923,0.61939,0.22989,0.61921,0.16119,0.37152,0.08329,0.6191,0.07846],"triangles":[18,31,19,7,6,5,21,7,5,19,31,0,31,29,0,25,23,3,28,25,3,28,3,2,0,29,1,28,2,1,29,28,1,21,5,4,23,21,4,3,23,4,20,8,21,21,8,7,24,22,25,24,25,28,26,24,28,20,21,23,22,20,23,25,22,23,18,30,31,27,29,31,30,27,31,17,30,18,26,28,29,27,26,29,12,11,24,24,11,22,12,24,26,13,12,26,13,26,27,14,13,27,10,9,8,22,11,20,11,10,20,10,8,20,16,15,17,14,27,30,15,14,30,17,15,30],"edges":[9,8,8,7,7,6,6,5,5,4,4,3,3,2,2,1,1,0,0,19,19,18,18,17,17,16,16,15,15,14,14,13,13,12,12,11,11,10,10,9],"userEdges":[8,20,10,20,7,21,21,5,22,20,11,22,23,21,23,4,24,22,12,24,25,23,25,3,26,24,13,26,27,26,14,27,28,25,2,28,29,28,1,29,17,30,30,27,15,30,18,31,31,29,31,0]}]},{"name":"B_R_line_03","display":[{"name":"B_R_line_03","transform":{"x":21.87,"y":-0.5}}]},{"name":"dice_11","display":[{"name":"dice_5"}]},{"name":"loss_bottom_line","display":[{"name":"B_bottom_line","transform":{"x":3.55,"y":0.05}}]},{"name":"A_square_light","display":[{"name":"A_square","transform":{"x":-0.45,"y":0.09}}]},{"name":"blue2","display":[{"name":"blue"}]},{"name":"A_pattern_1","display":[{"type":"mesh","name":"A_pattern_01","width":110,"height":59,"vertices":[55.05,4.01,-54.95,4.01,-54.95,-54.99,55.05,-54.99],"uvs":[1,1,0,1,0,0,1,0],"triangles":[1,0,3,2,1,3],"edges":[1,0,0,3,3,2,2,1],"userEdges":[]}]},{"name":"dice_6_shadow3","display":[{"name":"dice_6_shadow","transform":{"y":6}}]},{"name":"red3","display":[{"name":"red"}]},{"name":"A_crown","display":[{"name":"A_crown","transform":{"x":-0.45,"y":-19.98}}]},{"name":"A_pattern_4","display":[{"type":"mesh","name":"A_pattern_04","width":348,"height":116,"vertices":[174.05,-102.76,174.05,-93.55,174.05,-85.32,174.05,-70.08,174.05,-56.85,174.05,-47.97,174.05,4.02,42.37,4.02,-44.88,4.02,-173.95,4.02,-173.95,-48.08,-173.95,-57.14,-173.95,-71.49,-173.95,-86.78,-173.95,-95.47,-173.95,-103.28,-173.95,-111.98,-44.65,-111.98,41.46,-111.98,174.05,-111.98,-44.77,-48.4,41.91,-47.48,-44.74,-56.46,41.8,-56.84,-44.7,-71.04,41.67,-69.42,-44.68,-85.33,-44.67,-94.67,41.6,-85.32,41.54,-93.29,-44.66,-102.32,41.5,-102.88],"uvs":[1,0.07953,0.99999,0.15893,0.99999,0.22988,1,0.36124,1,0.4753,1,0.55183,1,1,0.62161,1,0.37089,1,0,1,0,0.55092,0,0.47283,0,0.34908,0,0.21723,0,0.14238,0,0.07507,0,0,0.37155,0,0.61897,0,1,0,0.3712,0.54817,0.62028,0.55603,0.3713,0.47864,0.61996,0.47541,0.37141,0.35294,0.61959,0.36693,0.37145,0.22977,0.3715,0.14923,0.61939,0.22989,0.61921,0.16119,0.37152,0.08329,0.6191,0.07846],"triangles":[18,31,19,7,6,5,21,7,5,19,31,0,31,29,0,25,23,3,28,25,3,28,3,2,0,29,1,28,2,1,29,28,1,21,5,4,23,21,4,3,23,4,20,8,21,21,8,7,24,22,25,24,25,28,26,24,28,20,21,23,22,20,23,25,22,23,18,30,31,27,29,31,30,27,31,17,30,18,26,28,29,27,26,29,12,11,24,24,11,22,12,24,26,13,12,26,13,26,27,14,13,27,10,9,8,22,11,20,11,10,20,10,8,20,16,15,17,14,27,30,15,14,30,17,15,30],"edges":[9,8,8,7,7,6,6,5,5,4,4,3,3,2,2,1,1,0,0,19,19,18,18,17,17,16,16,15,15,14,14,13,13,12,12,11,11,10,10,9],"userEdges":[8,20,10,20,7,21,21,5,22,20,11,22,23,21,23,4,24,22,12,24,25,23,25,3,26,24,13,26,27,26,14,27,28,25,2,28,29,28,1,29,17,30,30,27,15,30,18,31,31,29,31,0]}]},{"name":"blue3","display":[{"name":"blue"}]},{"name":"dice_4_shadow2","display":[{"name":"dice_4_shadow","transform":{"y":6}}]},{"name":"loss_top_line","display":[{"name":"B_top_line","transform":{"x":3.55,"y":0.04}}]},{"name":"B_L_line_03","display":[{"name":"B_L_line_03","transform":{"x":-21.32,"y":-0.5}}]},{"name":"A_pattern_05","display":[{"type":"mesh","name":"A_pattern_05","width":621,"height":116,"vertices":[310.05,-95.14,310.05,-82.24,310.05,-68.26,310.05,-57.84,310.05,-47.26,310.05,4.02,104.19,4.02,-103.06,4.02,-310.95,4.02,-310.95,-47.01,-310.98,-61.1,-311.07,-72.21,-310.98,-84.67,-310.96,-97.83,-310.95,-111.98,-101.68,-111.98,103.96,-111.98,310.05,-111.98,-102.37,-46.53,104.33,-47.51,-102.28,-70.95,104.24,-68.52,-102.01,-84.15,104.11,-81.48,-102.3,-59.58,104.29,-59.14,-101.87,-96.31,104.04,-95.14],"uvs":[1,0.14518,1,0.25637,1,0.37692,1,0.46672,1,0.55794,1,1,0.66849,1,0.33477,1,0,1,0,0.56013,0,0.43864,0,0.34284,0,0.23542,0,0.12199,0,0,0.33698,0,0.66812,0,1,0,0.33588,0.56421,0.66872,0.55577,0.33601,0.35376,0.66858,0.37468,0.33645,0.23998,0.66837,0.26297,0.33599,0.45172,0.66866,0.45551,0.33668,0.13511,0.66826,0.1452],"triangles":[16,27,17,19,6,5,17,27,0,27,23,0,25,19,3,25,3,2,21,25,2,0,23,1,21,2,1,23,21,1,3,19,4,19,5,4,24,18,19,20,24,21,21,24,25,24,19,25,20,21,23,22,20,23,16,15,27,15,26,27,22,23,27,26,22,27,19,18,6,18,7,6,18,9,7,9,8,7,14,13,26,14,26,15,26,12,22,12,20,22,13,12,26,12,11,20,11,10,20,20,10,24,10,9,24,24,9,18],"edges":[8,7,7,6,6,5,5,4,4,3,3,2,2,1,1,0,0,17,17,16,16,15,15,14,14,13,13,12,12,11,11,10,10,9,9,8],"userEdges":[7,18,9,18,6,19,19,4,11,20,21,2,22,20,12,22,23,21,23,1,18,24,24,20,10,24,19,25,25,21,25,3,15,26,26,22,13,26,16,27,27,23,27,0]}]}]}],"animation":[{"duration":168,"name":"ani_result_loss","bone":[{"name":"loss_txt","translateFrame":[{"duration":105,"y":77.3},{"duration":15,"curve":[0.107,0.57,0.75,1],"y":77.3},{"duration":32},{"duration":15,"curve":[0.567,0.02,0.395,0.98]},{"y":77.3}]},{"name":"loss_line_light","translateFrame":[{"duration":15,"y":-65.55},{"duration":10,"curve":[0.25,0,0.75,1],"y":-65.55},{"duration":143,"x":387.72,"y":-65.55}]},{"name":"loss_top_line","translateFrame":[{"duration":90,"curve":[0.842,0,0.75,1],"y":-66.15},{"duration":15,"curve":[0.25,0,0.75,1],"y":-66.15},{"duration":63}],"scaleFrame":[{"duration":13,"curve":[0.842,0,0.75,1],"x":0},{"duration":147},{"duration":8,"curve":[0.25,0,0.131,0.97]},{"duration":0,"x":0}]},{"name":"loss_bottom_line","translateFrame":[{"duration":90,"curve":[0.842,0,0.75,1],"y":69.7},{"duration":15,"curve":[0.25,0,0.75,1],"y":69.7},{"duration":63}],"scaleFrame":[{"duration":13,"curve":[0.842,0,0.75,1],"x":0},{"duration":147},{"duration":8,"curve":[0.25,0,0.131,0.97]},{"duration":0,"x":0}]},{"name":"loss_BG","translateFrame":[{"duration":90,"y":-71.04},{"duration":15,"curve":[0.25,0,0.75,1],"y":-71.04},{"duration":63}],"scaleFrame":[{"x":2.2,"y":0},{"duration":12,"curve":[0.842,0,0.75,1],"x":2.2,"y":0},{"duration":77,"x":2.2},{"duration":15,"curve":[0.25,0,0.75,1],"x":2.2},{"duration":55,"tweenEasing":0},{"duration":8,"curve":[0.25,0,0.131,0.97]},{"duration":0,"y":0}]},{"name":"loss_L_line_01","translateFrame":[{"duration":12,"x":-47.22},{"duration":17,"curve":[0.391,0.38,0,0.45],"x":-47.22},{"duration":121},{"duration":10,"curve":[0.833,0.02,0.877,0.75]},{"duration":8,"x":-43.13}],"scaleFrame":[{"duration":90,"y":2.33},{"duration":15,"curve":[0.25,0,0.75,1],"y":2.33},{"duration":63}]},{"name":"B_L_line_02","translateFrame":[{"duration":12,"x":-19.46},{"duration":17,"curve":[0.391,0.38,0,0.45],"x":-19.46},{"duration":121},{"duration":10,"curve":[0.833,0.02,0.877,0.75]},{"duration":8,"x":-19.46}]},{"name":"B_L_line_03","translateFrame":[{"duration":12,"x":-21.07},{"duration":17,"curve":[0.391,0.38,0,0.45],"x":-21.07},{"duration":121},{"duration":10,"curve":[0.833,0.02,0.877,0.75]},{"duration":8,"x":-21.07}]},{"name":"B_L_line_04","translateFrame":[{"duration":12,"x":-20.15},{"duration":17,"curve":[0.391,0.38,0,0.45],"x":-20.15},{"duration":121},{"duration":10,"curve":[0.833,0.02,0.877,0.75]},{"duration":8,"x":-20.15}]},{"name":"B_L_line_05","translateFrame":[{"duration":12,"x":-21.3},{"duration":17,"curve":[0.391,0.38,0,0.45],"x":-21.3},{"duration":121},{"duration":10,"curve":[0.833,0.02,0.877,0.75]},{"duration":8,"x":-21.3}]},{"name":"B_L_line_06","translateFrame":[{"duration":12,"x":-20.84},{"duration":17,"curve":[0.391,0.38,0,0.45],"x":-20.84},{"duration":121},{"duration":10,"curve":[0.833,0.02,0.877,0.75]},{"duration":8,"x":-20.84}]},{"name":"B_L_line_07","translateFrame":[{"duration":12,"x":-19.46},{"duration":17,"curve":[0.391,0.38,0,0.45],"x":-19.46},{"duration":121},{"duration":10,"curve":[0.833,0.02,0.877,0.75]},{"duration":8,"x":-19.46}]},{"name":"B_L_line_08","translateFrame":[{"duration":12,"x":-21.07},{"duration":17,"curve":[0.391,0.38,0,0.45],"x":-21.07},{"duration":121},{"duration":10,"curve":[0.833,0.02,0.877,0.75]},{"duration":8,"x":-21.07}]},{"name":"loss_R_line_01","translateFrame":[{"duration":12,"x":47.22},{"duration":17,"curve":[0.391,0.38,0,0.45],"x":47.22},{"duration":121},{"duration":10,"curve":[0.833,0.02,0.877,0.75]},{"duration":8,"x":43.13}],"scaleFrame":[{"duration":90,"y":2.32},{"duration":15,"curve":[0.25,0,0.75,1],"y":2.32},{"duration":63}]},{"name":"B_R_line_08","translateFrame":[{"duration":12,"x":21.23},{"duration":17,"curve":[0.391,0.38,0,0.45],"x":21.23},{"duration":121},{"duration":10,"curve":[0.833,0.02,0.877,0.75]},{"duration":8,"x":21.23}]},{"name":"B_R_line_07","translateFrame":[{"duration":12,"x":20.39},{"duration":17,"curve":[0.391,0.38,0,0.45],"x":20.39},{"duration":121},{"duration":10,"curve":[0.833,0.02,0.877,0.75]},{"duration":8,"x":20.39}]},{"name":"B_R_line_06","translateFrame":[{"duration":12,"x":21.16},{"duration":17,"curve":[0.391,0.38,0,0.45],"x":21.16},{"duration":121},{"duration":10,"curve":[0.833,0.02,0.877,0.75]},{"duration":8,"x":21.16}]},{"name":"B_R_line_05","translateFrame":[{"duration":12,"x":21.08},{"duration":17,"curve":[0.391,0.38,0,0.45],"x":21.08},{"duration":121},{"duration":10,"curve":[0.833,0.02,0.877,0.75]},{"duration":8,"x":21.08}]},{"name":"B_R_line_04","translateFrame":[{"duration":12,"x":20.5},{"duration":17,"curve":[0.391,0.38,0,0.45],"x":20.5},{"duration":121},{"duration":10,"curve":[0.833,0.02,0.877,0.75]},{"duration":8,"x":20.5}]},{"name":"B_R_line_03","translateFrame":[{"duration":12,"x":20.09},{"duration":17,"curve":[0.391,0.38,0,0.45],"x":20.09},{"duration":121},{"duration":10,"curve":[0.833,0.02,0.877,0.75]},{"duration":8,"x":20.09}]},{"name":"B_R_line_02","translateFrame":[{"duration":12,"x":21.89},{"duration":17,"curve":[0.391,0.38,0,0.45],"x":21.89},{"duration":121},{"duration":10,"curve":[0.833,0.02,0.877,0.75]},{"duration":8,"x":21.89}]},{"name":"loss_line_light2","translateFrame":[{"duration":15,"y":69.96},{"duration":10,"curve":[0.25,0,0.75,1],"y":69.96},{"duration":143,"x":387.72,"y":69.96}]},{"name":"dice_10","translateFrame":[{"duration":20,"y":-72},{"duration":15,"curve":[0.536,0.01,0.442,0.99],"y":-72},{"duration":5,"curve":[0.25,0,0.75,1],"y":8.97},{"duration":40},{"duration":15,"curve":[0.757,0.01,0.75,1]},{"duration":73,"y":-72}]},{"name":"dice_11","translateFrame":[{"duration":25,"y":-72},{"duration":15,"curve":[0.536,0.01,0.442,0.99],"y":-72},{"duration":5,"tweenEasing":0,"y":8.97},{"duration":37},{"duration":15,"curve":[0.757,0.01,0.75,1]},{"duration":71,"y":-72}]},{"name":"dice_12","translateFrame":[{"duration":30,"y":-72},{"duration":15,"curve":[0.536,0.01,0.442,0.99],"y":-72},{"duration":5,"tweenEasing":0,"y":8.97},{"duration":34},{"duration":15,"curve":[0.757,0.01,0.75,1]},{"duration":69,"y":-72}]},{"name":"blue3","translateFrame":[{"duration":20,"x":149.11},{"duration":15,"curve":[0.25,0,0.442,0.99],"x":149.11},{"duration":45},{"duration":10,"curve":[0.757,0.01,0.75,1]},{"duration":78,"x":-128.71}]},{"name":"loss_txt_middle","translateFrame":[{"duration":20,"y":93.1},{"duration":15,"curve":[0.25,0,0.442,0.99],"y":93.1},{"duration":45},{"duration":10,"curve":[0.757,0.01,0.75,1]},{"duration":78,"y":104.06}]},{"name":"red3","translateFrame":[{"duration":20,"x":-147.14},{"duration":15,"curve":[0.25,0,0.442,0.99],"x":-147.14},{"duration":45},{"duration":10,"curve":[0.757,0.01,0.75,1]},{"duration":78,"x":130.68}]}],"slot":[{"name":"15","displayFrame":[{"duration":168,"value":-1}]},{"name":"16","colorFrame":[{"duration":20,"value":{"aM":0}},{"duration":15,"curve":[0.25,0,0.442,0.99],"value":{"aM":0}},{"duration":45},{"duration":10,"curve":[0.757,0.01,0.75,1]},{"duration":78,"value":{"aM":0}}]},{"name":"A_L_top_line","displayFrame":[{"duration":168,"value":-1}]},{"name":"A_R_top_line","displayFrame":[{"duration":168,"value":-1}]},{"name":"A_bottom_line","displayFrame":[{"duration":168,"value":-1}]},{"name":"A_crown","displayFrame":[{"duration":168,"value":-1}]},{"name":"A_crown_light_01","displayFrame":[{"duration":168,"value":-1}]},{"name":"A_crown_light_02","displayFrame":[{"duration":168,"value":-1}]},{"name":"A_pattern_01","displayFrame":[{"duration":168,"value":-1}]},{"name":"A_pattern_1","displayFrame":[{"duration":168,"value":-1}]},{"name":"A_pattern_02","displayFrame":[{"duration":168,"value":-1}]},{"name":"A_pattern_2","displayFrame":[{"duration":168,"value":-1}]},{"name":"A_pattern_03","displayFrame":[{"duration":168,"value":-1}]},{"name":"A_pattern_3","displayFrame":[{"duration":168,"value":-1}]},{"name":"A_pattern_04","displayFrame":[{"duration":168,"value":-1}]},{"name":"A_pattern_4","displayFrame":[{"duration":168,"value":-1}]},{"name":"A_pattern_05","displayFrame":[{"duration":168,"value":-1}]},{"name":"A_pattern_5","displayFrame":[{"duration":168,"value":-1}]},{"name":"A_square","displayFrame":[{"duration":168,"value":-1}]},{"name":"A_square_light","displayFrame":[{"duration":168,"value":-1}]},{"name":"A_top_line_light_0","displayFrame":[{"duration":168,"value":-1}]},{"name":"A_top_line_light_2","displayFrame":[{"duration":168,"value":-1}]},{"name":"B_L_line_02","colorFrame":[{"duration":12,"value":{"aM":0}},{"duration":5,"curve":[0.391,0.38,0,0.45],"value":{"aM":0}},{"duration":133},{"duration":10,"curve":[0.833,0.02,0.877,0.75]},{"duration":8,"value":{"aM":0}}]},{"name":"B_L_line_03","colorFrame":[{"duration":12,"value":{"aM":0}},{"duration":5,"curve":[0.391,0.38,0,0.45],"value":{"aM":0}},{"duration":133},{"duration":10,"curve":[0.833,0.02,0.877,0.75]},{"duration":8,"value":{"aM":0}}]},{"name":"B_L_line_04","colorFrame":[{"duration":12,"value":{"aM":0}},{"duration":5,"curve":[0.391,0.38,0,0.45],"value":{"aM":0}},{"duration":133},{"duration":10,"curve":[0.833,0.02,0.877,0.75]},{"duration":8,"value":{"aM":0}}]},{"name":"B_L_line_05","colorFrame":[{"duration":12,"value":{"aM":0}},{"duration":5,"curve":[0.391,0.38,0,0.45],"value":{"aM":0}},{"duration":133},{"duration":10,"curve":[0.833,0.02,0.877,0.75]},{"duration":8,"value":{"aM":0}}]},{"name":"B_L_line_06","colorFrame":[{"duration":12,"value":{"aM":0}},{"duration":5,"curve":[0.391,0.38,0,0.45],"value":{"aM":0}},{"duration":133,"value":{"aM":77}},{"duration":10,"curve":[0.833,0.02,0.877,0.75],"value":{"aM":77}},{"duration":8,"value":{"aM":0}}]},{"name":"B_L_line_07","colorFrame":[{"duration":12,"value":{"aM":0}},{"duration":5,"curve":[0.391,0.38,0,0.45],"value":{"aM":0}},{"duration":133,"value":{"aM":77}},{"duration":10,"curve":[0.833,0.02,0.877,0.75],"value":{"aM":77}},{"duration":8,"value":{"aM":0}}]},{"name":"B_L_line_08","colorFrame":[{"duration":12,"value":{"aM":0}},{"duration":5,"curve":[0.391,0.38,0,0.45],"value":{"aM":0}},{"duration":133,"value":{"aM":77}},{"duration":10,"curve":[0.833,0.02,0.877,0.75],"value":{"aM":77}},{"duration":8,"value":{"aM":0}}]},{"name":"B_R_line_02","colorFrame":[{"duration":12,"value":{"aM":0}},{"duration":5,"curve":[0.391,0.38,0,0.45],"value":{"aM":0}},{"duration":133},{"duration":10,"curve":[0.833,0.02,0.877,0.75]},{"duration":8,"value":{"aM":0}}]},{"name":"B_R_line_03","colorFrame":[{"duration":12,"value":{"aM":0}},{"duration":5,"curve":[0.391,0.38,0,0.45],"value":{"aM":0}},{"duration":133},{"duration":10,"curve":[0.833,0.02,0.877,0.75]},{"duration":8,"value":{"aM":0}}]},{"name":"B_R_line_04","colorFrame":[{"duration":12,"value":{"aM":0}},{"duration":5,"curve":[0.391,0.38,0,0.45],"value":{"aM":0}},{"duration":133},{"duration":10,"curve":[0.833,0.02,0.877,0.75]},{"duration":8,"value":{"aM":0}}]},{"name":"B_R_line_05","colorFrame":[{"duration":12,"value":{"aM":0}},{"duration":5,"curve":[0.391,0.38,0,0.45],"value":{"aM":0}},{"duration":133},{"duration":10,"curve":[0.833,0.02,0.877,0.75]},{"duration":8,"value":{"aM":0}}]},{"name":"B_R_line_06","colorFrame":[{"duration":12,"value":{"aM":0}},{"duration":5,"curve":[0.391,0.38,0,0.45],"value":{"aM":0}},{"duration":133,"value":{"aM":79}},{"duration":10,"tweenEasing":0,"value":{"aM":79}},{"duration":8,"value":{"aM":0}}]},{"name":"B_R_line_07","colorFrame":[{"duration":12,"value":{"aM":0}},{"duration":5,"curve":[0.391,0.38,0,0.45],"value":{"aM":0}},{"duration":133,"value":{"aM":79}},{"duration":10,"tweenEasing":0,"value":{"aM":79}},{"duration":8,"value":{"aM":0}}]},{"name":"B_R_line_08","colorFrame":[{"duration":12,"value":{"aM":0}},{"duration":5,"curve":[0.391,0.38,0,0.45],"value":{"aM":0}},{"duration":133,"value":{"aM":79}},{"duration":10,"tweenEasing":0,"value":{"aM":79}},{"duration":8,"value":{"aM":0}}]},{"name":"B_top_line_light_0","colorFrame":[{"duration":15,"value":{"aM":0}},{"duration":2,"curve":[0.25,0,0.75,1],"value":{"aM":0}},{"duration":8,"curve":[0.25,0,0.75,1]},{"duration":143,"value":{"aM":0}}]},{"name":"B_top_line_light_1","colorFrame":[{"duration":15,"value":{"aM":0}},{"duration":2,"curve":[0.25,0,0.75,1],"value":{"aM":0}},{"duration":8,"curve":[0.25,0,0.75,1]},{"duration":143,"value":{"aM":0}}]},{"name":"L1_BG","displayFrame":[{"duration":168,"value":-1}]},{"name":"L1_shadow","displayFrame":[{"duration":168,"value":-1}]},{"name":"L1_txt","displayFrame":[{"duration":168,"value":-1}]},{"name":"L2_shadow","colorFrame":[{"duration":16,"value":{"aM":0}},{"duration":5,"curve":[0.25,0,0.75,1],"value":{"aM":0}},{"duration":136},{"duration":5,"curve":[0.25,0,0.75,1]},{"duration":6,"value":{"aM":0}}]},{"name":"bg_banker_light","displayFrame":[{"duration":168,"value":-1}],"colorFrame":[{"duration":168}]},{"name":"blue2","displayFrame":[{"duration":168,"value":-1}]},{"name":"blue3","colorFrame":[{"duration":20,"value":{"aM":0}},{"duration":15,"curve":[0.25,0,0.442,0.99],"value":{"aM":0}},{"duration":45},{"duration":10,"curve":[0.757,0.01,0.75,1]},{"duration":78,"value":{"aM":0}}]},{"name":"blue_shadow2","displayFrame":[{"duration":168,"value":-1}]},{"name":"blue_shadow3","colorFrame":[{"duration":20,"value":{"aM":0}},{"duration":15,"curve":[0.25,0,0.442,0.99],"value":{"aM":0}},{"duration":45},{"duration":10,"curve":[0.757,0.01,0.75,1]},{"duration":78,"value":{"aM":0}}]},{"name":"blue_txt2","displayFrame":[{"duration":168,"value":-1}]},{"name":"blue_txt3","colorFrame":[{"duration":20,"value":{"aM":0}},{"duration":15,"curve":[0.25,0,0.75,1],"value":{"aM":0}},{"duration":45},{"duration":10,"curve":[0.25,0,0.75,1]},{"duration":78,"value":{"aM":0}}]},{"name":"dice_7","displayFrame":[{"duration":168,"value":-1}]},{"name":"dice_8","displayFrame":[{"duration":168,"value":-1}]},{"name":"dice_9","displayFrame":[{"duration":168,"value":-1}]},{"name":"dice_10","colorFrame":[{"duration":20,"value":{"aM":0}},{"duration":20,"curve":[0.536,0.01,0.442,0.99],"value":{"aM":0}},{"duration":40},{"duration":15,"curve":[0.757,0.01,0.75,1]},{"duration":73,"value":{"aM":0}}]},{"name":"dice_11","colorFrame":[{"duration":25,"value":{"aM":0}},{"duration":20,"curve":[0.536,0.01,0.442,0.99],"value":{"aM":0}},{"duration":37},{"duration":15,"curve":[0.757,0.01,0.75,1]},{"duration":71,"value":{"aM":0}}]},{"name":"dice_12","colorFrame":[{"duration":30,"value":{"aM":0}},{"duration":20,"curve":[0.536,0.01,0.442,0.99],"value":{"aM":0}},{"duration":34},{"duration":15,"curve":[0.757,0.01,0.75,1]},{"duration":69,"value":{"aM":0}}]},{"name":"dice_4_shadow2","displayFrame":[{"duration":168,"value":-1}]},{"name":"dice_4_shadow3","colorFrame":[{"duration":20,"value":{"aM":0}},{"duration":20,"curve":[0.536,0.01,0.442,0.99],"value":{"aM":0}},{"duration":40},{"duration":15,"curve":[0.757,0.01,0.75,1]},{"duration":73,"value":{"aM":0}}]},{"name":"dice_5_shadow2","displayFrame":[{"duration":168,"value":-1}]},{"name":"dice_5_shadow3","colorFrame":[{"duration":25,"value":{"aM":0}},{"duration":20,"curve":[0.536,0.01,0.442,0.99],"value":{"aM":0}},{"duration":37},{"duration":15,"curve":[0.757,0.01,0.75,1]},{"duration":71,"value":{"aM":0}}]},{"name":"dice_6_shadow2","displayFrame":[{"duration":168,"value":-1}]},{"name":"dice_6_shadow3","colorFrame":[{"duration":30,"value":{"aM":0}},{"duration":20,"curve":[0.536,0.01,0.442,0.99],"value":{"aM":0}},{"duration":34},{"duration":15,"curve":[0.757,0.01,0.75,1]},{"duration":69,"value":{"aM":0}}]},{"name":"loss_BG","colorFrame":[{"duration":160,"tweenEasing":0},{"duration":8,"curve":[0.25,0,0.131,0.97]},{"duration":0,"value":{"aM":0}}]},{"name":"loss_L_line_01","colorFrame":[{"duration":12,"value":{"aM":0}},{"duration":5,"curve":[0.391,0.38,0,0.45],"value":{"aM":0}},{"duration":133},{"duration":10,"curve":[0.833,0.02,0.877,0.75]},{"duration":8,"value":{"aM":0}}]},{"name":"loss_R_line_01","colorFrame":[{"duration":12,"value":{"aM":0}},{"duration":5,"curve":[0.391,0.38,0,0.45],"value":{"aM":0}},{"duration":133},{"duration":10,"curve":[0.833,0.02,0.877,0.75]},{"duration":8,"value":{"aM":0}}]},{"name":"loss_bottom_line","colorFrame":[{"duration":160,"tweenEasing":0},{"duration":8,"curve":[0.25,0,0.131,0.97]},{"duration":0,"value":{"aM":0}}]},{"name":"loss_top_line","colorFrame":[{"duration":160,"tweenEasing":0},{"duration":8,"curve":[0.25,0,0.131,0.97]},{"duration":0,"value":{"aM":0}}]},{"name":"loss_txt","colorFrame":[{"duration":105,"value":{"aM":0}},{"duration":15,"curve":[0.25,0,0.75,1],"value":{"aM":0}},{"duration":32},{"duration":15,"curve":[0.567,0.02,0.395,0.98]},{"value":{"aM":0}}]},{"name":"red2","displayFrame":[{"duration":168,"value":-1}]},{"name":"red3","colorFrame":[{"duration":20,"value":{"aM":0}},{"duration":15,"curve":[0.25,0,0.442,0.99],"value":{"aM":0}},{"duration":45},{"duration":10,"curve":[0.757,0.01,0.75,1]},{"duration":78,"value":{"aM":0}}]},{"name":"red_shadow2","displayFrame":[{"duration":168,"value":-1}]},{"name":"red_shadow3","colorFrame":[{"duration":20,"value":{"aM":0}},{"duration":15,"curve":[0.25,0,0.442,0.99],"value":{"aM":0}},{"duration":45},{"duration":10,"curve":[0.757,0.01,0.75,1]},{"duration":78,"value":{"aM":0}}]},{"name":"red_txt2","displayFrame":[{"duration":168,"value":-1}]},{"name":"red_txt3","colorFrame":[{"duration":20,"value":{"aM":0}},{"duration":15,"curve":[0.25,0,0.75,1],"value":{"aM":0}},{"duration":45},{"duration":10,"curve":[0.25,0,0.75,1]},{"duration":78,"value":{"aM":0}}]}],"ffd":[{"name":"L2_shadow","slot":"L2_shadow","frame":[{"duration":90,"offset":1,"vertices":[-66.79,0,69.42,0,69.42,0,69.42,0,69.42,0,-66.79,0,-66.79,0,-66.79]},{"duration":15,"curve":[0.25,0,0.75,1],"offset":1,"vertices":[-66.79,0,69.42,0,69.42,0,69.42,0,69.42,0,-66.79,0,-66.79,0,-66.79]},{"duration":63}]},{"name":"B_L_line_01","slot":"loss_L_line_01","frame":[{"duration":12,"vertices":[-183.59,0,0,0,0,0,0,0,0,0,-183.59]},{"duration":17,"curve":[0.391,0.38,0,0.45],"vertices":[-183.59,0,0,0,0,0,0,0,0,0,-183.59]},{"duration":121},{"duration":10,"curve":[0.833,0.02,0.877,0.75]},{"duration":8,"vertices":[-185.96,0,0,0,0,0,0,0,0,0,-185.96]}]},{"name":"B_R_line_01","slot":"loss_R_line_01","frame":[{"duration":12,"offset":4,"vertices":[183.99,0,183.99]},{"duration":17,"curve":[0.391,0.38,0,0.45],"offset":4,"vertices":[183.99,0,183.99]},{"duration":121},{"duration":10,"curve":[0.833,0.02,0.877,0.75]},{"duration":8,"offset":4,"vertices":[181.3,0,181.3]}]}]},{"duration":105,"name":"ani_result_no_bets","bone":[{"name":"loss_txt","translateFrame":[{"duration":105,"y":77.3}]},{"name":"loss_line_light","translateFrame":[{"duration":15,"y":-65.55},{"duration":10,"curve":[0.25,0,0.75,1],"y":-65.55},{"duration":80,"x":387.72,"y":-65.55}]},{"name":"loss_top_line","translateFrame":[{"duration":90,"curve":[0.842,0,0.75,1],"y":-66.15},{"duration":15,"curve":[0.25,0,0.75,1],"y":-66.15},{"duration":0,"y":54.9}],"scaleFrame":[{"duration":13,"curve":[0.842,0,0.75,1],"x":0},{"duration":92}]},{"name":"loss_bottom_line","translateFrame":[{"duration":90,"curve":[0.842,0,0.75,1],"y":69.7},{"duration":15,"curve":[0.25,0,0.75,1],"y":69.7},{"duration":0,"y":-55.1}],"scaleFrame":[{"duration":13,"curve":[0.842,0,0.75,1],"x":0},{"duration":92}]},{"name":"loss_BG","translateFrame":[{"duration":90,"y":-71.04},{"duration":15,"curve":[0.25,0,0.75,1],"y":-71.04},{"duration":0,"y":59.44}],"scaleFrame":[{"x":2.2,"y":0},{"duration":12,"curve":[0.842,0,0.75,1],"x":2.2,"y":0},{"duration":77,"x":2.2},{"duration":15,"curve":[0.25,0,0.75,1],"x":2.2},{"duration":0,"x":0}]},{"name":"loss_L_line_01","translateFrame":[{"duration":12,"x":-47.22},{"duration":17,"curve":[0.391,0.38,0,0.45],"x":-47.22},{"duration":76}],"scaleFrame":[{"duration":90,"y":2.33},{"duration":15,"curve":[0.25,0,0.75,1],"y":2.33},{"duration":0,"y":0}]},{"name":"B_L_line_02","translateFrame":[{"duration":12,"x":-19.46},{"duration":17,"curve":[0.391,0.38,0,0.45],"x":-19.46},{"duration":76}]},{"name":"B_L_line_03","translateFrame":[{"duration":12,"x":-21.07},{"duration":17,"curve":[0.391,0.38,0,0.45],"x":-21.07},{"duration":76}]},{"name":"B_L_line_04","translateFrame":[{"duration":12,"x":-20.15},{"duration":17,"curve":[0.391,0.38,0,0.45],"x":-20.15},{"duration":76}]},{"name":"B_L_line_05","translateFrame":[{"duration":12,"x":-21.3},{"duration":17,"curve":[0.391,0.38,0,0.45],"x":-21.3},{"duration":76}]},{"name":"B_L_line_06","translateFrame":[{"duration":12,"x":-20.84},{"duration":17,"curve":[0.391,0.38,0,0.45],"x":-20.84},{"duration":76}]},{"name":"B_L_line_07","translateFrame":[{"duration":12,"x":-19.46},{"duration":17,"curve":[0.391,0.38,0,0.45],"x":-19.46},{"duration":76}]},{"name":"B_L_line_08","translateFrame":[{"duration":12,"x":-21.07},{"duration":17,"curve":[0.391,0.38,0,0.45],"x":-21.07},{"duration":76}]},{"name":"loss_R_line_01","translateFrame":[{"duration":12,"x":47.22},{"duration":17,"curve":[0.391,0.38,0,0.45],"x":47.22},{"duration":76}],"scaleFrame":[{"duration":90,"y":2.32},{"duration":15,"curve":[0.25,0,0.75,1],"y":2.32},{"duration":0,"y":0}]},{"name":"B_R_line_08","translateFrame":[{"duration":12,"x":21.23},{"duration":17,"curve":[0.391,0.38,0,0.45],"x":21.23},{"duration":76}]},{"name":"B_R_line_07","translateFrame":[{"duration":12,"x":20.39},{"duration":17,"curve":[0.391,0.38,0,0.45],"x":20.39},{"duration":76}]},{"name":"B_R_line_06","translateFrame":[{"duration":12,"x":21.16},{"duration":17,"curve":[0.391,0.38,0,0.45],"x":21.16},{"duration":76}]},{"name":"B_R_line_05","translateFrame":[{"duration":12,"x":21.08},{"duration":17,"curve":[0.391,0.38,0,0.45],"x":21.08},{"duration":76}]},{"name":"B_R_line_04","translateFrame":[{"duration":12,"x":20.5},{"duration":17,"curve":[0.391,0.38,0,0.45],"x":20.5},{"duration":76}]},{"name":"B_R_line_03","translateFrame":[{"duration":12,"x":20.09},{"duration":17,"curve":[0.391,0.38,0,0.45],"x":20.09},{"duration":76}]},{"name":"B_R_line_02","translateFrame":[{"duration":12,"x":21.89},{"duration":17,"curve":[0.391,0.38,0,0.45],"x":21.89},{"duration":76}]},{"name":"loss_line_light2","translateFrame":[{"duration":15,"y":69.96},{"duration":10,"curve":[0.25,0,0.75,1],"y":69.96},{"duration":80,"x":387.72,"y":69.96}]},{"name":"dice_10","translateFrame":[{"duration":20,"y":-72},{"duration":15,"curve":[0.536,0.01,0.442,0.99],"y":-72},{"duration":5,"curve":[0.25,0,0.75,1],"y":8.97},{"duration":40},{"duration":15,"curve":[0.757,0.01,0.75,1]},{"duration":10,"y":-72}]},{"name":"dice_11","translateFrame":[{"duration":25,"y":-72},{"duration":15,"curve":[0.536,0.01,0.442,0.99],"y":-72},{"duration":5,"tweenEasing":0,"y":8.97},{"duration":37},{"duration":15,"curve":[0.757,0.01,0.75,1]},{"duration":8,"y":-72}]},{"name":"dice_12","translateFrame":[{"duration":30,"y":-72},{"duration":15,"curve":[0.536,0.01,0.442,0.99],"y":-72},{"duration":5,"tweenEasing":0,"y":8.97},{"duration":34},{"duration":15,"curve":[0.757,0.01,0.75,1]},{"duration":6,"y":-72}]},{"name":"blue3","translateFrame":[{"duration":20,"x":149.11},{"duration":15,"curve":[0.25,0,0.442,0.99],"x":149.11},{"duration":45},{"duration":10,"curve":[0.757,0.01,0.75,1]},{"duration":15,"x":-128.71}]},{"name":"loss_txt_middle","translateFrame":[{"duration":20,"y":93.1},{"duration":15,"curve":[0.25,0,0.442,0.99],"y":93.1},{"duration":45},{"duration":10,"curve":[0.757,0.01,0.75,1]},{"duration":15,"y":104.06}]},{"name":"red3","translateFrame":[{"duration":20,"x":-147.14},{"duration":15,"curve":[0.25,0,0.442,0.99],"x":-147.14},{"duration":45},{"duration":10,"curve":[0.757,0.01,0.75,1]},{"duration":15,"x":130.68}]}],"slot":[{"name":"15","displayFrame":[{"duration":105,"value":-1}]},{"name":"16","colorFrame":[{"duration":20,"value":{"aM":0}},{"duration":15,"curve":[0.25,0,0.442,0.99],"value":{"aM":0}},{"duration":45},{"duration":10,"curve":[0.757,0.01,0.75,1]},{"duration":15,"value":{"aM":0}}]},{"name":"A_L_top_line","displayFrame":[{"duration":105,"value":-1}]},{"name":"A_R_top_line","displayFrame":[{"duration":105,"value":-1}]},{"name":"A_bottom_line","displayFrame":[{"duration":105,"value":-1}]},{"name":"A_crown","displayFrame":[{"duration":105,"value":-1}]},{"name":"A_crown_light_01","displayFrame":[{"duration":105,"value":-1}]},{"name":"A_crown_light_02","displayFrame":[{"duration":105,"value":-1}]},{"name":"A_pattern_01","displayFrame":[{"duration":105,"value":-1}]},{"name":"A_pattern_1","displayFrame":[{"duration":105,"value":-1}]},{"name":"A_pattern_02","displayFrame":[{"duration":105,"value":-1}]},{"name":"A_pattern_2","displayFrame":[{"duration":105,"value":-1}]},{"name":"A_pattern_03","displayFrame":[{"duration":105,"value":-1}]},{"name":"A_pattern_3","displayFrame":[{"duration":105,"value":-1}]},{"name":"A_pattern_04","displayFrame":[{"duration":105,"value":-1}]},{"name":"A_pattern_4","displayFrame":[{"duration":105,"value":-1}]},{"name":"A_pattern_05","displayFrame":[{"duration":105,"value":-1}]},{"name":"A_pattern_5","displayFrame":[{"duration":105,"value":-1}]},{"name":"A_square","displayFrame":[{"duration":105,"value":-1}]},{"name":"A_square_light","displayFrame":[{"duration":105,"value":-1}]},{"name":"A_top_line_light_0","displayFrame":[{"duration":105,"value":-1}]},{"name":"A_top_line_light_2","displayFrame":[{"duration":105,"value":-1}]},{"name":"B_L_line_02","colorFrame":[{"duration":12,"value":{"aM":0}},{"duration":5,"curve":[0.391,0.38,0,0.45],"value":{"aM":0}},{"duration":73},{"duration":15,"curve":[0.25,0,0.75,1]},{"duration":0,"value":{"aM":0}}]},{"name":"B_L_line_03","colorFrame":[{"duration":12,"value":{"aM":0}},{"duration":5,"curve":[0.391,0.38,0,0.45],"value":{"aM":0}},{"duration":73},{"duration":15,"curve":[0.25,0,0.75,1]},{"duration":0,"value":{"aM":0}}]},{"name":"B_L_line_04","colorFrame":[{"duration":12,"value":{"aM":0}},{"duration":5,"curve":[0.391,0.38,0,0.45],"value":{"aM":0}},{"duration":73},{"duration":15,"curve":[0.25,0,0.75,1]},{"duration":0,"value":{"aM":0}}]},{"name":"B_L_line_05","colorFrame":[{"duration":12,"value":{"aM":0}},{"duration":5,"curve":[0.391,0.38,0,0.45],"value":{"aM":0}},{"duration":73},{"duration":15,"curve":[0.25,0,0.75,1]},{"duration":0,"value":{"aM":0}}]},{"name":"B_L_line_06","colorFrame":[{"duration":12,"value":{"aM":0}},{"duration":5,"curve":[0.391,0.38,0,0.45],"value":{"aM":0}},{"duration":73,"value":{"aM":77}},{"duration":15,"curve":[0.25,0,0.75,1],"value":{"aM":77}},{"duration":0,"value":{"aM":0}}]},{"name":"B_L_line_07","colorFrame":[{"duration":12,"value":{"aM":0}},{"duration":5,"curve":[0.391,0.38,0,0.45],"value":{"aM":0}},{"duration":73,"value":{"aM":77}},{"duration":15,"curve":[0.25,0,0.75,1],"value":{"aM":77}},{"duration":0,"value":{"aM":0}}]},{"name":"B_L_line_08","colorFrame":[{"duration":12,"value":{"aM":0}},{"duration":5,"curve":[0.391,0.38,0,0.45],"value":{"aM":0}},{"duration":73,"value":{"aM":77}},{"duration":15,"curve":[0.25,0,0.75,1],"value":{"aM":77}},{"duration":0,"value":{"aM":0}}]},{"name":"B_R_line_02","colorFrame":[{"duration":12,"value":{"aM":0}},{"duration":5,"curve":[0.391,0.38,0,0.45],"value":{"aM":0}},{"duration":73},{"duration":15,"curve":[0.833,0.02,0.877,0.75]},{"duration":0,"value":{"aM":0}}]},{"name":"B_R_line_03","colorFrame":[{"duration":12,"value":{"aM":0}},{"duration":5,"curve":[0.391,0.38,0,0.45],"value":{"aM":0}},{"duration":73},{"duration":15,"curve":[0.833,0.02,0.877,0.75]},{"duration":0,"value":{"aM":0}}]},{"name":"B_R_line_04","colorFrame":[{"duration":12,"value":{"aM":0}},{"duration":5,"curve":[0.391,0.38,0,0.45],"value":{"aM":0}},{"duration":73},{"duration":15,"curve":[0.833,0.02,0.877,0.75]},{"duration":0,"value":{"aM":0}}]},{"name":"B_R_line_05","colorFrame":[{"duration":12,"value":{"aM":0}},{"duration":5,"curve":[0.391,0.38,0,0.45],"value":{"aM":0}},{"duration":73},{"duration":15,"curve":[0.833,0.02,0.877,0.75]},{"duration":0,"value":{"aM":0}}]},{"name":"B_R_line_06","colorFrame":[{"duration":12,"value":{"aM":0}},{"duration":5,"curve":[0.391,0.38,0,0.45],"value":{"aM":0}},{"duration":73,"value":{"aM":79}},{"duration":15,"curve":[0.25,0,0.75,1],"value":{"aM":79}},{"duration":0,"value":{"aM":0}}]},{"name":"B_R_line_07","colorFrame":[{"duration":12,"value":{"aM":0}},{"duration":5,"curve":[0.391,0.38,0,0.45],"value":{"aM":0}},{"duration":73,"value":{"aM":79}},{"duration":15,"curve":[0.25,0,0.75,1],"value":{"aM":79}},{"duration":0,"value":{"aM":0}}]},{"name":"B_R_line_08","colorFrame":[{"duration":12,"value":{"aM":0}},{"duration":5,"curve":[0.391,0.38,0,0.45],"value":{"aM":0}},{"duration":73,"value":{"aM":79}},{"duration":15,"curve":[0.25,0,0.75,1],"value":{"aM":79}},{"duration":0,"value":{"aM":0}}]},{"name":"B_top_line_light_0","colorFrame":[{"duration":15,"value":{"aM":0}},{"duration":2,"curve":[0.25,0,0.75,1],"value":{"aM":0}},{"duration":8,"curve":[0.25,0,0.75,1]},{"duration":80,"value":{"aM":0}}]},{"name":"B_top_line_light_1","colorFrame":[{"duration":15,"value":{"aM":0}},{"duration":2,"curve":[0.25,0,0.75,1],"value":{"aM":0}},{"duration":8,"curve":[0.25,0,0.75,1]},{"duration":80,"value":{"aM":0}}]},{"name":"L1_BG","displayFrame":[{"duration":105,"value":-1}]},{"name":"L1_shadow","displayFrame":[{"duration":105,"value":-1}]},{"name":"L1_txt","displayFrame":[{"duration":105,"value":-1}]},{"name":"L2_shadow","colorFrame":[{"duration":16,"value":{"aM":0}},{"duration":5,"curve":[0.25,0,0.75,1],"value":{"aM":0}},{"duration":69},{"duration":15,"curve":[0.25,0,0.75,1]},{"duration":0,"value":{"aM":0}}]},{"name":"bg_banker_light","displayFrame":[{"duration":105,"value":-1}],"colorFrame":[{"duration":105}]},{"name":"blue2","displayFrame":[{"duration":105,"value":-1}]},{"name":"blue3","colorFrame":[{"duration":20,"value":{"aM":0}},{"duration":15,"curve":[0.25,0,0.442,0.99],"value":{"aM":0}},{"duration":45},{"duration":10,"curve":[0.757,0.01,0.75,1]},{"duration":15,"value":{"aM":0}}]},{"name":"blue_shadow2","displayFrame":[{"duration":105,"value":-1}]},{"name":"blue_shadow3","colorFrame":[{"duration":20,"value":{"aM":0}},{"duration":15,"curve":[0.25,0,0.442,0.99],"value":{"aM":0}},{"duration":45},{"duration":10,"curve":[0.757,0.01,0.75,1]},{"duration":15,"value":{"aM":0}}]},{"name":"blue_txt2","displayFrame":[{"duration":105,"value":-1}]},{"name":"blue_txt3","colorFrame":[{"duration":20,"value":{"aM":0}},{"duration":15,"curve":[0.25,0,0.75,1],"value":{"aM":0}},{"duration":45},{"duration":10,"curve":[0.25,0,0.75,1]},{"duration":15,"value":{"aM":0}}]},{"name":"dice_7","displayFrame":[{"duration":105,"value":-1}]},{"name":"dice_8","displayFrame":[{"duration":105,"value":-1}]},{"name":"dice_9","displayFrame":[{"duration":105,"value":-1}]},{"name":"dice_10","colorFrame":[{"duration":20,"value":{"aM":0}},{"duration":20,"curve":[0.536,0.01,0.442,0.99],"value":{"aM":0}},{"duration":40},{"duration":15,"curve":[0.757,0.01,0.75,1]},{"duration":10,"value":{"aM":0}}]},{"name":"dice_11","colorFrame":[{"duration":25,"value":{"aM":0}},{"duration":20,"curve":[0.536,0.01,0.442,0.99],"value":{"aM":0}},{"duration":37},{"duration":15,"curve":[0.757,0.01,0.75,1]},{"duration":8,"value":{"aM":0}}]},{"name":"dice_12","colorFrame":[{"duration":30,"value":{"aM":0}},{"duration":20,"curve":[0.536,0.01,0.442,0.99],"value":{"aM":0}},{"duration":34},{"duration":15,"curve":[0.757,0.01,0.75,1]},{"duration":6,"value":{"aM":0}}]},{"name":"dice_4_shadow2","displayFrame":[{"duration":105,"value":-1}]},{"name":"dice_4_shadow3","colorFrame":[{"duration":20,"value":{"aM":0}},{"duration":20,"curve":[0.536,0.01,0.442,0.99],"value":{"aM":0}},{"duration":40},{"duration":15,"curve":[0.757,0.01,0.75,1]},{"duration":10,"value":{"aM":0}}]},{"name":"dice_5_shadow2","displayFrame":[{"duration":105,"value":-1}]},{"name":"dice_5_shadow3","colorFrame":[{"duration":25,"value":{"aM":0}},{"duration":20,"curve":[0.536,0.01,0.442,0.99],"value":{"aM":0}},{"duration":37},{"duration":15,"curve":[0.757,0.01,0.75,1]},{"duration":8,"value":{"aM":0}}]},{"name":"dice_6_shadow2","displayFrame":[{"duration":105,"value":-1}]},{"name":"dice_6_shadow3","colorFrame":[{"duration":30,"value":{"aM":0}},{"duration":20,"curve":[0.536,0.01,0.442,0.99],"value":{"aM":0}},{"duration":34},{"duration":15,"curve":[0.757,0.01,0.75,1]},{"duration":6,"value":{"aM":0}}]},{"name":"loss_BG","colorFrame":[{"duration":90,"tweenEasing":0},{"duration":15,"curve":[0.25,0,0.75,1]},{"duration":0,"value":{"aM":0}}]},{"name":"loss_L_line_01","colorFrame":[{"duration":12,"value":{"aM":0}},{"duration":5,"curve":[0.391,0.38,0,0.45],"value":{"aM":0}},{"duration":73},{"duration":15,"curve":[0.833,0.02,0.877,0.75]},{"duration":0,"value":{"aM":0}}]},{"name":"loss_R_line_01","colorFrame":[{"duration":12,"value":{"aM":0}},{"duration":5,"curve":[0.391,0.38,0,0.45],"value":{"aM":0}},{"duration":73},{"duration":15,"curve":[0.25,0,0.75,1]},{"duration":0,"value":{"aM":0}}]},{"name":"loss_bottom_line","colorFrame":[{"duration":90,"tweenEasing":0},{"duration":15,"curve":[0.25,0,0.75,1]},{"duration":0,"value":{"aM":0}}]},{"name":"loss_top_line","colorFrame":[{"duration":90,"tweenEasing":0},{"duration":15,"curve":[0.25,0,0.75,1]},{"duration":0,"value":{"aM":0}}]},{"name":"loss_txt","colorFrame":[{"duration":105,"value":{"aM":0}}]},{"name":"red2","displayFrame":[{"duration":105,"value":-1}]},{"name":"red3","colorFrame":[{"duration":20,"value":{"aM":0}},{"duration":15,"curve":[0.25,0,0.442,0.99],"value":{"aM":0}},{"duration":45},{"duration":10,"curve":[0.757,0.01,0.75,1]},{"duration":15,"value":{"aM":0}}]},{"name":"red_shadow2","displayFrame":[{"duration":105,"value":-1}]},{"name":"red_shadow3","colorFrame":[{"duration":20,"value":{"aM":0}},{"duration":15,"curve":[0.25,0,0.442,0.99],"value":{"aM":0}},{"duration":45},{"duration":10,"curve":[0.757,0.01,0.75,1]},{"duration":15,"value":{"aM":0}}]},{"name":"red_txt2","displayFrame":[{"duration":105,"value":-1}]},{"name":"red_txt3","colorFrame":[{"duration":20,"value":{"aM":0}},{"duration":15,"curve":[0.25,0,0.75,1],"value":{"aM":0}},{"duration":45},{"duration":10,"curve":[0.25,0,0.75,1]},{"duration":15,"value":{"aM":0}}]}],"ffd":[{"name":"L2_shadow","slot":"L2_shadow","frame":[{"duration":90,"offset":1,"vertices":[-66.79,0,69.42,0,69.42,0,69.42,0,69.42,0,-66.79,0,-66.79,0,-66.79]},{"duration":15,"curve":[0.25,0,0.75,1],"offset":1,"vertices":[-66.79,0,69.42,0,69.42,0,69.42,0,69.42,0,-66.79,0,-66.79,0,-66.79]},{"duration":0,"offset":1,"vertices":[37.06,0,-44.83,0,-96.72,0,-96.72,0,-44.83,0,37.06,0,97.43,0,97.43]}]},{"name":"B_L_line_01","slot":"loss_L_line_01","frame":[{"duration":12,"vertices":[-183.59,0,0,0,0,0,0,0,0,0,-183.59]},{"duration":17,"curve":[0.391,0.38,0,0.45],"vertices":[-183.59,0,0,0,0,0,0,0,0,0,-183.59]},{"duration":76}]},{"name":"B_R_line_01","slot":"loss_R_line_01","frame":[{"duration":12,"offset":4,"vertices":[183.99,0,183.99]},{"duration":17,"curve":[0.391,0.38,0,0.45],"offset":4,"vertices":[183.99,0,183.99]},{"duration":76}]}]},{"duration":195,"name":"ani_result_win","bone":[{"name":"L1_txt","translateFrame":[{"duration":120,"y":76.96},{"duration":15,"curve":[0.112,0.54,0.75,1],"y":76.96},{"duration":30},{"duration":15,"curve":[0.565,0.02,0.408,0.99]},{"duration":15,"y":76.96}]},{"name":"crown","translateFrame":[{"duration":10,"curve":[0.866,0,0.294,1],"y":-102.68},{"duration":95,"y":-66.37},{"duration":15,"curve":[0.25,0,0.75,1],"y":-66.37},{"duration":60},{"duration":15,"curve":[0.884,0.1,0.75,1]},{"duration":0,"y":54.37}]},{"name":"A_top_line_light_1","translateFrame":[{"duration":30,"x":-207.77,"y":-68},{"duration":10,"curve":[0.252,0,0.623,0.49],"x":-207.77,"y":-68},{"duration":2,"curve":[0.35350000000000004,0.41,0.7095,0.835],"x":78.78,"y":-68},{"duration":9,"curve":[0.316,0.265,0.6839999999999999,0.745],"x":155.98,"y":-68},{"duration":4,"curve":[0.125,0,0.875,1],"x":403.82,"y":-68.01},{"duration":50,"tweenEasing":0,"y":-68},{"duration":15,"curve":[0.25,0,0.75,1],"y":-68},{"duration":75,"y":-1.34}],"scaleFrame":[{"duration":30,"x":0},{"duration":10,"curve":[0.252,0,0.623,0.49],"x":0},{"duration":2,"curve":[0.35350000000000004,0.41,0.7095,0.835],"x":1.5},{"duration":9,"curve":[0.316,0.265,0.6839999999999999,0.745],"x":0.5},{"duration":4,"curve":[0.125,0,0.875,1],"x":1.5},{"duration":140}]},{"name":"A_square","translateFrame":[{"duration":15,"y":-184.47},{"duration":15,"curve":[0.545,0.01,0.75,1],"y":-184.47},{"duration":2,"tweenEasing":0,"y":72.68},{"duration":73,"y":64.8},{"duration":15,"curve":[0.25,0,0.75,1],"y":64.8},{"duration":75}],"scaleFrame":[{"duration":180},{"duration":10,"curve":[0.185,0,0.46,0.99]},{"duration":5,"x":0}]},{"name":"A_top_line_light_3","translateFrame":[{"duration":30,"x":-207.78,"y":64.36},{"duration":10,"curve":[0.252,0,0.623,0.49],"x":-207.78,"y":64.36},{"duration":3,"curve":[0.354,0.415,0.7110000000000001,0.8400000000000001],"x":78.78,"y":64.36},{"duration":8,"curve":[0.317,0.275,0.6815,0.745],"x":193.9,"y":64.35},{"duration":144,"x":403.82,"y":64.35}],"scaleFrame":[{"duration":30,"x":0},{"duration":10,"curve":[0.252,0,0.623,0.49],"x":0},{"duration":3,"curve":[0.354,0.415,0.7110000000000001,0.8400000000000001],"x":1.5},{"duration":8,"curve":[0.317,0.275,0.6815,0.745],"x":0.5},{"duration":144,"x":1.5}]},{"name":"A_bottom_line","translateFrame":[{"duration":15,"y":-184.47},{"duration":15,"curve":[0.6675,0,0.75,1],"y":-184.47},{"duration":75,"y":63.95},{"duration":15,"curve":[0.25,0,0.75,1],"y":63.95},{"duration":75}],"scaleFrame":[{"duration":15,"x":0.7},{"duration":15,"curve":[0.6675,0,0.75,1],"x":0.7},{"duration":150},{"duration":10,"curve":[0.185,0,0.46,0.99]},{"duration":5,"x":0}]},{"name":"L1_BG","translateFrame":[{"duration":105,"y":-64.75},{"duration":15,"curve":[0.25,0,0.75,1],"y":-64.75},{"duration":75}],"scaleFrame":[{"duration":15,"x":0,"y":0},{"duration":15,"curve":[0.67,0,0.75,1],"x":0,"y":0},{"duration":75,"x":2.18},{"duration":15,"curve":[0.25,0,0.75,1],"x":2.18},{"duration":60,"tweenEasing":0},{"duration":10,"curve":[0.185,0,0.46,0.99]},{"duration":5,"y":0}]},{"name":"A_pattern_01","scaleFrame":[{"duration":22,"x":0,"y":0},{"duration":11,"curve":[0.25,0,0.75,1],"x":0,"y":0},{"duration":142},{"duration":14,"curve":[0.25,0,0.75,1]},{"duration":6,"x":0,"y":0}]},{"name":"A_pattern_02","scaleFrame":[{"duration":24,"x":0,"y":0},{"duration":9,"curve":[0.25,0,0.75,1],"x":0,"y":0},{"duration":140},{"duration":14,"curve":[0.25,0,0.75,1]},{"duration":8,"x":0,"y":0}]},{"name":"L_top_line","translateFrame":[{"duration":105,"y":-66.37},{"duration":15,"curve":[0.25,0,0.75,1],"y":-66.37},{"duration":75}],"scaleFrame":[{"duration":10,"x":0},{"duration":15,"curve":[0.25,0,0.75,1],"x":0},{"duration":155},{"duration":10,"curve":[0.185,0,0.46,0.99]},{"duration":5,"x":0}]},{"name":"BG_light","translateFrame":[{"duration":30,"x":-246.19,"y":-64.74},{"duration":21,"curve":[0.25,0,0.75,1],"x":-246.19,"y":-64.74},{"duration":144,"x":242.2,"y":-64.74}],"scaleFrame":[{"duration":30,"x":2.19,"y":0.1},{"duration":21,"curve":[0.25,0,0.75,1],"x":2.19,"y":0.1},{"duration":144,"x":2.19,"y":0.4}]},{"name":"dice_12","translateFrame":[{"duration":195,"y":-125.1}]},{"name":"dice_11","translateFrame":[{"duration":195,"y":-125.1}]},{"name":"dice_10","translateFrame":[{"duration":195,"y":-125.1}]},{"name":"red3","translateFrame":[{"duration":195,"x":-147.14}]},{"name":"dice_9","translateFrame":[{"duration":40,"y":-71.68},{"duration":15,"curve":[0.536,0.01,0.442,0.99],"y":-71.68},{"duration":5,"curve":[0.25,0,0.75,1],"y":8.93},{"duration":34},{"duration":15,"curve":[0.757,0.01,0.75,1]},{"duration":86,"y":-71.68}]},{"name":"dice_8","translateFrame":[{"duration":35,"y":-71.68},{"duration":15,"curve":[0.536,0.01,0.442,0.99],"y":-71.68},{"duration":5,"curve":[0.25,0,0.75,1],"y":8.93},{"duration":37},{"duration":15,"curve":[0.757,0.01,0.75,1]},{"duration":88,"y":-71.68}]},{"name":"dice_7","translateFrame":[{"duration":30,"y":-71.68},{"duration":15,"curve":[0.536,0.01,0.442,0.99],"y":-71.68},{"duration":5,"curve":[0.25,0,0.75,1],"y":8.93},{"duration":40},{"duration":15,"curve":[0.757,0.01,0.75,1]},{"duration":90,"y":-71.68}]},{"name":"blue2","translateFrame":[{"duration":30,"x":149.11},{"duration":15,"curve":[0.25,0,0.442,0.99],"x":149.11},{"duration":45},{"duration":10,"curve":[0.757,0.01,0.75,1]},{"duration":95,"x":-128.74}]},{"name":"red2","translateFrame":[{"duration":30,"x":-147.14},{"duration":15,"curve":[0.25,0,0.442,0.99],"x":-147.14},{"duration":45},{"duration":10,"curve":[0.757,0.01,0.75,1]},{"duration":95,"x":130.72}]},{"name":"win_txt_middle","translateFrame":[{"duration":30,"y":92.7},{"duration":15,"curve":[0.25,0,0.442,0.99],"y":92.7},{"duration":45},{"duration":10,"curve":[0.757,0.01,0.75,1]},{"duration":95,"y":109.25}]},{"name":"A_pattern","scaleFrame":[{"duration":195,"x":1.1,"y":1.11}]},{"name":"A_pattern_1","scaleFrame":[{"duration":22,"x":0,"y":0},{"duration":11,"curve":[0.25,0,0.75,1],"x":0,"y":0},{"duration":142},{"duration":14,"curve":[0.25,0,0.75,1]},{"duration":6,"x":0,"y":0}]},{"name":"A_pattern_2","scaleFrame":[{"duration":24,"x":0,"y":0},{"duration":9,"curve":[0.25,0,0.75,1],"x":0,"y":0},{"duration":140},{"duration":14,"curve":[0.25,0,0.75,1]},{"duration":8,"x":0,"y":0}]},{"name":"A_pattern_below","scaleFrame":[{"duration":195,"x":1.1,"y":1.11}]}],"slot":[{"name":"15","colorFrame":[{"duration":30,"value":{"aM":0}},{"duration":15,"curve":[0.25,0,0.442,0.99],"value":{"aM":0}},{"duration":45},{"duration":10,"curve":[0.757,0.01,0.75,1]},{"duration":95,"value":{"aM":0}}]},{"name":"16","colorFrame":[{"duration":195,"value":{"aM":0}}]},{"name":"A_L_top_line","colorFrame":[{"duration":10,"value":{"aM":0}},{"duration":15,"curve":[0.25,0,0.75,1],"value":{"aM":0}},{"duration":155},{"duration":10,"curve":[0.185,0,0.46,0.99]},{"duration":5,"value":{"aM":0}}]},{"name":"A_R_top_line","colorFrame":[{"duration":10,"value":{"aM":0}},{"duration":15,"curve":[0.25,0,0.75,1],"value":{"aM":0}},{"duration":155},{"duration":10,"curve":[0.185,0,0.46,0.99]},{"duration":5,"value":{"aM":0}}]},{"name":"A_bottom_line","colorFrame":[{"duration":15,"value":{"aM":0}},{"duration":15,"curve":[0.665,0,0.75,1],"value":{"aM":0}},{"duration":150},{"duration":10,"curve":[0.185,0,0.46,0.99]},{"duration":5,"value":{"aM":0}}]},{"name":"A_crown","colorFrame":[{"duration":10,"curve":[0.866,0,0.294,1],"value":{"aM":0}},{"duration":179},{"duration":6,"curve":[0.25,0,0.75,1]},{"duration":0,"value":{"aM":0}}]},{"name":"A_crown_light_01","displayFrame":[{"duration":40,"value":-1},{},{"duration":154,"value":-1}]},{"name":"A_crown_light_02","displayFrame":[{"duration":41,"value":-1},{},{"duration":153,"value":-1}]},{"name":"A_pattern_01","colorFrame":[{"duration":179,"tweenEasing":0},{"duration":10,"curve":[0.25,0,0.75,1]},{"duration":6,"value":{"aM":0}}]},{"name":"A_pattern_1","colorFrame":[{"duration":179,"tweenEasing":0},{"duration":10,"curve":[0.25,0,0.75,1]},{"duration":6,"value":{"aM":0}}]},{"name":"A_pattern_02","colorFrame":[{"duration":24,"value":{"aM":0}},{"duration":9,"curve":[0.25,0,0.75,1],"value":{"aM":0}},{"duration":142},{"duration":12,"curve":[0.25,0,0.75,1]},{"duration":8,"value":{"aM":0}}]},{"name":"A_pattern_2","colorFrame":[{"duration":24,"value":{"aM":0}},{"duration":9,"curve":[0.25,0,0.75,1],"value":{"aM":0}},{"duration":142},{"duration":12,"curve":[0.25,0,0.75,1]},{"duration":8,"value":{"aM":0}}]},{"name":"A_pattern_03","colorFrame":[{"duration":32,"value":{"aM":0}},{"duration":3,"curve":[0.25,0,0.75,1],"value":{"aM":0}},{"duration":135},{"duration":12,"curve":[0.25,0,0.75,1]},{"duration":13,"value":{"aM":0}}]},{"name":"A_pattern_3","colorFrame":[{"duration":32,"value":{"aM":0}},{"duration":3,"curve":[0.25,0,0.75,1],"value":{"aM":0}},{"duration":135},{"duration":12,"curve":[0.25,0,0.75,1]},{"duration":13,"value":{"aM":0}}]},{"name":"A_pattern_04","colorFrame":[{"duration":31,"value":{"aM":0}},{"duration":11,"curve":[0.25,0,0.75,1],"value":{"aM":0}},{"duration":128},{"duration":12,"curve":[0.25,0,0.75,1]},{"duration":13,"value":{"aM":0}}]},{"name":"A_pattern_4","colorFrame":[{"duration":31,"value":{"aM":0}},{"duration":11,"curve":[0.25,0,0.75,1],"value":{"aM":0}},{"duration":128},{"duration":12,"curve":[0.25,0,0.75,1]},{"duration":13,"value":{"aM":0}}]},{"name":"A_pattern_05","colorFrame":[{"duration":32,"value":{"aM":0}},{"duration":12,"curve":[0.25,0,0.75,1],"value":{"aM":0}},{"duration":126},{"duration":10,"curve":[0.25,0,0.75,1]},{"duration":15,"value":{"aM":0}}]},{"name":"A_pattern_5","colorFrame":[{"duration":32,"value":{"aM":0}},{"duration":12,"curve":[0.25,0,0.75,1],"value":{"aM":0}},{"duration":126},{"duration":10,"curve":[0.25,0,0.75,1]},{"duration":15,"value":{"aM":0}}]},{"name":"A_square","colorFrame":[{"duration":15,"value":{"aM":0}},{"duration":15,"curve":[0.545,0.01,0.75,1],"value":{"aM":0}},{"duration":150},{"duration":10,"curve":[0.185,0,0.46,0.99]},{"duration":5,"value":{"aM":0}}]},{"name":"A_square_light","displayFrame":[{"duration":40,"value":-1},{"duration":2},{"duration":153,"value":-1}],"colorFrame":[{"duration":40,"tweenEasing":0},{"duration":2,"tweenEasing":0},{"duration":153,"value":{"aM":0}}]},{"name":"A_top_line_light_0","displayFrame":[{"duration":30,"value":-1},{"duration":165}],"colorFrame":[{"duration":30,"tweenEasing":0,"value":{"aM":0}},{"duration":6,"curve":[0.125,0,0.875,1],"value":{"aM":0}},{"duration":15,"curve":[0.25,0,0.75,1]},{"duration":4,"value":{"aM":0}},{"duration":15,"curve":[0.25,0,0.75,1],"value":{"aM":0}},{"duration":85},{"duration":15,"curve":[0.25,0,0.75,1]},{"duration":25,"value":{"aM":0}}]},{"name":"A_top_line_light_2","displayFrame":[{"duration":30,"value":-1},{"duration":10},{"duration":2,"value":-1},{"duration":153}],"colorFrame":[{"duration":30,"tweenEasing":0,"value":{"aM":0}},{"duration":6,"curve":[0.125,0,0.875,1],"value":{"aM":0}},{"duration":6,"curve":[0.25,0,0.75,1]},{"duration":9,"tweenEasing":0},{"duration":144,"value":{"aM":0}}]},{"name":"B_L_line_02","displayFrame":[{"duration":195,"value":-1}]},{"name":"B_L_line_03","displayFrame":[{"duration":195,"value":-1}]},{"name":"B_L_line_04","displayFrame":[{"duration":195,"value":-1}]},{"name":"B_L_line_05","displayFrame":[{"duration":195,"value":-1}]},{"name":"B_L_line_06","displayFrame":[{"duration":195,"value":-1}]},{"name":"B_L_line_07","displayFrame":[{"duration":195,"value":-1}]},{"name":"B_L_line_08","displayFrame":[{"duration":195,"value":-1}]},{"name":"B_R_line_02","displayFrame":[{"duration":195,"value":-1}]},{"name":"B_R_line_03","displayFrame":[{"duration":195,"value":-1}]},{"name":"B_R_line_04","displayFrame":[{"duration":195,"value":-1}]},{"name":"B_R_line_05","displayFrame":[{"duration":195,"value":-1}]},{"name":"B_R_line_06","displayFrame":[{"duration":195,"value":-1}]},{"name":"B_R_line_07","displayFrame":[{"duration":195,"value":-1}]},{"name":"B_R_line_08","displayFrame":[{"duration":195,"value":-1}]},{"name":"B_top_line_light_0","displayFrame":[{"duration":195,"value":-1}]},{"name":"B_top_line_light_1","displayFrame":[{"duration":195,"value":-1}]},{"name":"L1_BG","colorFrame":[{"duration":15,"value":{"aM":0}},{"duration":15,"curve":[0.67,0,0.75,1],"value":{"aM":0}},{"duration":150},{"duration":10,"curve":[0.185,0,0.46,0.99]},{"duration":5,"value":{"aM":0}}]},{"name":"L1_shadow","colorFrame":[{"duration":35,"value":{"aM":0}},{"duration":15,"curve":[0.25,0,0.75,1],"value":{"aM":0}},{"duration":125},{"duration":5,"curve":[0.25,0,0.75,1]},{"duration":15,"value":{"aM":0}}]},{"name":"L1_txt","displayFrame":[{"duration":180},{"duration":15,"value":-1}],"colorFrame":[{"duration":120,"tweenEasing":0,"value":{"aM":0}},{"duration":15,"curve":[0.25,0,0.75,1],"value":{"aM":0}},{"duration":30},{"duration":15,"curve":[0.565,0.02,0.408,0.99]},{"duration":15,"value":{"aM":0}}]},{"name":"L2_shadow","displayFrame":[{"duration":195,"value":-1}]},{"name":"bg_banker_light","colorFrame":[{"duration":30,"value":{"aM":0}},{"duration":10,"curve":[0.25,0,0.75,1],"value":{"aM":0}},{"duration":11,"curve":[0.25,0,0.75,1],"value":{"aM":19}},{"duration":144,"value":{"aM":0}}]},{"name":"blue2","colorFrame":[{"duration":30,"value":{"aM":0}},{"duration":15,"curve":[0.25,0,0.442,0.99],"value":{"aM":0}},{"duration":45},{"duration":10,"curve":[0.757,0.01,0.75,1]},{"duration":95,"value":{"aM":0}}]},{"name":"blue3","colorFrame":[{"duration":195,"value":{"aM":0}}]},{"name":"blue_shadow2","colorFrame":[{"duration":30,"value":{"aM":0}},{"duration":15,"curve":[0.25,0,0.442,0.99],"value":{"aM":0}},{"duration":45},{"duration":10,"curve":[0.757,0.01,0.75,1]},{"duration":95,"value":{"aM":0}}]},{"name":"blue_shadow3","colorFrame":[{"duration":195,"value":{"aM":0}}]},{"name":"blue_txt2","colorFrame":[{"duration":30,"value":{"aM":0}},{"duration":15,"curve":[0.25,0,0.75,1],"value":{"aM":0}},{"duration":45},{"duration":10,"curve":[0.25,0,0.75,1]},{"duration":95,"value":{"aM":0}}]},{"name":"blue_txt3","colorFrame":[{"duration":195,"value":{"aM":0}}]},{"name":"dice_7","colorFrame":[{"duration":30,"value":{"aM":0}},{"duration":20,"curve":[0.536,0.01,0.442,0.99],"value":{"aM":0}},{"duration":40},{"duration":15,"curve":[0.757,0.01,0.75,1]},{"duration":90,"value":{"aM":0}}]},{"name":"dice_8","colorFrame":[{"duration":35,"value":{"aM":0}},{"duration":20,"curve":[0.536,0.01,0.442,0.99],"value":{"aM":0}},{"duration":37},{"duration":15,"curve":[0.757,0.01,0.75,1]},{"duration":88,"value":{"aM":0}}]},{"name":"dice_9","colorFrame":[{"duration":40,"value":{"aM":0}},{"duration":20,"curve":[0.536,0.01,0.442,0.99],"value":{"aM":0}},{"duration":34},{"duration":15,"curve":[0.757,0.01,0.75,1]},{"duration":86,"value":{"aM":0}}]},{"name":"dice_10","colorFrame":[{"duration":195,"value":{"aM":0}}]},{"name":"dice_11","colorFrame":[{"duration":195,"value":{"aM":0}}]},{"name":"dice_12","colorFrame":[{"duration":195,"value":{"aM":0}}]},{"name":"dice_4_shadow2","colorFrame":[{"duration":30,"value":{"aM":0}},{"duration":20,"curve":[0.536,0.01,0.442,0.99],"value":{"aM":0}},{"duration":40},{"duration":15,"curve":[0.757,0.01,0.75,1]},{"duration":90,"value":{"aM":0}}]},{"name":"dice_4_shadow3","colorFrame":[{"duration":195,"value":{"aM":0}}]},{"name":"dice_5_shadow2","colorFrame":[{"duration":35,"value":{"aM":0}},{"duration":20,"curve":[0.536,0.01,0.442,0.99],"value":{"aM":0}},{"duration":37},{"duration":15,"curve":[0.757,0.01,0.75,1]},{"duration":88,"value":{"aM":0}}]},{"name":"dice_5_shadow3","colorFrame":[{"duration":195,"value":{"aM":0}}]},{"name":"dice_6_shadow2","colorFrame":[{"duration":40,"value":{"aM":0}},{"duration":20,"curve":[0.536,0.01,0.442,0.99],"value":{"aM":0}},{"duration":34},{"duration":15,"curve":[0.757,0.01,0.75,1]},{"duration":86,"value":{"aM":0}}]},{"name":"dice_6_shadow3","colorFrame":[{"duration":195,"value":{"aM":0}}]},{"name":"loss_BG","displayFrame":[{"duration":195,"value":-1}]},{"name":"loss_L_line_01","displayFrame":[{"duration":195,"value":-1}]},{"name":"loss_R_line_01","displayFrame":[{"duration":195,"value":-1}]},{"name":"loss_bottom_line","displayFrame":[{"duration":195,"value":-1}]},{"name":"loss_top_line","displayFrame":[{"duration":195,"value":-1}]},{"name":"loss_txt","displayFrame":[{"duration":195,"value":-1}]},{"name":"red2","colorFrame":[{"duration":30,"value":{"aM":0}},{"duration":15,"curve":[0.25,0,0.442,0.99],"value":{"aM":0}},{"duration":45},{"duration":10,"curve":[0.757,0.01,0.75,1]},{"duration":95,"value":{"aM":0}}]},{"name":"red3","colorFrame":[{"duration":195,"value":{"aM":0}}]},{"name":"red_shadow2","colorFrame":[{"duration":30,"value":{"aM":0}},{"duration":15,"curve":[0.25,0,0.442,0.99],"value":{"aM":0}},{"duration":45},{"duration":10,"curve":[0.757,0.01,0.75,1]},{"duration":95,"value":{"aM":0}}]},{"name":"red_shadow3","colorFrame":[{"duration":195,"value":{"aM":0}}]},{"name":"red_txt2","colorFrame":[{"duration":30,"value":{"aM":0}},{"duration":15,"curve":[0.25,0,0.75,1],"value":{"aM":0}},{"duration":45},{"duration":10,"curve":[0.25,0,0.75,1]},{"duration":95,"value":{"aM":0}}]},{"name":"red_txt3","colorFrame":[{"duration":195,"value":{"aM":0}}]}],"ffd":[{"name":"A_pattern_02","slot":"A_pattern_02","frame":[{"duration":111},{"tweenEasing":0},{"tweenEasing":0,"offset":1,"vertices":[6.17,0,0,0,0,0,0,0,0,0,0,0,0,0,0,0,0,0,0,0,0,0,6.17,0,13.36,0,13.36]},{"tweenEasing":0,"offset":1,"vertices":[10.62,0,3.08,0,0,0,0,0,0,0,0,0,0,0,0,0,0,0,0,0,0,0,10.62,0,17.82,0,17.82]},{"tweenEasing":0,"offset":1,"vertices":[15.76,0,7.2,0,0,0,0,0,0,0,0,0,0,0,0,0,0,0,0,0,5.14,0,15.76,0,22.96,0,22.96]},{"tweenEasing":0,"offset":1,"vertices":[21.59,0,13.02,0,3.08,0,0,0,0,0,0,0,0,0,0,0,0,0,3.08,0,10.96,0,21.59,0,28.78,0,28.78]},{"tweenEasing":0,"offset":1,"vertices":[26.73,0,18.16,0,8.22,0,0,0,0,0,0,0,0,0,0,0,0,0,8.22,0,16.1,0,26.73,0,33.92,0,33.92]},{"duration":3,"tweenEasing":0,"offset":1,"vertices":[31.52,0,22.96,0,13.02,0,2.4,0,0,0,0,0,0,0,0,0,2.4,0,13.02,0,20.9,0,31.52,0,38.72,0,38.72]},{"duration":53,"offset":1,"vertices":[39.06,0,30.49,0,20.56,0,9.94,0,0,0,0,0,0,0,0,0,9.94,0,20.56,0,28.44,0,39.06,0,46.26,0,46.26]},{"duration":3,"tweenEasing":0,"offset":1,"vertices":[39.06,0,30.49,0,20.56,0,9.94,0,0,0,0,0,0,0,0,0,9.94,0,20.56,0,28.44,0,39.06,0,46.26,0,46.26]},{"duration":2,"tweenEasing":0,"offset":1,"vertices":[31.31,0,22.34,0,14.03,0,2.48,0,0,0,0,0,0,0,0,0,2.69,0,12.82,0,20.89,0,30.82,0,38.8,0,38.8]},{"tweenEasing":0,"offset":1,"vertices":[17.1,0,8.38,0,0,0,0,0,0,0,0,0,0,0,0,0,0,0,0,0,7.48,0,17.35,0,24.77,0,24.77]},{"duration":2,"tweenEasing":0,"offset":1,"vertices":[5.53,0,0,0,0,0,0,0,0,0,0,0,0,0,0,0,0,0,0,0,0,0,5.53,0,12.88,0,12.88]},{"duration":14}]},{"name":"A_pattern_02","slot":"A_pattern_2","frame":[{"duration":111},{"tweenEasing":0},{"tweenEasing":0,"offset":1,"vertices":[6.17,0,0,0,0,0,0,0,0,0,0,0,0,0,0,0,0,0,0,0,0,0,6.17,0,13.36,0,13.36]},{"tweenEasing":0,"offset":1,"vertices":[10.62,0,3.08,0,0,0,0,0,0,0,0,0,0,0,0,0,0,0,0,0,0,0,10.62,0,17.82,0,17.82]},{"tweenEasing":0,"offset":1,"vertices":[15.76,0,7.2,0,0,0,0,0,0,0,0,0,0,0,0,0,0,0,0,0,5.14,0,15.76,0,22.96,0,22.96]},{"tweenEasing":0,"offset":1,"vertices":[21.59,0,13.02,0,3.08,0,0,0,0,0,0,0,0,0,0,0,0,0,3.08,0,10.96,0,21.59,0,28.78,0,28.78]},{"tweenEasing":0,"offset":1,"vertices":[26.73,0,18.16,0,8.22,0,0,0,0,0,0,0,0,0,0,0,0,0,8.22,0,16.1,0,26.73,0,33.92,0,33.92]},{"duration":3,"tweenEasing":0,"offset":1,"vertices":[31.52,0,22.96,0,13.02,0,2.4,0,0,0,0,0,0,0,0,0,2.4,0,13.02,0,20.9,0,31.52,0,38.72,0,38.72]},{"duration":53,"offset":1,"vertices":[39.06,0,30.49,0,20.56,0,9.94,0,0,0,0,0,0,0,0,0,9.94,0,20.56,0,28.44,0,39.06,0,46.26,0,46.26]},{"duration":3,"tweenEasing":0,"offset":1,"vertices":[39.06,0,30.49,0,20.56,0,9.94,0,0,0,0,0,0,0,0,0,9.94,0,20.56,0,28.44,0,39.06,0,46.26,0,46.26]},{"duration":2,"tweenEasing":0,"offset":1,"vertices":[31.31,0,22.34,0,14.03,0,2.48,0,0,0,0,0,0,0,0,0,2.69,0,12.82,0,20.89,0,30.82,0,38.8,0,38.8]},{"tweenEasing":0,"offset":1,"vertices":[17.1,0,8.38,0,0,0,0,0,0,0,0,0,0,0,0,0,0,0,0,0,7.48,0,17.35,0,24.77,0,24.77]},{"duration":2,"tweenEasing":0,"offset":1,"vertices":[5.53,0,0,0,0,0,0,0,0,0,0,0,0,0,0,0,0,0,0,0,0,0,5.53,0,12.88,0,12.88]},{"duration":14}]},{"name":"A_pattern_03","slot":"A_pattern_03","frame":[{"duration":32,"vertices":[-17.96,0,-17.96,0,-17.96,0,-17.96,0,-17.96,0,-17.96,0,-17.96,0,17.42,0,17.42,0,17.42,0,17.42,0,17.42,0,17.42,0,17.42,0,17.42,0,17.42,0,-17.96,0,-17.96,0,17.42,0,-17.96,0,17.42,0,-17.96,0,17.42,0,-17.96,0,17.42,0,-17.96,0,17.42,0,-17.96]},{"duration":3,"curve":[0.25,0,0.75,1],"vertices":[-17.96,0,-17.96,0,-17.96,0,-17.96,0,-17.96,0,-17.96,0,-17.96,0,17.42,0,17.42,0,17.42,0,17.42,0,17.42,0,17.42,0,17.42,0,17.42,0,17.42,0,-17.96,0,-17.96,0,17.42,0,-17.96,0,17.42,0,-17.96,0,17.42,0,-17.96,0,17.42,0,-17.96,0,17.42,0,-17.96]},{"duration":70},{"duration":3,"tweenEasing":0},{"duration":3,"tweenEasing":0,"offset":29,"vertices":[13.8,0,13.8,0,13.8,0,13.8]},{"duration":3,"tweenEasing":0,"offset":1,"vertices":[14.09,0,0,0,0,0,0,0,0,0,0,0,0,0,0,0,0,0,0,0,0,0,0,0,0,0,14.09,0,27.9,0,27.9,0,27.9,0,27.9,0,0,0,0,0,0,0,0,0,0,0,0,0,0,0,0,0,14.09,0,14.09]},{"duration":3,"tweenEasing":0,"offset":1,"vertices":[29.79,0,15.69,0,0,0,0,0,0,0,0,0,0,0,0,0,0,0,0,0,0,0,0,0,15.69,0,29.79,0,43.59,0,43.59,0,43.59,0,43.59,0,0,0,0,0,0,0,0,0,0,0,0,0,15.69,0,15.69,0,29.79,0,29.79]},{"duration":3,"tweenEasing":0,"offset":1,"vertices":[43.88,0,29.79,0,14.09,0,0,0,0,0,0,0,0,0,0,0,0,0,0,0,0,0,14.09,0,29.79,0,43.88,0,57.69,0,57.69,0,57.69,0,57.69,0,0,0,0,0,14.09,0,14.09,0,0,0,0,0,29.79,0,29.79,0,43.88,0,43.88]},{"duration":50,"offset":1,"vertices":[50.57,0,37.49,0,22.67,0,7.7,0,0,0,0,0,0,0,0,0,0,0,0,0,7.12,0,22.52,0,37.78,0,51.87,0,64.95,0,64.95,0,65.1,0,65.1,0,0,0,0,0,22.52,0,22.67,0,7.12,0,7.7,0,37.78,0,37.49,0,51.87,0,50.57]},{"duration":12,"curve":[0.25,0,0.75,1],"offset":1,"vertices":[50.57,0,37.49,0,22.67,0,7.7,0,0,0,0,0,0,0,0,0,0,0,0,0,7.12,0,22.52,0,37.78,0,51.87,0,64.95,0,64.95,0,65.1,0,65.1,0,0,0,0,0,22.52,0,22.67,0,7.12,0,7.7,0,37.78,0,37.49,0,51.87,0,50.57]},{"duration":13,"vertices":[-75.84,50.57,-75.84,37.49,-75.84,22.67,-75.84,7.7,-75.84,0,-75.84,0,-75.84,0,76.09,0,76.09,0,76.09,0,76.09,7.12,76.09,22.52,76.09,37.78,76.09,51.87,76.09,64.95,76.09,64.95,-75.84,65.1,-75.84,65.1,76.09,0,-75.84,0,76.09,22.52,-75.84,22.67,76.09,7.12,-75.84,7.7,76.09,37.78,-75.84,37.49,76.09,51.87,-75.84,50.57]}]},{"name":"A_pattern_03","slot":"A_pattern_3","frame":[{"duration":32,"vertices":[-17.96,0,-17.96,0,-17.96,0,-17.96,0,-17.96,0,-17.96,0,-17.96,0,17.42,0,17.42,0,17.42,0,17.42,0,17.42,0,17.42,0,17.42,0,17.42,0,17.42,0,-17.96,0,-17.96,0,17.42,0,-17.96,0,17.42,0,-17.96,0,17.42,0,-17.96,0,17.42,0,-17.96,0,17.42,0,-17.96]},{"duration":3,"curve":[0.25,0,0.75,1],"vertices":[-17.96,0,-17.96,0,-17.96,0,-17.96,0,-17.96,0,-17.96,0,-17.96,0,17.42,0,17.42,0,17.42,0,17.42,0,17.42,0,17.42,0,17.42,0,17.42,0,17.42,0,-17.96,0,-17.96,0,17.42,0,-17.96,0,17.42,0,-17.96,0,17.42,0,-17.96,0,17.42,0,-17.96,0,17.42,0,-17.96]},{"duration":70},{"duration":3,"tweenEasing":0},{"duration":3,"tweenEasing":0,"offset":29,"vertices":[13.8,0,13.8,0,13.8,0,13.8]},{"duration":3,"tweenEasing":0,"offset":1,"vertices":[14.09,0,0,0,0,0,0,0,0,0,0,0,0,0,0,0,0,0,0,0,0,0,0,0,0,0,14.09,0,27.9,0,27.9,0,27.9,0,27.9,0,0,0,0,0,0,0,0,0,0,0,0,0,0,0,0,0,14.09,0,14.09]},{"duration":3,"tweenEasing":0,"offset":1,"vertices":[29.79,0,15.69,0,0,0,0,0,0,0,0,0,0,0,0,0,0,0,0,0,0,0,0,0,15.69,0,29.79,0,43.59,0,43.59,0,43.59,0,43.59,0,0,0,0,0,0,0,0,0,0,0,0,0,15.69,0,15.69,0,29.79,0,29.79]},{"duration":3,"tweenEasing":0,"offset":1,"vertices":[43.88,0,29.79,0,14.09,0,0,0,0,0,0,0,0,0,0,0,0,0,0,0,0,0,14.09,0,29.79,0,43.88,0,57.69,0,57.69,0,57.69,0,57.69,0,0,0,0,0,14.09,0,14.09,0,0,0,0,0,29.79,0,29.79,0,43.88,0,43.88]},{"duration":50,"offset":1,"vertices":[50.57,0,37.49,0,22.67,0,7.7,0,0,0,0,0,0,0,0,0,0,0,0,0,7.12,0,22.52,0,37.78,0,51.87,0,64.95,0,64.95,0,65.1,0,65.1,0,0,0,0,0,22.52,0,22.67,0,7.12,0,7.7,0,37.78,0,37.49,0,51.87,0,50.57]},{"duration":12,"curve":[0.25,0,0.75,1],"offset":1,"vertices":[50.57,0,37.49,0,22.67,0,7.7,0,0,0,0,0,0,0,0,0,0,0,0,0,7.12,0,22.52,0,37.78,0,51.87,0,64.95,0,64.95,0,65.1,0,65.1,0,0,0,0,0,22.52,0,22.67,0,7.12,0,7.7,0,37.78,0,37.49,0,51.87,0,50.57]},{"duration":13,"vertices":[-75.84,50.57,-75.84,37.49,-75.84,22.67,-75.84,7.7,-75.84,0,-75.84,0,-75.84,0,76.09,0,76.09,0,76.09,0,76.09,7.12,76.09,22.52,76.09,37.78,76.09,51.87,76.09,64.95,76.09,64.95,-75.84,65.1,-75.84,65.1,76.09,0,-75.84,0,76.09,22.52,-75.84,22.67,76.09,7.12,-75.84,7.7,76.09,37.78,-75.84,37.49,76.09,51.87,-75.84,50.57]}]},{"name":"A_pattern_04","slot":"A_pattern_04","frame":[{"duration":31,"vertices":[-61.79,0,-61.79,0,-61.79,0,-61.79,0,-61.79,0,-61.79,0,-61.79,0,-61.79,0,61.58,0,61.58,0,61.58,0,61.58,0,61.58,0,61.58,0,61.58,0,61.58,0,61.58,0,61.58,0,-61.79,0,-61.79,0,61.58,0,-61.79,0,61.58,0,-61.79,0,61.58,0,-61.79,0,61.58,0,61.58,0,-61.79,0,-61.79,0,61.58,0,-61.79]},{"duration":11,"curve":[0.25,0,0.75,1],"vertices":[-61.79,0,-61.79,0,-61.79,0,-61.79,0,-61.79,0,-61.79,0,-61.79,0,-61.79,0,61.58,0,61.58,0,61.58,0,61.58,0,61.58,0,61.58,0,61.58,0,61.58,0,61.58,0,61.58,0,-61.79,0,-61.79,0,61.58,0,-61.79,0,61.58,0,-61.79,0,61.58,0,-61.79,0,61.58,0,61.58,0,-61.79,0,-61.79,0,61.58,0,-61.79]},{"duration":63},{"duration":3,"tweenEasing":0},{"duration":3,"tweenEasing":0,"offset":33,"vertices":[9.54,0,9.54,0,9.54,0,9.54]},{"duration":3,"tweenEasing":0,"offset":1,"vertices":[15.71,0,6.34,0,0,0,0,0,0,0,0,0,0,0,0,0,0,0,0,0,0,0,0,0,0,0,0,0,8.04,0,16.56,0,25.59,0,25.59,0,24.4,0,24.4,0,0,0,0,0,0,0,0,0,0,0,0,0,0,0,8.04,0,0,0,6.34,0,16.56,0,15.71]},{"duration":3,"tweenEasing":0,"offset":1,"vertices":[32.56,0,23.19,0,14.6,0,0,0,0,0,0,0,0,0,0,0,0,0,0,0,0,0,0,0,0,0,14.79,0,22.83,0,31.35,0,40.38,0,40.38,0,41.25,0,41.25,0,0,0,0,0,0,0,0,0,0,0,0,0,14.79,0,22.83,0,14.6,0,23.19,0,31.35,0,32.56]},{"duration":3,"tweenEasing":0,"offset":1,"vertices":[46.44,0,37.07,0,28.48,0,13.88,0,0,0,0,0,0,0,0,0,0,0,0,0,0,0,0,0,14.64,0,29.42,0,37.47,0,45.99,0,55.02,0,55.02,0,55.14,0,55.14,0,0,0,0,0,0,0,0,0,14.64,0,13.88,0,29.42,0,37.47,0,28.48,0,37.07,0,45.99,0,46.44]},{"duration":50,"offset":1,"vertices":[53.86,0,45.24,0,36.61,0,21.8,0,7.72,0,0,0,0,0,0,0,0,0,0,0,0,0,7.13,0,22.32,0,37.13,0,45.75,0,54.37,0,62.81,0,62.81,0,63.11,0,63.11,0,0,0,0,0,7.13,0,7.72,0,22.32,0,21.8,0,37.13,0,45.75,0,36.61,0,45.24,0,54.37,0,53.86]},{"duration":12,"curve":[0.25,0,0.75,1],"offset":1,"vertices":[53.86,0,45.24,0,36.61,0,21.8,0,7.72,0,0,0,0,0,0,0,0,0,0,0,0,0,7.13,0,22.32,0,37.13,0,45.75,0,54.37,0,62.81,0,62.81,0,63.11,0,63.11,0,0,0,0,0,7.13,0,7.72,0,22.32,0,21.8,0,37.13,0,45.75,0,36.61,0,45.24,0,54.37,0,53.86]},{"duration":13,"vertices":[-117.92,53.86,-117.92,45.24,-117.92,36.61,-117.92,21.8,-117.92,7.72,-117.92,0,-117.92,0,-117.92,0,117.91,0,117.91,0,117.91,0,117.91,7.13,117.91,22.32,117.91,37.13,117.91,45.75,117.91,54.37,117.91,62.81,117.91,62.81,-117.92,63.11,-117.92,63.11,117.91,0,-117.92,0,117.91,7.13,-117.92,7.72,117.91,22.32,-117.92,21.8,117.91,37.13,117.91,45.75,-117.92,36.61,-117.92,45.24,117.91,54.37,-117.92,53.86]}]},{"name":"A_pattern_04","slot":"A_pattern_4","frame":[{"duration":31,"vertices":[-61.79,0,-61.79,0,-61.79,0,-61.79,0,-61.79,0,-61.79,0,-61.79,0,-61.79,0,61.58,0,61.58,0,61.58,0,61.58,0,61.58,0,61.58,0,61.58,0,61.58,0,61.58,0,61.58,0,-61.79,0,-61.79,0,61.58,0,-61.79,0,61.58,0,-61.79,0,61.58,0,-61.79,0,61.58,0,61.58,0,-61.79,0,-61.79,0,61.58,0,-61.79]},{"duration":11,"curve":[0.25,0,0.75,1],"vertices":[-61.79,0,-61.79,0,-61.79,0,-61.79,0,-61.79,0,-61.79,0,-61.79,0,-61.79,0,61.58,0,61.58,0,61.58,0,61.58,0,61.58,0,61.58,0,61.58,0,61.58,0,61.58,0,61.58,0,-61.79,0,-61.79,0,61.58,0,-61.79,0,61.58,0,-61.79,0,61.58,0,-61.79,0,61.58,0,61.58,0,-61.79,0,-61.79,0,61.58,0,-61.79]},{"duration":63},{"duration":3,"tweenEasing":0},{"duration":3,"tweenEasing":0,"offset":33,"vertices":[9.54,0,9.54,0,9.54,0,9.54]},{"duration":3,"tweenEasing":0,"offset":1,"vertices":[15.71,0,6.34,0,0,0,0,0,0,0,0,0,0,0,0,0,0,0,0,0,0,0,0,0,0,0,0,0,8.04,0,16.56,0,25.59,0,25.59,0,24.4,0,24.4,0,0,0,0,0,0,0,0,0,0,0,0,0,0,0,8.04,0,0,0,6.34,0,16.56,0,15.71]},{"duration":3,"tweenEasing":0,"offset":1,"vertices":[32.56,0,23.19,0,14.6,0,0,0,0,0,0,0,0,0,0,0,0,0,0,0,0,0,0,0,0,0,14.79,0,22.83,0,31.35,0,40.38,0,40.38,0,41.25,0,41.25,0,0,0,0,0,0,0,0,0,0,0,0,0,14.79,0,22.83,0,14.6,0,23.19,0,31.35,0,32.56]},{"duration":3,"tweenEasing":0,"offset":1,"vertices":[46.44,0,37.07,0,28.48,0,13.88,0,0,0,0,0,0,0,0,0,0,0,0,0,0,0,0,0,14.64,0,29.42,0,37.47,0,45.99,0,55.02,0,55.02,0,55.14,0,55.14,0,0,0,0,0,0,0,0,0,14.64,0,13.88,0,29.42,0,37.47,0,28.48,0,37.07,0,45.99,0,46.44]},{"duration":50,"offset":1,"vertices":[53.86,0,45.24,0,36.61,0,21.8,0,7.72,0,0,0,0,0,0,0,0,0,0,0,0,0,7.13,0,22.32,0,37.13,0,45.75,0,54.37,0,62.81,0,62.81,0,63.11,0,63.11,0,0,0,0,0,7.13,0,7.72,0,22.32,0,21.8,0,37.13,0,45.75,0,36.61,0,45.24,0,54.37,0,53.86]},{"duration":12,"curve":[0.25,0,0.75,1],"offset":1,"vertices":[53.86,0,45.24,0,36.61,0,21.8,0,7.72,0,0,0,0,0,0,0,0,0,0,0,0,0,7.13,0,22.32,0,37.13,0,45.75,0,54.37,0,62.81,0,62.81,0,63.11,0,63.11,0,0,0,0,0,7.13,0,7.72,0,22.32,0,21.8,0,37.13,0,45.75,0,36.61,0,45.24,0,54.37,0,53.86]},{"duration":13,"vertices":[-117.92,53.86,-117.92,45.24,-117.92,36.61,-117.92,21.8,-117.92,7.72,-117.92,0,-117.92,0,-117.92,0,117.91,0,117.91,0,117.91,0,117.91,7.13,117.91,22.32,117.91,37.13,117.91,45.75,117.91,54.37,117.91,62.81,117.91,62.81,-117.92,63.11,-117.92,63.11,117.91,0,-117.92,0,117.91,7.13,-117.92,7.72,117.91,22.32,-117.92,21.8,117.91,37.13,117.91,45.75,-117.92,36.61,-117.92,45.24,117.91,54.37,-117.92,53.86]}]},{"name":"A_pattern_05","slot":"A_pattern_05","frame":[{"duration":32,"vertices":[-83.6,0,-83.6,0,-83.6,0,-83.6,0,-83.6,0,-83.6,0,-83.6,0,84.27,0,84.27,0,84.27,0,84.27,0,84.27,0,84.27,0,84.27,0,84.27,0,84.27,0,-83.6,0,-83.6,0,84.27,0,-83.6,0,84.27,0,-83.6,0,84.27,0,-83.6,0,84.27,0,-83.6,0,84.27,0,-83.6]},{"duration":12,"curve":[0.25,0,0.75,1],"vertices":[-83.6,0,-83.6,0,-83.6,0,-83.6,0,-83.6,0,-83.6,0,-83.6,0,84.27,0,84.27,0,84.27,0,84.27,0,84.27,0,84.27,0,84.27,0,84.27,0,84.27,0,-83.6,0,-83.6,0,84.27,0,-83.6,0,84.27,0,-83.6,0,84.27,0,-83.6,0,84.27,0,-83.6,0,84.27,0,-83.6]},{"duration":61},{"duration":3,"tweenEasing":0},{"duration":3,"tweenEasing":0,"offset":29,"vertices":[10.25,0,10.25,0,10.25,0,10.25]},{"duration":3,"tweenEasing":0,"offset":1,"vertices":[9.99,0,0,0,0,0,0,0,0,0,0,0,0,0,0,0,0,0,0,0,0,0,0,0,0,0,9.99,0,24.77,0,24.77,0,24.77,0,24.77,0,0,0,0,0,0,0,0,0,0,0,0,0,0,0,0,0,9.99,0,9.99]},{"duration":3,"tweenEasing":0,"offset":1,"vertices":[25.49,0,11.56,0,0,0,0,0,0,0,0,0,0,0,0,0,0,0,0,0,0,0,0,0,15.51,0,25.49,0,40.28,0,40.28,0,40.28,0,40.28,0,0,0,0,0,0,0,0,0,11.56,0,11.56,0,0,0,0,0,25.49,0,25.49]},{"duration":3,"tweenEasing":0,"offset":1,"vertices":[39.16,0,25.23,0,13.67,0,2.37,0,0,0,0,0,0,0,0,0,0,0,0,0,2.37,0,13.67,0,29.17,0,39.16,0,53.94,0,53.94,0,53.94,0,53.94,0,0,0,0,0,13.67,0,13.67,0,25.23,0,25.23,0,2.37,0,2.37,0,39.16,0,39.16]},{"duration":50,"offset":1,"vertices":[45.47,0,34.16,0,19.97,0,9.72,0,0,0,0,0,0,0,0,0,0,0,0,0,11.56,0,21.81,0,36,0,47.31,0,62.55,0,62.55,0,63.34,0,63.34,0,0,0,0,0,21.81,0,19.97,0,36,0,34.16,0,11.56,0,9.72,0,47.31,0,45.47]},{"duration":10,"curve":[0.25,0,0.75,1],"offset":1,"vertices":[45.47,0,34.16,0,19.97,0,9.72,0,0,0,0,0,0,0,0,0,0,0,0,0,11.56,0,21.81,0,36,0,47.31,0,62.55,0,62.55,0,63.34,0,63.34,0,0,0,0,0,21.81,0,19.97,0,36,0,34.16,0,11.56,0,9.72,0,47.31,0,45.47]},{"duration":15,"vertices":[-154.81,45.47,-154.81,34.16,-154.81,19.97,-154.81,9.72,-154.81,0,-154.81,0,-154.81,0,157.7,0,157.7,0,157.7,0,157.7,11.56,157.7,21.81,157.7,36,157.7,47.31,157.7,62.55,157.7,62.55,-154.81,63.34,-154.81,63.34,157.7,0,-154.81,0,157.7,21.81,-154.81,19.97,157.7,36,-154.81,34.16,157.7,11.56,-154.81,9.72,157.7,47.31,-154.81,45.47]}]},{"name":"A_pattern_05","slot":"A_pattern_5","frame":[{"duration":32,"vertices":[-83.6,0,-83.6,0,-83.6,0,-83.6,0,-83.6,0,-83.6,0,-83.6,0,84.27,0,84.27,0,84.27,0,84.27,0,84.27,0,84.27,0,84.27,0,84.27,0,84.27,0,-83.6,0,-83.6,0,84.27,0,-83.6,0,84.27,0,-83.6,0,84.27,0,-83.6,0,84.27,0,-83.6,0,84.27,0,-83.6]},{"duration":12,"curve":[0.25,0,0.75,1],"vertices":[-83.6,0,-83.6,0,-83.6,0,-83.6,0,-83.6,0,-83.6,0,-83.6,0,84.27,0,84.27,0,84.27,0,84.27,0,84.27,0,84.27,0,84.27,0,84.27,0,84.27,0,-83.6,0,-83.6,0,84.27,0,-83.6,0,84.27,0,-83.6,0,84.27,0,-83.6,0,84.27,0,-83.6,0,84.27,0,-83.6]},{"duration":61},{"duration":3,"tweenEasing":0},{"duration":3,"tweenEasing":0,"offset":29,"vertices":[10.25,0,10.25,0,10.25,0,10.25]},{"duration":3,"tweenEasing":0,"offset":1,"vertices":[9.99,0,0,0,0,0,0,0,0,0,0,0,0,0,0,0,0,0,0,0,0,0,0,0,0,0,9.99,0,24.77,0,24.77,0,24.77,0,24.77,0,0,0,0,0,0,0,0,0,0,0,0,0,0,0,0,0,9.99,0,9.99]},{"duration":3,"tweenEasing":0,"offset":1,"vertices":[25.49,0,11.56,0,0,0,0,0,0,0,0,0,0,0,0,0,0,0,0,0,0,0,0,0,15.51,0,25.49,0,40.28,0,40.28,0,40.28,0,40.28,0,0,0,0,0,0,0,0,0,11.56,0,11.56,0,0,0,0,0,25.49,0,25.49]},{"duration":3,"tweenEasing":0,"offset":1,"vertices":[39.16,0,25.23,0,13.67,0,2.37,0,0,0,0,0,0,0,0,0,0,0,0,0,2.37,0,13.67,0,29.17,0,39.16,0,53.94,0,53.94,0,53.94,0,53.94,0,0,0,0,0,13.67,0,13.67,0,25.23,0,25.23,0,2.37,0,2.37,0,39.16,0,39.16]},{"duration":50,"offset":1,"vertices":[45.47,0,34.16,0,19.97,0,9.72,0,0,0,0,0,0,0,0,0,0,0,0,0,11.56,0,21.81,0,36,0,47.31,0,62.55,0,62.55,0,63.34,0,63.34,0,0,0,0,0,21.81,0,19.97,0,36,0,34.16,0,11.56,0,9.72,0,47.31,0,45.47]},{"duration":10,"curve":[0.25,0,0.75,1],"offset":1,"vertices":[45.47,0,34.16,0,19.97,0,9.72,0,0,0,0,0,0,0,0,0,0,0,0,0,11.56,0,21.81,0,36,0,47.31,0,62.55,0,62.55,0,63.34,0,63.34,0,0,0,0,0,21.81,0,19.97,0,36,0,34.16,0,11.56,0,9.72,0,47.31,0,45.47]},{"duration":15,"vertices":[-154.81,45.47,-154.81,34.16,-154.81,19.97,-154.81,9.72,-154.81,0,-154.81,0,-154.81,0,157.7,0,157.7,0,157.7,0,157.7,11.56,157.7,21.81,157.7,36,157.7,47.31,157.7,62.55,157.7,62.55,-154.81,63.34,-154.81,63.34,157.7,0,-154.81,0,157.7,21.81,-154.81,19.97,157.7,36,-154.81,34.16,157.7,11.56,-154.81,9.72,157.7,47.31,-154.81,45.47]}]},{"name":"L1_shadow","slot":"L1_shadow","frame":[{"duration":105,"offset":1,"vertices":[-66.37,0,63.62,0,63.62,0,63.62,0,63.62,0,-66.37,0,-66.37,0,-66.37]},{"duration":15,"curve":[0.25,0,0.75,1],"offset":1,"vertices":[-66.37,0,63.62,0,63.62,0,63.62,0,63.62,0,-66.37,0,-66.37,0,-66.37]},{"duration":75}]}]}],"defaultActions":[{"gotoAndPlay":"ani_result_loss"}]}]}