{"imagePath":"blockchain_dt_tex.png","width":4096,"height":4096,"name":"blockchain_dt","SubTexture":[{"width":204,"y":1375,"height":312,"name":"red_card_poker","x":3874},{"width":607,"y":2167,"height":27,"name":"poker/card_fx2","x":1171},{"width":718,"y":757,"height":711,"name":"glow","x":2723},{"width":757,"y":1,"height":754,"name":"circle_D","x":2723},{"width":35,"y":1009,"height":52,"name":"dot","x":917},{"width":623,"y":757,"height":616,"name":"circle_B","x":3443},{"width":851,"y":1,"height":845,"name":"circle_E","x":1870},{"width":959,"y":1,"height":953,"name":"circle_F","x":1},{"width":906,"y":1,"height":884,"name":"circle_G","x":962},{"width":411,"y":2678,"height":332,"name":"outer_rectangle_B","x":2409},{"width":305,"y":1800,"height":291,"name":"outer_rectangle_A","x":3766},{"width":690,"y":848,"height":679,"name":"circle_C","x":1870},{"width":397,"y":472,"height":270,"name":"blue_light","x":3482},{"width":299,"y":1793,"height":204,"name":"white_light","x":1259},{"width":322,"y":2107,"height":140,"name":"bar","x":847},{"width":220,"y":1689,"height":70,"name":"bar_grow","x":3874},{"width":429,"y":1375,"height":423,"name":"mask","x":3443},{"width":26,"y":131,"height":95,"name":"red_card","x":4054},{"width":468,"y":1,"height":469,"name":"circle_A","x":3482},{"width":289,"y":887,"height":287,"name":"cross","x":1564},{"width":348,"y":2678,"height":347,"name":"Core","x":2822},{"width":100,"y":131,"height":143,"name":"icon","x":3952},{"width":128,"y":1917,"height":128,"name":"Effect/CircleLight_014","x":1673},{"width":128,"y":1,"height":128,"name":"Effect/CircleLight_028","x":3952},{"width":242,"y":1793,"height":349,"name":"poker/card_frame_back_vertical","x":603},{"width":204,"y":1793,"height":312,"name":"poker/card_back_vertical","x":847},{"width":242,"y":2682,"height":349,"name":"poker/card_frame_front_vertical","x":3801},{"width":58,"y":2197,"height":58,"name":"poker/card_info","x":763},{"width":192,"y":2259,"height":39,"name":"poker/card_light","x":1349},{"frameY":-4,"y":2299,"frameWidth":68,"frameHeight":39,"width":60,"height":31,"name":"poker/card_number_vertical","frameX":-4,"x":4018},{"width":412,"y":1999,"height":137,"name":"line","x":1259},{"width":600,"y":1529,"height":300,"name":"draw_effect/draw_effect_13","x":1807},{"width":600,"y":2133,"height":300,"name":"draw_effect/draw_effect_03","x":1807},{"width":600,"y":2435,"height":300,"name":"draw_effect/draw_effect_14","x":1807},{"width":600,"y":1491,"height":300,"name":"draw_effect/draw_effect_04","x":603},{"width":600,"y":956,"height":300,"name":"draw_effect/draw_effect_15","x":1},{"width":600,"y":1189,"height":300,"name":"draw_effect/draw_effect_05","x":1205},{"width":600,"y":2102,"height":300,"name":"draw_effect/draw_effect_16","x":3164},{"width":600,"y":1470,"height":300,"name":"draw_effect/draw_effect_06","x":2562},{"width":600,"y":1491,"height":300,"name":"draw_effect/draw_effect_17","x":1205},{"width":600,"y":1772,"height":300,"name":"draw_effect/draw_effect_07","x":2562},{"width":600,"y":1800,"height":300,"name":"draw_effect/draw_effect_08","x":3164},{"width":600,"y":2074,"height":300,"name":"draw_effect/draw_effect_09","x":2562},{"width":600,"y":2376,"height":300,"name":"draw_effect/draw_effect_10","x":2409},{"width":600,"y":887,"height":300,"name":"draw_effect/draw_effect_00","x":962},{"width":600,"y":1258,"height":300,"name":"draw_effect/draw_effect_11","x":1},{"width":600,"y":1831,"height":300,"name":"draw_effect/draw_effect_01","x":1807},{"width":600,"y":1189,"height":300,"name":"draw_effect/draw_effect_12","x":603},{"width":600,"y":1560,"height":300,"name":"draw_effect/draw_effect_02","x":1},{"width":60,"y":2332,"height":18,"name":"line_rectengle_blue","x":4018},{"width":60,"y":2107,"height":18,"name":"line_rectengle_green","x":1171},{"width":60,"y":2258,"height":18,"name":"line_rectengle_red","x":396},{"width":627,"y":2404,"height":137,"name":"bg_blue","x":3383},{"width":627,"y":2682,"height":137,"name":"bg_green","x":3172},{"width":627,"y":2543,"height":137,"name":"bg_red","x":3383},{"width":508,"y":2126,"height":130,"name":"pattern_red","x":1},{"width":508,"y":1862,"height":130,"name":"pattern_blue","x":1},{"width":508,"y":1994,"height":130,"name":"pattern_green","x":1},{"width":250,"y":2299,"height":61,"name":"result_pattern/result_pattern0000","x":3766},{"frameY":-4,"y":361,"frameWidth":250,"frameHeight":61,"width":120,"height":57,"name":"result_pattern/result_pattern0011","frameX":-130,"x":3952},{"frameY":-4,"y":956,"frameWidth":250,"frameHeight":61,"width":39,"height":51,"name":"result_pattern/result_pattern0001","frameX":0,"x":917},{"frameY":-4,"y":1862,"frameWidth":250,"frameHeight":61,"width":90,"height":51,"name":"result_pattern/result_pattern0012","frameX":-160,"x":511},{"frameY":-4,"y":2144,"frameWidth":250,"frameHeight":61,"width":69,"height":51,"name":"result_pattern/result_pattern0002","frameX":0,"x":763},{"frameY":-4,"y":1853,"frameWidth":250,"frameHeight":61,"width":60,"height":51,"name":"result_pattern/result_pattern0013","frameX":-190,"x":1739},{"frameY":0,"y":1917,"frameWidth":250,"frameHeight":61,"width":99,"height":61,"name":"result_pattern/result_pattern0003","frameX":0,"x":1560},{"frameY":-4,"y":1063,"frameWidth":250,"frameHeight":61,"width":29,"height":51,"name":"result_pattern/result_pattern0014","frameX":-221,"x":917},{"frameY":0,"y":2047,"frameWidth":250,"frameHeight":61,"width":129,"height":61,"name":"result_pattern/result_pattern0004","frameX":0,"x":1673},{"width":250,"y":2144,"height":61,"name":"result_pattern/result_pattern0015","x":511},{"frameY":0,"y":922,"frameWidth":250,"frameHeight":61,"width":159,"height":61,"name":"result_pattern/result_pattern0005","frameX":0,"x":2562},{"frameY":0,"y":2258,"frameWidth":250,"frameHeight":61,"width":188,"height":61,"name":"result_pattern/result_pattern0006","frameX":-1,"x":206},{"frameY":0,"y":2207,"frameWidth":250,"frameHeight":61,"width":207,"height":61,"name":"result_pattern/result_pattern0007","frameX":-12,"x":511},{"frameY":0,"y":2258,"frameWidth":250,"frameHeight":61,"width":203,"height":61,"name":"result_pattern/result_pattern0008","frameX":-40,"x":1},{"frameY":0,"y":2196,"frameWidth":250,"frameHeight":61,"width":180,"height":61,"name":"result_pattern/result_pattern0009","frameX":-70,"x":1171},{"frameY":-4,"y":985,"frameWidth":250,"frameHeight":61,"width":150,"height":57,"name":"result_pattern/result_pattern0010","frameX":-100,"x":2562},{"width":161,"y":472,"height":122,"name":"result_tiger_pattern_green","x":3881},{"width":161,"y":596,"height":122,"name":"result_tiger_pattern_red","x":3881},{"width":177,"y":1793,"height":122,"name":"result_dragon_pattern","x":1560},{"width":154,"y":848,"height":72,"name":"credit","x":2562},{"width":142,"y":276,"height":83,"name":"result","x":3952},{"width":37,"y":2258,"height":28,"name":"rectengle","x":458},{"width":627,"y":2274,"height":13,"name":"line_green","x":720},{"width":627,"y":2289,"height":13,"name":"line_red","x":396},{"width":627,"y":2259,"height":13,"name":"line_blue","x":720},{"width":370,"y":2404,"height":265,"name":"card_frame_back_horizontal","x":3011},{"frameY":-4,"y":2362,"frameWidth":68,"frameHeight":39,"width":60,"height":31,"name":"card_number_horizontal","frameX":-4,"x":3960},{"width":312,"y":956,"height":204,"name":"card_back_horizontal","x":603},{"width":312,"y":2093,"height":204,"name":"card_front_horizontal","x":3766},{"width":58,"y":1793,"height":58,"name":"card_info","x":1739},{"width":350,"y":2821,"height":244,"name":"card_frame_front_horizontal","x":3172},{"width":242,"y":2821,"height":349,"name":"card_frame_back_vertical","x":3524},{"width":204,"y":1470,"height":312,"name":"card_back_vertical","x":3164},{"width":204,"y":1793,"height":312,"name":"card_front_vertical","x":1053},{"width":242,"y":3033,"height":349,"name":"card_frame_front_vertical","x":3768},{"width":192,"y":2362,"height":39,"name":"card_light","x":3766},{"frameY":-4,"y":420,"frameWidth":68,"frameHeight":39,"width":60,"height":31,"name":"card_number_vertical","frameX":-4,"x":3952},{"width":607,"y":2138,"height":27,"name":"card_fx2","x":1171}]}