{"width":4096,"SubTexture":[{"width":717,"y":1,"height":1064,"name":"dt_bg/dt_dragon_line","x":1},{"width":717,"y":1067,"height":1064,"name":"dt_bg/dt_dragon_add","x":1},{"frameX":-4,"frameHeight":410,"y":2133,"frameY":-4,"frameWidth":669,"width":661,"height":402,"name":"dt_bg/dt_dragon_bottom_light","x":1},{"width":388,"y":1928,"height":83,"name":"poker/card_fx","x":2972},{"width":389,"y":1473,"height":90,"name":"dt_loop/dragon_loop0059","x":2972},{"width":503,"y":3979,"height":90,"name":"dt_loop/dragon_loop0034","x":1011},{"width":389,"y":1197,"height":90,"name":"dt_loop/dragon_loop0058","x":2972},{"width":503,"y":3979,"height":90,"name":"dt_loop/dragon_loop0033","x":1516},{"width":389,"y":1565,"height":90,"name":"dt_loop/dragon_loop0057","x":2972},{"width":503,"y":3863,"height":90,"name":"dt_loop/dragon_loop0032","x":1},{"width":389,"y":1381,"height":90,"name":"dt_loop/dragon_loop0056","x":2972},{"width":503,"y":3955,"height":90,"name":"dt_loop/dragon_loop0031","x":1},{"width":503,"y":3863,"height":90,"name":"dt_loop/dragon_loop0030","x":506},{"width":389,"y":1473,"height":90,"name":"dt_loop/dragon_loop0055","x":3426},{"width":503,"y":3955,"height":90,"name":"dt_loop/dragon_loop0029","x":506},{"width":499,"y":2653,"height":90,"name":"dt_loop/dragon_loop0028","x":1975},{"width":494,"y":2653,"height":90,"name":"dt_loop/dragon_loop0027","x":2476},{"width":389,"y":1381,"height":90,"name":"dt_loop/dragon_loop0054","x":3426},{"width":454,"y":369,"height":90,"name":"dt_loop/dragon_loop0026","x":3426},{"width":389,"y":1565,"height":90,"name":"dt_loop/dragon_loop0053","x":3426},{"width":450,"y":1,"height":90,"name":"dt_loop/dragon_loop0025","x":2972},{"width":447,"y":93,"height":90,"name":"dt_loop/dragon_loop0024","x":2972},{"width":389,"y":1289,"height":90,"name":"dt_loop/dragon_loop0052","x":3426},{"width":442,"y":185,"height":90,"name":"dt_loop/dragon_loop0023","x":2972},{"width":389,"y":1289,"height":90,"name":"dt_loop/dragon_loop0051","x":2972},{"width":396,"y":1105,"height":90,"name":"dt_loop/dragon_loop0022","x":3426},{"width":406,"y":1013,"height":90,"name":"dt_loop/dragon_loop0021","x":2972},{"width":390,"y":1197,"height":90,"name":"dt_loop/dragon_loop0050","x":3426},{"width":407,"y":921,"height":90,"name":"dt_loop/dragon_loop0020","x":2972},{"width":415,"y":737,"height":90,"name":"dt_loop/dragon_loop0049","x":2972},{"width":411,"y":829,"height":90,"name":"dt_loop/dragon_loop0019","x":3426},{"width":410,"y":829,"height":90,"name":"dt_loop/dragon_loop0018","x":2972},{"width":425,"y":277,"height":90,"name":"dt_loop/dragon_loop0048","x":2972},{"width":408,"y":921,"height":90,"name":"dt_loop/dragon_loop0017","x":3426},{"width":420,"y":645,"height":90,"name":"dt_loop/dragon_loop0047","x":2972},{"width":407,"y":1013,"height":90,"name":"dt_loop/dragon_loop0016","x":3426},{"width":421,"y":645,"height":90,"name":"dt_loop/dragon_loop0015","x":3426},{"width":421,"y":553,"height":90,"name":"dt_loop/dragon_loop0046","x":2972},{"width":422,"y":461,"height":90,"name":"dt_loop/dragon_loop0014","x":2972},{"width":458,"y":277,"height":90,"name":"dt_loop/dragon_loop0045","x":3426},{"width":422,"y":369,"height":90,"name":"dt_loop/dragon_loop0013","x":2972},{"width":422,"y":461,"height":90,"name":"dt_loop/dragon_loop0012","x":3426},{"width":421,"y":553,"height":90,"name":"dt_loop/dragon_loop0011","x":3426},{"width":42,"y":2520,"height":11,"name":"dt_loop/dragon_loop0073","x":863},{"width":416,"y":737,"height":90,"name":"dt_loop/dragon_loop0010","x":3426},{"width":82,"y":3955,"height":21,"name":"dt_loop/dragon_loop0072","x":1011},{"width":393,"y":1105,"height":90,"name":"dt_loop/dragon_loop0009","x":2972},{"width":116,"y":2430,"height":31,"name":"dt_loop/dragon_loop0071","x":822},{"width":474,"y":93,"height":90,"name":"dt_loop/dragon_loop0044","x":3426},{"width":386,"y":1657,"height":90,"name":"dt_loop/dragon_loop0008","x":3426},{"width":141,"y":2483,"height":41,"name":"dt_loop/dragon_loop0070","x":664},{"width":474,"y":2745,"height":90,"name":"dt_loop/dragon_loop0043","x":2950},{"width":385,"y":1841,"height":85,"name":"dt_loop/dragon_loop0007","x":2972},{"width":156,"y":2430,"height":51,"name":"dt_loop/dragon_loop0069","x":664},{"width":363,"y":2105,"height":75,"name":"dt_loop/dragon_loop0006","x":2036},{"width":474,"y":2837,"height":90,"name":"dt_loop/dragon_loop0042","x":1975},{"width":363,"y":2013,"height":65,"name":"dt_loop/dragon_loop0005","x":3316},{"width":249,"y":2367,"height":61,"name":"dt_loop/dragon_loop0068","x":664},{"width":474,"y":2837,"height":90,"name":"dt_loop/dragon_loop0041","x":3403},{"width":363,"y":1933,"height":55,"name":"dt_loop/dragon_loop0004","x":3362},{"width":264,"y":2294,"height":71,"name":"dt_loop/dragon_loop0067","x":664},{"width":266,"y":2211,"height":81,"name":"dt_loop/dragon_loop0066","x":664},{"width":474,"y":2837,"height":90,"name":"dt_loop/dragon_loop0040","x":2451},{"width":331,"y":4047,"height":45,"name":"dt_loop/dragon_loop0003","x":1},{"width":269,"y":3863,"height":90,"name":"dt_loop/dragon_loop0065","x":1011},{"width":474,"y":1,"height":90,"name":"dt_loop/dragon_loop0039","x":3426},{"width":106,"y":2483,"height":35,"name":"dt_loop/dragon_loop0002","x":807},{"width":342,"y":2013,"height":90,"name":"dt_loop/dragon_loop0064","x":2972},{"width":474,"y":2837,"height":90,"name":"dt_loop/dragon_loop0038","x":2927},{"width":364,"y":1841,"height":90,"name":"dt_loop/dragon_loop0063","x":3426},{"width":485,"y":2745,"height":90,"name":"dt_loop/dragon_loop0037","x":2463},{"width":105,"y":4047,"height":25,"name":"dt_loop/dragon_loop0001","x":334},{"width":375,"y":1749,"height":90,"name":"dt_loop/dragon_loop0062","x":2972},{"width":54,"y":2520,"height":15,"name":"dt_loop/dragon_loop0000","x":807},{"width":377,"y":1749,"height":90,"name":"dt_loop/dragon_loop0061","x":3426},{"width":473,"y":185,"height":90,"name":"dt_loop/dragon_loop0036","x":3426},{"width":381,"y":1657,"height":90,"name":"dt_loop/dragon_loop0060","x":2972},{"width":486,"y":2745,"height":90,"name":"dt_loop/dragon_loop0035","x":1975},{"width":327,"y":2653,"height":440,"name":"win_effect/dragon/dragon_40frames_00030","x":1646},{"width":327,"y":1,"height":440,"name":"win_effect/dragon/dragon_40frames_00007","x":1707},{"width":327,"y":885,"height":440,"name":"win_effect/dragon/dragon_40frames_00038","x":1707},{"width":327,"y":1,"height":440,"name":"win_effect/dragon/dragon_40frames_00006","x":1049},{"width":327,"y":2979,"height":440,"name":"win_effect/dragon/dragon_40frames_00005","x":659},{"width":327,"y":1769,"height":440,"name":"win_effect/dragon/dragon_40frames_00018","x":720},{"width":327,"y":1327,"height":440,"name":"win_effect/dragon/dragon_40frames_00004","x":1378},{"width":327,"y":1327,"height":440,"name":"win_effect/dragon/dragon_40frames_00017","x":720},{"width":327,"y":3421,"height":440,"name":"win_effect/dragon/dragon_40frames_00028","x":330},{"width":327,"y":885,"height":440,"name":"win_effect/dragon/dragon_40frames_00003","x":1378},{"width":327,"y":2979,"height":440,"name":"win_effect/dragon/dragon_40frames_00036","x":330},{"width":327,"y":1769,"height":440,"name":"win_effect/dragon/dragon_40frames_00002","x":1049},{"width":327,"y":2653,"height":440,"name":"win_effect/dragon/dragon_40frames_00016","x":988},{"width":327,"y":885,"height":440,"name":"win_effect/dragon/dragon_40frames_00027","x":720},{"width":327,"y":885,"height":440,"name":"win_effect/dragon/dragon_40frames_00001","x":1049},{"width":327,"y":2211,"height":440,"name":"win_effect/dragon/dragon_40frames_00015","x":1975},{"width":327,"y":2537,"height":440,"name":"win_effect/dragon/dragon_40frames_00000","x":659},{"width":327,"y":1769,"height":440,"name":"win_effect/dragon/dragon_40frames_00026","x":1707},{"width":327,"y":1327,"height":440,"name":"win_effect/dragon/dragon_40frames_00037","x":1049},{"width":327,"y":2653,"height":440,"name":"win_effect/dragon/dragon_40frames_00034","x":1317},{"width":327,"y":2211,"height":440,"name":"win_effect/dragon/dragon_40frames_00024","x":988},{"width":327,"y":1327,"height":440,"name":"win_effect/dragon/dragon_40frames_00014","x":1707},{"width":327,"y":3095,"height":440,"name":"win_effect/dragon/dragon_40frames_00025","x":1646},{"width":327,"y":3537,"height":440,"name":"win_effect/dragon/dragon_40frames_00033","x":1646},{"width":327,"y":2979,"height":440,"name":"win_effect/dragon/dragon_40frames_00023","x":1},{"width":327,"y":2537,"height":440,"name":"win_effect/dragon/dragon_40frames_00035","x":1},{"width":327,"y":1,"height":440,"name":"win_effect/dragon/dragon_40frames_00013","x":720},{"width":327,"y":2211,"height":440,"name":"win_effect/dragon/dragon_40frames_00022","x":1317},{"width":327,"y":2211,"height":440,"name":"win_effect/dragon/dragon_40frames_00012","x":1646},{"width":327,"y":443,"height":440,"name":"win_effect/dragon/dragon_40frames_00011","x":1707},{"width":327,"y":1,"height":440,"name":"win_effect/dragon/dragon_40frames_00021","x":1378},{"width":327,"y":3421,"height":440,"name":"win_effect/dragon/dragon_40frames_00010","x":988},{"width":327,"y":3421,"height":440,"name":"win_effect/dragon/dragon_40frames_00031","x":659},{"width":327,"y":3537,"height":440,"name":"win_effect/dragon/dragon_40frames_00020","x":1317},{"width":327,"y":3421,"height":440,"name":"win_effect/dragon/dragon_40frames_00032","x":1},{"width":327,"y":3095,"height":440,"name":"win_effect/dragon/dragon_40frames_00009","x":1317},{"width":327,"y":443,"height":440,"name":"win_effect/dragon/dragon_40frames_00040","x":1378},{"width":327,"y":1769,"height":440,"name":"win_effect/dragon/dragon_40frames_00019","x":1378},{"width":327,"y":443,"height":440,"name":"win_effect/dragon/dragon_40frames_00008","x":1049},{"width":327,"y":443,"height":440,"name":"win_effect/dragon/dragon_40frames_00029","x":720},{"width":327,"y":2537,"height":440,"name":"win_effect/dragon/dragon_40frames_00039","x":330}],"height":4096,"name":"dragon","imagePath":"dragon_tex.png"}