{"width":2048,"imagePath":"blockchain_dt_tex.png","height":4096,"name":"blockchain_dt","SubTexture":[{"width":1182,"y":2492,"height":60,"name":"bet_bar","x":622},{"frameHeight":258,"y":1,"frameX":-4,"width":84,"frameY":-15,"height":228,"name":"bar_effect/spark (06)","frameWidth":88,"x":1943},{"frameHeight":38,"y":2524,"frameX":-5,"width":28,"frameY":-5,"height":28,"name":"bar_effect/FlashLight_12","frameWidth":38,"x":482},{"frameHeight":18,"y":211,"frameX":-4,"width":52,"frameY":-4,"height":10,"name":"line_rectengle_red","frameWidth":60,"x":1870},{"frameHeight":18,"y":1712,"frameX":-4,"width":52,"frameY":-4,"height":10,"name":"line_rectengle_blue","frameWidth":60,"x":693},{"frameHeight":18,"y":2471,"frameX":-4,"width":52,"frameY":-4,"height":10,"name":"line_rectengle_green","frameWidth":60,"x":1243},{"frameHeight":137,"y":2393,"frameX":-4,"width":619,"frameY":-4,"height":129,"name":"bg_blue","frameWidth":627,"x":1},{"frameHeight":137,"y":2340,"frameX":-4,"width":619,"frameY":-4,"height":129,"name":"bg_green","frameWidth":627,"x":693},{"frameHeight":137,"y":2361,"frameX":-4,"width":619,"frameY":-4,"height":129,"name":"bg_red","frameWidth":627,"x":1314},{"frameHeight":130,"y":2554,"frameX":-4,"width":500,"frameY":-4,"height":122,"name":"pattern_green","frameWidth":508,"x":1486},{"frameHeight":130,"y":2554,"frameX":-4,"width":500,"frameY":-4,"height":122,"name":"pattern_red","frameWidth":508,"x":482},{"frameHeight":130,"y":2554,"frameX":-4,"width":500,"frameY":-4,"height":122,"name":"pattern_blue","frameWidth":508,"x":984},{"frameHeight":61,"y":70,"frameX":0,"width":69,"frameY":-4,"height":51,"name":"result_pattern/result_pattern0002","frameWidth":250,"x":1870},{"frameHeight":61,"y":123,"frameX":-190,"width":60,"frameY":-4,"height":51,"name":"result_pattern/result_pattern0013","frameWidth":250,"x":1870},{"frameHeight":61,"y":500,"frameX":0,"width":99,"frameY":0,"height":61,"name":"result_pattern/result_pattern0003","frameWidth":250,"x":1943},{"frameHeight":61,"y":371,"frameX":-221,"width":29,"frameY":-4,"height":51,"name":"result_pattern/result_pattern0014","frameWidth":250,"x":2018},{"frameHeight":61,"y":437,"frameX":0,"width":129,"frameY":0,"height":61,"name":"result_pattern/result_pattern0004","frameWidth":250,"x":1870},{"width":250,"y":2678,"height":61,"name":"result_pattern/result_pattern0015","x":756},{"frameHeight":61,"y":308,"frameX":0,"width":159,"frameY":0,"height":61,"name":"result_pattern/result_pattern0005","frameWidth":250,"x":1870},{"frameHeight":61,"y":2678,"frameX":-1,"width":188,"frameY":0,"height":61,"name":"result_pattern/result_pattern0006","frameWidth":250,"x":1213},{"frameHeight":61,"y":1655,"frameX":-12,"width":207,"frameY":0,"height":61,"name":"result_pattern/result_pattern0007","frameWidth":250,"x":1815},{"frameHeight":61,"y":2678,"frameX":-40,"width":203,"frameY":0,"height":61,"name":"result_pattern/result_pattern0008","frameWidth":250,"x":1008},{"frameHeight":61,"y":2678,"frameX":-70,"width":180,"frameY":0,"height":61,"name":"result_pattern/result_pattern0009","frameWidth":250,"x":1403},{"frameHeight":61,"y":2006,"frameX":-100,"width":150,"frameY":-4,"height":57,"name":"result_pattern/result_pattern0010","frameWidth":250,"x":1703},{"width":250,"y":2678,"height":61,"name":"result_pattern/result_pattern0000","x":504},{"frameHeight":61,"y":2492,"frameX":-130,"width":120,"frameY":-4,"height":57,"name":"result_pattern/result_pattern0011","frameWidth":250,"x":1806},{"frameHeight":61,"y":437,"frameX":0,"width":39,"frameY":-4,"height":51,"name":"result_pattern/result_pattern0001","frameWidth":250,"x":2001},{"frameHeight":61,"y":2496,"frameX":-160,"width":90,"frameY":-4,"height":51,"name":"result_pattern/result_pattern0012","frameWidth":250,"x":1928},{"width":161,"y":1067,"height":122,"name":"result_tiger_pattern_red","x":1815},{"width":161,"y":1191,"height":122,"name":"result_tiger_pattern_green","x":1815},{"width":177,"y":1593,"height":122,"name":"result_dragon_pattern","x":760},{"frameHeight":72,"y":371,"frameX":-4,"width":146,"frameY":-4,"height":64,"name":"credit","frameWidth":154,"x":1870},{"frameHeight":83,"y":231,"frameX":-4,"width":134,"frameY":-4,"height":75,"name":"result","frameWidth":142,"x":1870},{"frameHeight":28,"y":285,"frameX":-4,"width":29,"frameY":-4,"height":20,"name":"rectengle","frameWidth":37,"x":2006},{"frameHeight":13,"y":2478,"frameX":-4,"width":619,"frameY":-4,"height":5,"name":"line_green","frameWidth":627,"x":622},{"frameHeight":13,"y":2485,"frameX":-4,"width":619,"frameY":-4,"height":5,"name":"line_red","frameWidth":627,"x":622},{"frameHeight":13,"y":2471,"frameX":-4,"width":619,"frameY":-4,"height":5,"name":"line_blue","frameWidth":627,"x":622},{"width":757,"y":956,"height":754,"name":"circle_D","x":1},{"width":35,"y":231,"height":52,"name":"dot","x":2006},{"width":851,"y":887,"height":845,"name":"circle_E","x":962},{"width":959,"y":1,"height":953,"name":"circle_F","x":1},{"width":906,"y":1,"height":884,"name":"circle_G","x":962},{"width":411,"y":1734,"height":332,"name":"outer_rectangle_B","x":1290},{"width":305,"y":2068,"height":291,"name":"outer_rectangle_A","x":1689},{"width":690,"y":1712,"height":679,"name":"circle_C","x":1},{"width":397,"y":2068,"height":270,"name":"blue_light","x":1290},{"width":299,"y":2674,"height":204,"name":"white_light","x":1},{"width":315,"y":1734,"height":270,"name":"bar","x":1703},{"width":200,"y":2678,"height":94,"name":"bar_grow","x":302},{"width":479,"y":2524,"height":148,"name":"circle_mask_a","x":1},{"width":158,"y":956,"height":431,"name":"circle_mask_b","x":760},{"width":17,"y":1,"height":87,"name":"red_card","x":2029},{"width":595,"y":1734,"height":567,"name":"center_mask","x":693},{"width":108,"y":2361,"height":133,"name":"icon","x":1935},{"width":126,"y":887,"height":178,"name":"poker/card_frame","x":1815},{"width":115,"y":1315,"height":168,"name":"poker/card_back","x":1932},{"width":115,"y":1315,"height":168,"name":"poker/card_front","x":1815},{"width":115,"y":1485,"height":168,"name":"poker/red_card_poker","x":1932},{"width":67,"y":1,"height":67,"name":"poker/card_info_vertical","x":1870},{"frameHeight":27,"y":2303,"frameX":-64,"width":479,"frameY":0,"height":27,"name":"poker/card_fx2","frameWidth":607,"x":693},{"width":63,"y":176,"height":33,"name":"poker/card_number","x":1870},{"width":115,"y":1485,"height":168,"name":"poker/card_disable","x":1815},{"width":149,"y":1389,"height":202,"name":"poker/card_selecet","x":760},{"width":67,"y":2393,"height":67,"name":"poker/card_info_horizontal","x":622}]}