{"width":2048,"SubTexture":[{"width":1182,"y":2492,"height":60,"name":"bet_bar","x":622},{"frameWidth":88,"y":1,"frameHeight":258,"width":84,"frameX":-4,"height":228,"name":"bar_effect/spark (06)","frameY":-15,"x":1943},{"frameWidth":38,"y":2524,"frameHeight":38,"width":28,"frameX":-5,"height":28,"name":"bar_effect/FlashLight_12","frameY":-5,"x":482},{"frameWidth":60,"y":211,"frameHeight":18,"width":52,"frameX":-4,"height":10,"name":"line_rectengle_green","frameY":-4,"x":1870},{"frameWidth":60,"y":1712,"frameHeight":18,"width":52,"frameX":-4,"height":10,"name":"line_rectengle_red","frameY":-4,"x":693},{"frameWidth":60,"y":2471,"frameHeight":18,"width":52,"frameX":-4,"height":10,"name":"line_rectengle_blue","frameY":-4,"x":1243},{"frameWidth":627,"y":2393,"frameHeight":137,"width":619,"frameX":-4,"height":129,"name":"bg_green","frameY":-4,"x":1},{"frameWidth":627,"y":2340,"frameHeight":137,"width":619,"frameX":-4,"height":129,"name":"bg_red","frameY":-4,"x":693},{"frameWidth":627,"y":2361,"frameHeight":137,"width":619,"frameX":-4,"height":129,"name":"bg_blue","frameY":-4,"x":1314},{"frameWidth":508,"y":2554,"frameHeight":130,"width":500,"frameX":-4,"height":122,"name":"pattern_green","frameY":-4,"x":984},{"frameWidth":508,"y":2554,"frameHeight":130,"width":500,"frameX":-4,"height":122,"name":"pattern_red","frameY":-4,"x":1486},{"frameWidth":508,"y":2554,"frameHeight":130,"width":500,"frameX":-4,"height":122,"name":"pattern_blue","frameY":-4,"x":482},{"frameWidth":250,"y":2492,"frameHeight":61,"width":120,"frameX":-130,"height":57,"name":"result_pattern/result_pattern0011","frameY":-4,"x":1806},{"frameWidth":250,"y":437,"frameHeight":61,"width":39,"frameX":0,"height":51,"name":"result_pattern/result_pattern0001","frameY":-4,"x":2001},{"frameWidth":250,"y":2496,"frameHeight":61,"width":90,"frameX":-160,"height":51,"name":"result_pattern/result_pattern0012","frameY":-4,"x":1928},{"frameWidth":250,"y":70,"frameHeight":61,"width":69,"frameX":0,"height":51,"name":"result_pattern/result_pattern0002","frameY":-4,"x":1870},{"frameWidth":250,"y":123,"frameHeight":61,"width":60,"frameX":-190,"height":51,"name":"result_pattern/result_pattern0013","frameY":-4,"x":1870},{"frameWidth":250,"y":500,"frameHeight":61,"width":99,"frameX":0,"height":61,"name":"result_pattern/result_pattern0003","frameY":0,"x":1943},{"frameWidth":250,"y":371,"frameHeight":61,"width":29,"frameX":-221,"height":51,"name":"result_pattern/result_pattern0014","frameY":-4,"x":2018},{"frameWidth":250,"y":437,"frameHeight":61,"width":129,"frameX":0,"height":61,"name":"result_pattern/result_pattern0004","frameY":0,"x":1870},{"width":250,"y":2678,"height":61,"name":"result_pattern/result_pattern0015","x":504},{"frameWidth":250,"y":308,"frameHeight":61,"width":159,"frameX":0,"height":61,"name":"result_pattern/result_pattern0005","frameY":0,"x":1870},{"frameWidth":250,"y":2678,"frameHeight":61,"width":188,"frameX":-1,"height":61,"name":"result_pattern/result_pattern0006","frameY":0,"x":1213},{"frameWidth":250,"y":1655,"frameHeight":61,"width":207,"frameX":-12,"height":61,"name":"result_pattern/result_pattern0007","frameY":0,"x":1815},{"frameWidth":250,"y":2678,"frameHeight":61,"width":203,"frameX":-40,"height":61,"name":"result_pattern/result_pattern0008","frameY":0,"x":1008},{"frameWidth":250,"y":2678,"frameHeight":61,"width":180,"frameX":-70,"height":61,"name":"result_pattern/result_pattern0009","frameY":0,"x":1403},{"frameWidth":250,"y":2006,"frameHeight":61,"width":150,"frameX":-100,"height":57,"name":"result_pattern/result_pattern0010","frameY":-4,"x":1703},{"width":250,"y":2678,"height":61,"name":"result_pattern/result_pattern0000","x":756},{"width":161,"y":1191,"height":122,"name":"result_tiger_pattern_red","x":1815},{"width":161,"y":1067,"height":122,"name":"result_tiger_pattern_green","x":1815},{"width":177,"y":1593,"height":122,"name":"result_dragon_pattern","x":760},{"frameWidth":154,"y":371,"frameHeight":72,"width":146,"frameX":-4,"height":64,"name":"credit","frameY":-4,"x":1870},{"frameWidth":142,"y":231,"frameHeight":83,"width":134,"frameX":-4,"height":75,"name":"result","frameY":-4,"x":1870},{"frameWidth":37,"y":285,"frameHeight":28,"width":29,"frameX":-4,"height":20,"name":"rectengle","frameY":-4,"x":2006},{"frameWidth":627,"y":2471,"frameHeight":13,"width":619,"frameX":-4,"height":5,"name":"line_blue","frameY":-4,"x":622},{"frameWidth":627,"y":2485,"frameHeight":13,"width":619,"frameX":-4,"height":5,"name":"line_green","frameY":-4,"x":622},{"frameWidth":627,"y":2478,"frameHeight":13,"width":619,"frameX":-4,"height":5,"name":"line_red","frameY":-4,"x":622},{"width":757,"y":956,"height":754,"name":"circle_D","x":1},{"width":35,"y":231,"height":52,"name":"dot","x":2006},{"width":851,"y":887,"height":845,"name":"circle_E","x":962},{"width":959,"y":1,"height":953,"name":"circle_F","x":1},{"width":906,"y":1,"height":884,"name":"circle_G","x":962},{"width":411,"y":1734,"height":332,"name":"outer_rectangle_B","x":1290},{"width":305,"y":2068,"height":291,"name":"outer_rectangle_A","x":1689},{"width":690,"y":1712,"height":679,"name":"circle_C","x":1},{"width":397,"y":2068,"height":270,"name":"blue_light","x":1290},{"width":299,"y":2674,"height":204,"name":"white_light","x":1},{"width":315,"y":1734,"height":270,"name":"bar","x":1703},{"width":200,"y":2678,"height":94,"name":"bar_grow","x":302},{"width":479,"y":2524,"height":148,"name":"circle_mask_a","x":1},{"width":158,"y":956,"height":431,"name":"circle_mask_b","x":760},{"width":17,"y":1,"height":87,"name":"red_card","x":2029},{"width":595,"y":1734,"height":567,"name":"center_mask","x":693},{"width":108,"y":2361,"height":133,"name":"icon","x":1935},{"width":126,"y":887,"height":178,"name":"poker/card_frame","x":1815},{"width":115,"y":1315,"height":168,"name":"poker/card_back","x":1815},{"width":115,"y":1485,"height":168,"name":"poker/card_front","x":1932},{"width":115,"y":1315,"height":168,"name":"poker/red_card_poker","x":1932},{"width":67,"y":2393,"height":67,"name":"poker/card_info_vertical","x":622},{"frameWidth":607,"y":2303,"frameHeight":27,"width":479,"frameX":-64,"height":27,"name":"poker/card_fx2","frameY":0,"x":693},{"width":63,"y":176,"height":33,"name":"poker/card_number","x":1870},{"width":115,"y":1485,"height":168,"name":"poker/card_disable","x":1815},{"width":149,"y":1389,"height":202,"name":"poker/card_selecet","x":760},{"width":67,"y":1,"height":67,"name":"poker/card_info_horizontal","x":1870}],"height":4096,"name":"blockchain_dt_ske","imagePath":"blockchain_dt_ske_tex.png"}