{"width":4096,"SubTexture":[{"width":695,"y":1010,"height":1007,"name":"dt_bg/dt_tiger_line","x":1},{"width":695,"y":1,"height":1007,"name":"dt_bg/dt_tiger_add","x":1},{"frameX":-4,"frameHeight":466,"y":2019,"frameY":-4,"frameWidth":740,"width":732,"height":458,"name":"dt_bg/dt_tiger_bottom_light","x":1},{"width":388,"y":3601,"height":83,"name":"poker/card_fx","x":2003},{"width":86,"y":3979,"height":94,"name":"dt_loop/tiger_loop0003","x":1913},{"width":292,"y":2287,"height":124,"name":"dt_loop/tiger_loop0046","x":735},{"width":86,"y":3775,"height":104,"name":"dt_loop/tiger_loop0004","x":913},{"width":262,"y":3727,"height":124,"name":"dt_loop/tiger_loop0047","x":1988},{"width":86,"y":3979,"height":114,"name":"dt_loop/tiger_loop0005","x":1825},{"width":187,"y":3853,"height":124,"name":"dt_loop/tiger_loop0048","x":3205},{"width":127,"y":3086,"height":124,"name":"dt_loop/tiger_loop0006","x":2265},{"width":192,"y":3727,"height":124,"name":"dt_loop/tiger_loop0049","x":3014},{"width":140,"y":2719,"height":124,"name":"dt_loop/tiger_loop0007","x":2182},{"width":200,"y":3853,"height":124,"name":"dt_loop/tiger_loop0050","x":2612},{"width":172,"y":2719,"height":124,"name":"dt_loop/tiger_loop0008","x":2008},{"width":203,"y":3349,"height":124,"name":"dt_loop/tiger_loop0051","x":2256},{"width":189,"y":3853,"height":124,"name":"dt_loop/tiger_loop0009","x":3014},{"width":203,"y":3349,"height":124,"name":"dt_loop/tiger_loop0052","x":2461},{"width":200,"y":3727,"height":124,"name":"dt_loop/tiger_loop0010","x":2725},{"width":198,"y":3853,"height":124,"name":"dt_loop/tiger_loop0053","x":2814},{"width":207,"y":3727,"height":124,"name":"dt_loop/tiger_loop0011","x":2516},{"width":217,"y":3601,"height":124,"name":"dt_loop/tiger_loop0054","x":2393},{"width":210,"y":3601,"height":124,"name":"dt_loop/tiger_loop0012","x":2612},{"width":172,"y":2593,"height":124,"name":"dt_loop/tiger_loop0055","x":2016},{"width":218,"y":3475,"height":124,"name":"dt_loop/tiger_loop0013","x":2478},{"width":171,"y":2845,"height":124,"name":"dt_loop/tiger_loop0056","x":2008},{"width":228,"y":3475,"height":124,"name":"dt_loop/tiger_loop0014","x":2248},{"width":169,"y":2971,"height":123,"name":"dt_loop/tiger_loop0057","x":2008},{"width":240,"y":3475,"height":124,"name":"dt_loop/tiger_loop0015","x":2006},{"width":169,"y":2971,"height":113,"name":"dt_loop/tiger_loop0058","x":2179},{"width":248,"y":3349,"height":124,"name":"dt_loop/tiger_loop0016","x":2006},{"width":169,"y":2845,"height":103,"name":"dt_loop/tiger_loop0059","x":2181},{"width":256,"y":3097,"height":124,"name":"dt_loop/tiger_loop0017","x":2007},{"width":167,"y":2950,"height":93,"name":"dt_loop/tiger_loop0060","x":2350},{"width":257,"y":3223,"height":124,"name":"dt_loop/tiger_loop0018","x":2006},{"width":154,"y":3212,"height":83,"name":"dt_loop/tiger_loop0061","x":2265},{"width":257,"y":3853,"height":124,"name":"dt_loop/tiger_loop0019","x":2353},{"width":154,"y":4015,"height":73,"name":"dt_loop/tiger_loop0062","x":913},{"width":259,"y":3853,"height":124,"name":"dt_loop/tiger_loop0020","x":2092},{"width":153,"y":2413,"height":63,"name":"dt_loop/tiger_loop0063","x":735},{"width":262,"y":3727,"height":124,"name":"dt_loop/tiger_loop0021","x":2252},{"width":153,"y":4015,"height":53,"name":"dt_loop/tiger_loop0064","x":1069},{"width":265,"y":3853,"height":124,"name":"dt_loop/tiger_loop0022","x":1825},{"width":129,"y":2413,"height":43,"name":"dt_loop/tiger_loop0065","x":890},{"width":270,"y":3727,"height":124,"name":"dt_loop/tiger_loop0023","x":1716},{"width":91,"y":3853,"height":32,"name":"dt_loop/tiger_loop0066","x":1716},{"width":285,"y":3601,"height":124,"name":"dt_loop/tiger_loop0024","x":1716},{"width":61,"y":4070,"height":22,"name":"dt_loop/tiger_loop0067","x":1069},{"width":289,"y":3097,"height":124,"name":"dt_loop/tiger_loop0025","x":1716},{"width":13,"y":3853,"height":12,"name":"dt_loop/tiger_loop0068","x":1809},{"width":290,"y":2971,"height":124,"name":"dt_loop/tiger_loop0026","x":1716},{"width":290,"y":2719,"height":124,"name":"dt_loop/tiger_loop0027","x":1716},{"width":290,"y":2845,"height":124,"name":"dt_loop/tiger_loop0028","x":1716},{"width":288,"y":3475,"height":124,"name":"dt_loop/tiger_loop0029","x":1716},{"width":288,"y":3349,"height":124,"name":"dt_loop/tiger_loop0030","x":1716},{"width":288,"y":3223,"height":124,"name":"dt_loop/tiger_loop0031","x":1716},{"width":293,"y":2161,"height":124,"name":"dt_loop/tiger_loop0032","x":735},{"width":302,"y":1297,"height":124,"name":"dt_loop/tiger_loop0033","x":2070},{"width":302,"y":1423,"height":124,"name":"dt_loop/tiger_loop0034","x":2070},{"width":302,"y":3775,"height":124,"name":"dt_loop/tiger_loop0035","x":609},{"width":302,"y":3901,"height":124,"name":"dt_loop/tiger_loop0036","x":305},{"width":302,"y":3775,"height":124,"name":"dt_loop/tiger_loop0037","x":305},{"width":302,"y":3901,"height":124,"name":"dt_loop/tiger_loop0038","x":609},{"width":302,"y":3889,"height":124,"name":"dt_loop/tiger_loop0039","x":913},{"width":302,"y":3889,"height":124,"name":"dt_loop/tiger_loop0040","x":1521},{"width":302,"y":1549,"height":124,"name":"dt_loop/tiger_loop0041","x":2070},{"width":302,"y":3901,"height":124,"name":"dt_loop/tiger_loop0042","x":1},{"width":84,"y":4015,"height":64,"name":"dt_loop/tiger_loop0000","x":1312},{"width":302,"y":3889,"height":124,"name":"dt_loop/tiger_loop0043","x":1217},{"width":86,"y":4015,"height":74,"name":"dt_loop/tiger_loop0001","x":1224},{"width":302,"y":3775,"height":124,"name":"dt_loop/tiger_loop0044","x":1},{"width":86,"y":3979,"height":84,"name":"dt_loop/tiger_loop0002","x":2001},{"width":298,"y":2593,"height":124,"name":"dt_loop/tiger_loop0045","x":1716},{"width":341,"y":2479,"height":430,"name":"win_effect/tiger/tiger_40frames_00026","x":1},{"width":341,"y":1,"height":430,"name":"win_effect/tiger/tiger_40frames_00027","x":1041},{"width":341,"y":2911,"height":430,"name":"win_effect/tiger/tiger_40frames_00028","x":687},{"width":341,"y":433,"height":430,"name":"win_effect/tiger/tiger_40frames_00007","x":2070},{"width":341,"y":3343,"height":430,"name":"win_effect/tiger/tiger_40frames_00029","x":344},{"width":341,"y":865,"height":430,"name":"win_effect/tiger/tiger_40frames_00008","x":1384},{"width":341,"y":2479,"height":430,"name":"win_effect/tiger/tiger_40frames_00030","x":687},{"width":341,"y":2479,"height":430,"name":"win_effect/tiger/tiger_40frames_00009","x":344},{"width":341,"y":2593,"height":430,"name":"win_effect/tiger/tiger_40frames_00031","x":1030},{"width":341,"y":1,"height":430,"name":"win_effect/tiger/tiger_40frames_00010","x":698},{"width":341,"y":1297,"height":430,"name":"win_effect/tiger/tiger_40frames_00032","x":1041},{"width":341,"y":1,"height":430,"name":"win_effect/tiger/tiger_40frames_00011","x":1727},{"width":341,"y":865,"height":430,"name":"win_effect/tiger/tiger_40frames_00033","x":2070},{"width":341,"y":1729,"height":430,"name":"win_effect/tiger/tiger_40frames_00012","x":735},{"width":341,"y":433,"height":430,"name":"win_effect/tiger/tiger_40frames_00034","x":698},{"width":341,"y":1297,"height":430,"name":"win_effect/tiger/tiger_40frames_00013","x":1727},{"width":341,"y":433,"height":430,"name":"win_effect/tiger/tiger_40frames_00035","x":1727},{"width":341,"y":1,"height":430,"name":"win_effect/tiger/tiger_40frames_00014","x":1384},{"width":341,"y":3025,"height":430,"name":"win_effect/tiger/tiger_40frames_00036","x":1373},{"width":341,"y":433,"height":430,"name":"win_effect/tiger/tiger_40frames_00015","x":1041},{"width":341,"y":3025,"height":430,"name":"win_effect/tiger/tiger_40frames_00037","x":1030},{"width":341,"y":1297,"height":430,"name":"win_effect/tiger/tiger_40frames_00016","x":1384},{"width":341,"y":2161,"height":430,"name":"win_effect/tiger/tiger_40frames_00038","x":1373},{"width":341,"y":433,"height":430,"name":"win_effect/tiger/tiger_40frames_00017","x":1384},{"width":341,"y":3457,"height":430,"name":"win_effect/tiger/tiger_40frames_00039","x":1030},{"width":341,"y":2161,"height":430,"name":"win_effect/tiger/tiger_40frames_00018","x":1030},{"width":341,"y":865,"height":430,"name":"win_effect/tiger/tiger_40frames_00000","x":1041},{"width":341,"y":1297,"height":430,"name":"win_effect/tiger/tiger_40frames_00019","x":698},{"width":341,"y":2161,"height":430,"name":"win_effect/tiger/tiger_40frames_00001","x":1716},{"width":341,"y":1729,"height":430,"name":"win_effect/tiger/tiger_40frames_00020","x":1421},{"width":341,"y":865,"height":430,"name":"win_effect/tiger/tiger_40frames_00002","x":1727},{"width":341,"y":2911,"height":430,"name":"win_effect/tiger/tiger_40frames_00021","x":1},{"width":341,"y":2593,"height":430,"name":"win_effect/tiger/tiger_40frames_00040","x":1373},{"width":341,"y":3343,"height":430,"name":"win_effect/tiger/tiger_40frames_00003","x":687},{"width":341,"y":1,"height":430,"name":"win_effect/tiger/tiger_40frames_00022","x":2070},{"width":341,"y":1729,"height":430,"name":"win_effect/tiger/tiger_40frames_00004","x":1078},{"width":341,"y":2911,"height":430,"name":"win_effect/tiger/tiger_40frames_00023","x":344},{"width":341,"y":3343,"height":430,"name":"win_effect/tiger/tiger_40frames_00005","x":1},{"width":341,"y":1729,"height":430,"name":"win_effect/tiger/tiger_40frames_00024","x":1764},{"width":341,"y":3457,"height":430,"name":"win_effect/tiger/tiger_40frames_00006","x":1373},{"width":341,"y":865,"height":430,"name":"win_effect/tiger/tiger_40frames_00025","x":698}],"height":4096,"name":"tiger","imagePath":"tiger_tex.png"}