{"width":1024,"imagePath":"dragon_tiger_game_result_tex.png","height":2048,"name":"dragon_tiger_game_result","SubTexture":[{"width":669,"y":242,"height":195,"name":"L2_shadow","x":1},{"width":557,"y":678,"height":118,"name":"bg_tie","x":1},{"width":622,"y":439,"height":119,"name":"bg_banker","x":1},{"width":557,"y":798,"height":118,"name":"bg_player","x":1},{"width":238,"y":678,"height":113,"name":"B_R_line_01","x":560},{"frameY":-4,"y":239,"frameWidth":59,"frameX":-4,"frameHeight":113,"width":51,"height":105,"name":"B_R_line_02","x":726},{"frameY":-4,"y":793,"frameWidth":59,"frameX":-4,"frameHeight":113,"width":51,"height":105,"name":"B_R_line_03","x":719},{"frameY":-4,"y":239,"frameWidth":60,"frameX":-4,"frameHeight":113,"width":52,"height":105,"name":"B_R_line_04","x":672},{"frameY":-4,"y":540,"frameWidth":59,"frameX":-4,"frameHeight":113,"width":51,"height":105,"name":"B_R_line_05","x":825},{"frameY":-4,"y":793,"frameWidth":59,"frameX":-4,"frameHeight":113,"width":51,"height":105,"name":"B_R_line_06","x":560},{"frameY":-4,"y":669,"frameWidth":59,"frameX":-4,"frameHeight":113,"width":51,"height":105,"name":"B_R_line_07","x":800},{"frameY":-4,"y":300,"frameWidth":60,"frameX":-4,"frameHeight":113,"width":52,"height":105,"name":"B_R_line_08","x":966},{"width":239,"y":918,"height":113,"name":"B_L_line_01","x":552},{"frameY":-4,"y":300,"frameWidth":59,"frameX":-4,"frameHeight":113,"width":51,"height":105,"name":"B_L_line_02","x":779},{"frameY":-4,"y":793,"frameWidth":59,"frameX":-4,"frameHeight":113,"width":51,"height":105,"name":"B_L_line_03","x":772},{"frameY":-4,"y":119,"frameWidth":60,"frameX":-4,"frameHeight":113,"width":52,"height":105,"name":"B_L_line_04","x":966},{"frameY":-4,"y":793,"frameWidth":59,"frameX":-4,"frameHeight":113,"width":51,"height":105,"name":"B_L_line_05","x":666},{"frameY":-4,"y":300,"frameWidth":59,"frameX":-4,"frameHeight":113,"width":51,"height":105,"name":"B_L_line_06","x":832},{"frameY":-4,"y":793,"frameWidth":59,"frameX":-4,"frameHeight":113,"width":51,"height":105,"name":"B_L_line_07","x":613},{"frameY":-4,"y":239,"frameWidth":60,"frameX":-4,"frameHeight":113,"width":52,"height":105,"name":"B_L_line_08","x":912},{"frameY":-4,"y":1058,"frameWidth":599,"frameX":-4,"frameHeight":14,"width":591,"height":6,"name":"B_bottom_line","x":1},{"frameY":-4,"y":1066,"frameWidth":599,"frameX":-4,"frameHeight":14,"width":591,"height":6,"name":"B_top_line","x":1},{"width":1,"y":239,"height":1,"name":"txt","x":666},{"width":146,"y":647,"height":19,"name":"A_top_line_light_0","x":823},{"width":660,"y":1,"height":239,"name":"L1_shadow","x":1},{"width":549,"y":918,"height":110,"name":"bg_player_01","x":1},{"width":110,"y":239,"height":59,"name":"A_pattern_01","x":800},{"width":190,"y":439,"height":99,"name":"A_pattern_02","x":823},{"width":264,"y":119,"height":118,"name":"A_pattern_03","x":663},{"width":348,"y":1,"height":116,"name":"A_pattern_04","x":663},{"width":621,"y":560,"height":116,"name":"A_pattern_05","x":1},{"frameY":-4,"y":407,"frameWidth":283,"frameX":-4,"frameHeight":19,"width":275,"height":11,"name":"A_L_top_line","x":672},{"frameY":-4,"y":900,"frameWidth":283,"frameX":-4,"frameHeight":19,"width":275,"height":11,"name":"A_R_top_line","x":560},{"frameY":-4,"y":1033,"frameWidth":626,"frameX":-4,"frameHeight":31,"width":618,"height":23,"name":"A_bottom_line","x":1},{"frameY":-4,"y":540,"frameWidth":27,"frameX":-4,"frameHeight":26,"width":19,"height":18,"name":"A_square","x":777},{"frameY":-4,"y":346,"frameWidth":71,"frameX":-4,"frameHeight":55,"width":63,"height":47,"name":"A_crown","x":885},{"width":32,"y":346,"height":46,"name":"A_crown_light_01","x":735},{"width":61,"y":346,"height":47,"name":"A_crown_light_02","x":672},{"frameY":-1,"y":439,"frameWidth":152,"frameX":-1,"frameHeight":109,"width":150,"height":107,"name":"tiger","x":625},{"frameY":-1,"y":560,"frameWidth":199,"frameX":-1,"frameHeight":109,"width":197,"height":107,"name":"dragon","x":624},{"width":1,"y":239,"height":1,"name":"+800","x":663}]}