{"SubTexture":[{"frameX":-4,"frameHeight":63,"y":71,"frameY":-4,"frameWidth":63,"width":55,"height":55,"name":"d_common_betcontrol_btn_bg","x":125},{"frameX":-4,"frameHeight":27,"y":220,"frameY":-4,"frameWidth":27,"width":19,"height":19,"name":"d_common_betcontrol_btn_clear","x":1},{"frameX":-4,"frameHeight":30,"y":155,"frameY":-4,"frameWidth":22,"width":14,"height":22,"name":"d_common_betcontrol_btn_double_2","x":201},{"frameX":-4,"frameHeight":22,"y":175,"frameY":-4,"frameWidth":21,"width":13,"height":14,"name":"d_common_betcontrol_btn_double_x","x":162},{"width":30,"y":154,"height":19,"name":"d_common_betcontrol_btn_rebet","x":145},{"frameX":-5,"frameHeight":36,"y":163,"frameY":-3,"frameWidth":36,"width":25,"height":27,"name":"d_common_betcontrol_btn_undo","x":40},{"frameX":-4,"frameHeight":76,"y":1,"frameY":-4,"frameWidth":76,"width":68,"height":68,"name":"d_common_chatroom_bg","x":156},{"width":37,"y":128,"height":36,"name":"d_common_chatroom_2","x":1},{"width":27,"y":31,"height":27,"name":"d_common_chatroom_1","x":226},{"frameX":-1,"frameHeight":20,"y":192,"frameY":-1,"frameWidth":20,"width":18,"height":18,"name":"d_common_chatroom_close","x":46},{"frameX":-1,"frameHeight":42,"y":113,"frameY":-1,"frameWidth":42,"width":40,"height":40,"name":"d_common_chatroom_emoji_face","x":182},{"width":20,"y":60,"height":9,"name":"d_common_chatroom_emoji_mouth","x":226},{"width":20,"y":198,"height":6,"name":"d_common_chatroom_emoji_eyes","x":135},{"frameX":-1,"frameHeight":42,"y":71,"frameY":-1,"frameWidth":42,"width":40,"height":40,"name":"d_common_chatroom_presetlist_1","x":182},{"width":14,"y":200,"height":6,"name":"d_common_chatroom_presetlist_4","x":119},{"width":23,"y":200,"height":5,"name":"d_common_chatroom_presetlist_3","x":94},{"width":23,"y":190,"height":6,"name":"d_common_chatroom_presetlist_2","x":135},{"frameX":-12,"frameHeight":50,"y":128,"frameY":-12,"frameWidth":50,"width":26,"height":26,"name":"d_common_gamesetting","x":117},{"width":26,"y":155,"height":26,"name":"d_common_gamesetting_stat_circle_circle","x":80},{"width":2,"y":183,"height":14,"name":"d_common_gamesetting_stat_line","x":103},{"frameX":-4,"frameHeight":68,"y":66,"frameY":-4,"frameWidth":68,"width":60,"height":60,"name":"d_common_hideui_bg","x":63},{"width":25,"y":178,"height":20,"name":"d_common_hideui2","x":108},{"width":25,"y":183,"height":20,"name":"d_common_hideui1","x":67},{"width":24,"y":103,"height":30,"name":"d_common_hideui3","x":224},{"frameX":-4,"frameHeight":68,"y":66,"frameY":-4,"frameWidth":68,"width":60,"height":60,"name":"d_common_hideui_bg_border","x":1},{"frameX":-4,"frameHeight":38,"y":71,"frameY":-4,"frameWidth":38,"width":30,"height":30,"name":"d_common_icon_back","x":224},{"frameX":-1,"frameHeight":24,"y":192,"frameY":-1,"frameWidth":24,"width":22,"height":22,"name":"d_common_icon_betlimit_expand_circle","x":22},{"frameX":-1,"frameHeight":9,"y":205,"frameY":-1,"frameWidth":14,"width":12,"height":7,"name":"d_common_icon_betlimit_expand_circle_arror","x":66},{"frameX":-1,"frameHeight":28,"y":135,"frameY":-1,"frameWidth":28,"width":26,"height":26,"name":"d_common_icon_close","x":224},{"frameX":-1,"frameHeight":24,"y":155,"frameY":-1,"frameWidth":24,"width":22,"height":22,"name":"d_common_icon_gameinfo_circle","x":177},{"frameX":-1,"frameHeight":15,"y":183,"frameY":-1,"frameWidth":9,"width":7,"height":13,"name":"d_common_icon_gameinfo_i","x":94},{"frameX":-4,"frameHeight":11,"y":168,"frameY":-4,"frameWidth":37,"width":29,"height":3,"name":"d_common_icon_menu_3","x":217},{"frameX":-4,"frameHeight":11,"y":66,"frameY":-4,"frameWidth":37,"width":29,"height":3,"name":"d_common_icon_menu_2","x":125},{"frameX":-4,"frameHeight":11,"y":163,"frameY":-4,"frameWidth":37,"width":29,"height":3,"name":"d_common_icon_menu_1","x":217},{"width":24,"y":166,"height":24,"name":"d_common_icon_news","x":1},{"frameX":-1,"frameHeight":24,"y":216,"frameY":-1,"frameWidth":24,"width":22,"height":22,"name":"d_common_icon_time_circle","x":22},{"frameX":-1,"frameHeight":5,"y":128,"frameY":-1,"frameWidth":10,"width":8,"height":3,"name":"d_common_icon_time_1","x":171},{"frameX":-1,"frameHeight":11,"y":60,"frameY":-1,"frameWidth":4,"width":2,"height":9,"name":"d_common_icon_time_2","x":248},{"width":19,"y":192,"height":26,"name":"d_common_gamesetting_sound_on","x":1},{"width":5,"y":156,"height":14,"name":"d_common_gamesetting_sound_on_line","x":138},{"frameX":-1,"frameHeight":26,"y":128,"frameY":-1,"frameWidth":26,"width":24,"height":24,"name":"d_common_gamesetting_sound_off_line","x":145},{"width":35,"y":128,"height":24,"name":"d_common_gamesetting_video_on","x":80},{"frameX":-1,"frameHeight":30,"y":1,"frameY":-1,"frameWidth":30,"width":28,"height":28,"name":"d_common_gamesetting_video_off_line","x":226},{"frameX":-4,"frameHeight":71,"y":1,"frameY":-4,"frameWidth":161,"width":153,"height":63,"name":"d_common_betcontrol_btn_confirm_bg","x":1},{"frameX":-4,"frameHeight":28,"y":156,"frameY":-4,"frameWidth":36,"width":28,"height":20,"name":"d_common_betcontrol_btn_confirm_number","x":108},{"width":38,"y":128,"height":31,"name":"d_common_betcontrol_btn_confirm","x":40},{"frameX":-4,"frameHeight":21,"y":175,"frameY":-4,"frameWidth":30,"width":22,"height":13,"name":"d_common_icon_refresh_1","x":138}],"width":256,"height":256,"name":"Common","imagePath":"Common_tex.png"}