{"width":512,"SubTexture":[{"frameX":-4,"y":328,"frameY":-4,"frameWidth":63,"width":55,"frameHeight":63,"height":55,"name":"d_common_betcontrol_btn_bg","x":244},{"width":35,"y":461,"height":39,"name":"d_common_betcontrol_btn_clear","x":1},{"frameX":-4,"y":396,"frameY":-4,"frameWidth":161,"width":153,"frameHeight":71,"height":63,"name":"d_common_betcontrol_btn_confirm_bg","x":1},{"width":63,"y":423,"height":63,"name":"d_common_betcontrol_btn_hover","x":219},{"frameX":-4,"y":488,"frameY":-4,"frameWidth":36,"width":28,"frameHeight":28,"height":20,"name":"d_common_betcontrol_btn_confirm_number","x":245},{"width":38,"y":461,"height":31,"name":"d_common_betcontrol_btn_confirm","x":76},{"frameX":-4,"y":445,"frameY":-4,"frameWidth":22,"width":14,"frameHeight":30,"height":22,"name":"d_common_betcontrol_btn_double_2","x":284},{"frameX":-4,"y":493,"frameY":-4,"frameWidth":21,"width":13,"frameHeight":22,"height":14,"name":"d_common_betcontrol_btn_double_x","x":116},{"width":30,"y":488,"height":19,"name":"d_common_betcontrol_btn_rebet","x":213},{"width":36,"y":461,"height":36,"name":"d_common_betcontrol_btn_undo","x":38},{"frameX":-12,"y":417,"frameY":-12,"frameWidth":50,"width":26,"frameHeight":50,"height":26,"name":"d_common_gamesetting","x":284},{"width":19,"y":328,"height":26,"name":"d_common_gamesetting_sound_on","x":219},{"width":5,"y":461,"height":14,"name":"d_common_gamesetting_sound_on_line","x":148},{"frameX":-1,"y":473,"frameY":-1,"frameWidth":26,"width":24,"frameHeight":26,"height":24,"name":"d_common_gamesetting_sound_off_line","x":284},{"width":26,"y":445,"height":26,"name":"d_common_gamesetting_stat_circle_circle","x":302},{"width":2,"y":328,"height":14,"name":"d_common_gamesetting_stat_line","x":240},{"width":35,"y":485,"height":24,"name":"d_common_gamesetting_video_on","x":148},{"width":30,"y":461,"height":30,"name":"d_common_gamesetting_video_off_line","x":116},{"frameX":-4,"y":266,"frameY":-4,"frameWidth":68,"width":60,"frameHeight":68,"height":60,"name":"d_common_hideui_bg","x":219},{"width":25,"y":473,"height":20,"name":"d_common_hideui2","x":310},{"width":25,"y":473,"height":20,"name":"d_common_hideui1","x":337},{"width":24,"y":385,"height":30,"name":"d_common_hideui3","x":276},{"frameX":-4,"y":423,"frameY":-4,"frameWidth":68,"width":60,"frameHeight":68,"height":60,"name":"d_common_hideui_bg_border","x":156},{"frameX":-4,"y":385,"frameY":-4,"frameWidth":38,"width":30,"frameHeight":38,"height":30,"name":"d_common_icon_back","x":244},{"frameX":-1,"y":1,"frameY":-1,"frameWidth":24,"width":22,"frameHeight":24,"height":22,"name":"d_common_icon_betlimit_expand_circle","x":266},{"frameX":-1,"y":493,"frameY":-1,"frameWidth":14,"width":12,"frameHeight":9,"height":7,"name":"d_common_icon_betlimit_expand_circle_arror","x":131},{"frameX":-1,"y":485,"frameY":-1,"frameWidth":28,"width":26,"frameHeight":28,"height":26,"name":"d_common_icon_close","x":185},{"frameX":-1,"y":357,"frameY":-1,"frameWidth":24,"width":22,"frameHeight":24,"height":22,"name":"d_common_icon_gameinfo_circle","x":131},{"frameX":-1,"y":494,"frameY":-1,"frameWidth":9,"width":7,"frameHeight":15,"height":13,"name":"d_common_icon_gameinfo_i","x":107},{"frameX":-4,"y":494,"frameY":-4,"frameWidth":37,"width":29,"frameHeight":11,"height":3,"name":"d_common_icon_menu_3","x":76},{"frameX":-4,"y":499,"frameY":-4,"frameWidth":37,"width":29,"frameHeight":11,"height":3,"name":"d_common_icon_menu_2","x":38},{"frameX":-4,"y":417,"frameY":-4,"frameWidth":37,"width":29,"frameHeight":11,"height":3,"name":"d_common_icon_menu_1","x":244},{"frameX":-4,"y":381,"frameY":-4,"frameWidth":30,"width":22,"frameHeight":21,"height":13,"name":"d_common_icon_refresh_1","x":131},{"width":128,"y":266,"height":128,"name":"Chips_Shadow","x":1},{"width":263,"y":1,"height":263,"name":"Circle_Select","x":1},{"width":86,"y":266,"height":89,"name":"Chips_Select_Destop","x":131},{"width":86,"y":357,"height":64,"name":"Chips_Deselect_Destop","x":156},{"frameX":-2,"y":25,"frameY":-2,"frameWidth":16,"width":12,"frameHeight":28,"height":24,"name":"Chips_8","x":266}],"height":512,"name":"Common","imagePath":"Common_tex.png"}