{"frameRate":30,"name":"Common","version":"5.5","compatibleVersion":"5.5","armature":[{"type":"Armature","frameRate":30,"name":"d_common_betcontrol_btn_clear","aabb":{"x":-4,"y":-4,"width":63,"height":63},"bone":[{"name":"root"},{"name":"d_common_betcontrol_btn_clear","parent":"root"},{"name":"cancel_center","parent":"d_common_betcontrol_btn_clear","transform":{"x":27.5,"y":27.5}},{"name":"cancel","parent":"cancel_center"}],"slot":[{"name":"btn_bg_black2","parent":"cancel_center"},{"name":"icon_cancel","parent":"cancel"}],"skin":[{"slot":[{"name":"icon_cancel","display":[{"name":"d_common_betcontrol_btn_clear"}]},{"name":"btn_bg_black2","display":[{"name":"d_common_betcontrol_btn_bg"}]}]}],"animation":[{"duration":0,"name":"disable","slot":[{"name":"icon_cancel","colorFrame":[{"duration":0,"value":{"rM":50,"gM":50,"bM":50}}]}]},{"duration":0,"name":"idle"},{"duration":30,"name":"release","bone":[{"name":"cancel","scaleFrame":[{"duration":15,"curve":[0.25,0,0.75,1]},{"duration":15,"curve":[0.25,0,0.75,1],"x":1.3,"y":1.3},{"duration":0}]}]}],"defaultActions":[{"gotoAndPlay":"disable"}]},{"type":"Armature","frameRate":30,"name":"d_common_betcontrol_btn_double","aabb":{"x":-4,"y":-4,"width":63,"height":63},"bone":[{"name":"root"},{"name":"d_common_betcontrol_btn_double","parent":"root"},{"name":"double_center","parent":"d_common_betcontrol_btn_double","transform":{"x":27.5,"y":27.5}},{"name":"double","parent":"double_center"},{"name":"icon_double_x","parent":"double","transform":{"x":-9.59,"y":-0.5}},{"name":"icon_double_2","parent":"double","transform":{"x":7.91,"y":-1.5}}],"slot":[{"name":"btn_bg_black3","parent":"double_center"},{"name":"icon_double_2","parent":"icon_double_2"},{"name":"icon_double_x","parent":"icon_double_x"}],"skin":[{"slot":[{"name":"icon_double_2","display":[{"name":"d_common_betcontrol_btn_double_2"}]},{"name":"btn_bg_black3","display":[{"name":"d_common_betcontrol_btn_bg"}]},{"name":"icon_double_x","display":[{"name":"d_common_betcontrol_btn_double_x"}]}]}],"animation":[{"duration":0,"name":"disable","slot":[{"name":"icon_double_2","colorFrame":[{"duration":0,"value":{"rM":50,"gM":50,"bM":50}}]},{"name":"icon_double_x","colorFrame":[{"duration":0,"value":{"rM":50,"gM":50,"bM":50}}]}]},{"duration":0,"name":"idle"},{"duration":38,"name":"release","bone":[{"name":"double","scaleFrame":[{"duration":8,"curve":[0.25,0,0.75,1]},{"duration":22,"curve":[0.25,0,0.75,1],"x":1.3,"y":1.3},{"duration":8}]}]}],"defaultActions":[{"gotoAndPlay":"disable"}]},{"type":"Armature","frameRate":30,"name":"d_common_betcontrol_btn_rebet","aabb":{"x":-4,"y":-4,"width":63,"height":63},"bone":[{"name":"root"},{"name":"d_common_betcontrol_btn_rebet","parent":"root"},{"name":"repeat_center","parent":"d_common_betcontrol_btn_rebet","transform":{"x":27.5,"y":27.5}},{"name":"repeat","parent":"repeat_center"},{"name":"icon_repeat_bottom2","parent":"repeat","transform":{"skX":180,"skY":180}},{"name":"icon_repeat_bottom3","parent":"repeat"}],"slot":[{"name":"btn_bg_black4","parent":"repeat_center"},{"name":"icon_repeat_bottom2","parent":"icon_repeat_bottom2"},{"name":"icon_repeat_bottom4","parent":"icon_repeat_bottom3"}],"skin":[{"slot":[{"name":"icon_repeat_bottom4","display":[{"type":"mesh","name":"d_common_betcontrol_btn_rebet","width":30,"height":19,"vertices":[12.65,3.13,12.66,5.55,12.33,8.49,10.52,10.56,7.49,11.53,5.38,11.52,3.32,11.54,1.21,11.51,-1.2,11.47,-3.29,13.02,-11.95,13.12,-11.95,3.32,-3.24,3.22,-1.05,5.68,1.16,5.69,3.26,5.63,5.28,5.63,7.3,5.59,7.3,3.07,7.25,0.45,12.58,0.45],"uvs":[0.91685,0.31454,0.91708,0.44194,0.90611,0.59665,0.84574,0.70544,0.74493,0.75678,0.67439,0.75623,0.60576,0.75701,0.53534,0.75568,0.45525,0.75348,0.38557,0.835,0.09667,0.84032,0.09667,0.32454,0.38708,0.31933,0.4602,0.44859,0.53368,0.44938,0.60374,0.4462,0.67107,0.44617,0.73859,0.44402,0.73844,0.31143,0.73693,0.17369,0.91459,0.17368],"triangles":[19,18,20,17,2,1,20,18,0,17,1,0,18,17,0,17,3,2,17,4,3,16,5,17,17,5,4,15,6,16,16,6,5,7,6,15,14,7,15,8,7,14,13,8,14,12,11,9,9,8,13,12,9,13,11,10,9],"edges":[10,9,9,8,8,7,7,6,6,5,5,4,4,3,3,2,2,1,1,0,0,20,20,19,19,18,18,17,17,16,16,15,15,14,14,13,13,12,12,11,11,10],"userEdges":[7,14,9,12,17,4,17,1,13,8,16,5,18,0,17,3,17,2,15,6]}]},{"name":"icon_repeat_bottom2","display":[{"type":"mesh","name":"d_common_betcontrol_btn_rebet","width":30,"height":19,"vertices":[12.65,3.13,12.66,5.55,12.33,8.49,10.52,10.56,7.49,11.53,5.38,11.52,3.32,11.54,1.21,11.51,-1.2,11.47,-3.29,13.02,-11.95,13.12,-11.95,3.32,-3.24,3.22,-1.05,5.68,1.16,5.69,3.26,5.63,5.28,5.63,7.3,5.59,7.3,3.07,7.25,0.45,12.58,0.45],"uvs":[0.91685,0.31454,0.91708,0.44194,0.90611,0.59665,0.84574,0.70544,0.74493,0.75678,0.67439,0.75623,0.60576,0.75701,0.53534,0.75568,0.45525,0.75348,0.38557,0.835,0.09667,0.84032,0.09667,0.32454,0.38708,0.31933,0.4602,0.44859,0.53368,0.44938,0.60374,0.4462,0.67107,0.44617,0.73859,0.44402,0.73844,0.31143,0.73693,0.17369,0.91459,0.17368],"triangles":[19,18,20,17,2,1,20,18,0,17,1,0,18,17,0,17,3,2,17,4,3,16,5,17,17,5,4,15,6,16,16,6,5,7,6,15,14,7,15,8,7,14,13,8,14,12,11,9,9,8,13,12,9,13,11,10,9],"edges":[10,9,9,8,8,7,7,6,6,5,5,4,4,3,3,2,2,1,1,0,0,20,20,19,19,18,18,17,17,16,16,15,15,14,14,13,13,12,12,11,11,10],"userEdges":[7,14,9,12,17,4,17,1,13,8,16,5,18,0,17,3,17,2,15,6]}]},{"name":"btn_bg_black4","display":[{"name":"d_common_betcontrol_btn_bg"}]}]}],"animation":[{"duration":0,"name":"disable","slot":[{"name":"icon_repeat_bottom2","colorFrame":[{"duration":0,"value":{"rM":50,"gM":50,"bM":50}}]},{"name":"icon_repeat_bottom4","colorFrame":[{"duration":0,"value":{"rM":50,"gM":50,"bM":50}}]}]},{"duration":0,"name":"idle"},{"duration":30,"name":"release","ffd":[{"name":"d_common_betcontrol_btn_rebet","slot":"icon_repeat_bottom2","frame":[{"duration":4,"tweenEasing":0},{"duration":2,"tweenEasing":0,"vertices":[-0.43,5.54,-1.56,4.56,-2.02,2.63,-0.23,0.6,0.44,-0.09,0,0,0,0,0,0,-5.88,0.03,-6.87,-1.86,-4.16,-7.56,2.09,-4.82,-0.16,1.05,-2.02,0,0,0,0,0,0,0,0,0,0.12,2.22,0.12,4.44,0,4.66]},{"tweenEasing":0,"vertices":[-5.42,7.55,-18.97,5.13,-21.58,1.86,-19.89,-0.02,-18,-1.81,-16.79,-3.11,-14.95,-3.45,-12.9,-3.56,-10.53,-3.67,-10.29,-5.64,-4.4,-13.96,4.92,-7.19,-1.01,1.17,-5.66,-0.77,-7.91,-0.82,-9.89,-0.68,-11.72,-0.38,-13.65,-0.26,0,2.25,2.65,4.82,-2.68,10.15]},{"tweenEasing":0,"vertices":[-7.93,7.55,-20.17,5.13,-22.78,1.86,-23.04,-2.01,-20.99,-6.01,-18.86,-6.21,-16.82,-6.61,-14.68,-6.74,-12.24,-6.84,-11.69,-8.59,-3.13,-17.36,6.67,-7.56,-1.94,1.25,-6.59,-0.9,-8.81,-0.97,-10.85,-0.77,-12.87,-0.42,-14.86,-0.26,-2.52,2.25,0.15,4.82,-5.18,10.15]},{"duration":3,"tweenEasing":0,"vertices":[-10.05,7.55,-20.17,5.13,-22.78,1.86,-23.04,-2.01,-20.99,-6.01,-18.86,-6.21,-16.82,-6.61,-14.68,-6.74,-12.24,-7.43,-11.69,-11.07,-3.13,-19.84,6.67,-10.04,-1.94,-1.23,-6.59,-1.49,-8.81,-0.97,-10.85,-0.77,-12.87,-0.42,-14.86,-0.26,-4.64,2.25,-1.98,4.82,-7.31,10.15]},{"duration":3,"tweenEasing":0,"vertices":[-13.2,7.55,-20.17,5.13,-22.78,1.86,-23.04,-2.01,-20.99,-6.01,-18.86,-8.12,-16.82,-8.53,-14.68,-9.32,-12.24,-10.01,-11.69,-13.65,-3.13,-22.42,6.67,-12.62,-1.94,-3.81,-6.59,-4.07,-8.81,-3.55,-10.85,-2.68,-12.87,-2.33,-14.86,-0.26,-7.79,2.25,-5.13,4.82,-10.46,10.15]},{"duration":4,"tweenEasing":0,"vertices":[-15.15,8.01,-20.17,5.6,-22.78,2.33,-23.04,-1.55,-20.99,-5.55,-18.86,-8.12,-16.82,-9.24,-14.68,-10.59,-12.24,-12,-11.48,-17.1,-0.19,-25.46,9.12,-12.58,-2.24,-4.18,-6.59,-6.06,-8.81,-4.82,-10.85,-3.4,-12.87,-2.33,-14.86,0.2,-9.74,2.72,-7.07,5.29,-12.4,10.62]},{"tweenEasing":0,"vertices":[-17.75,8,-20.17,5.59,-22.78,2.32,-23.04,-1.56,-20.99,-5.56,-18.86,-7.66,-16.82,-10.19,-14.68,-12.28,-12.24,-14.64,-9.56,-22.03,5.81,-27.63,11.94,-10.19,-3.51,-4.56,-6.59,-8.7,-8.81,-6.51,-10.85,-4.35,-12.87,-2.33,-14.86,0.2,-12.33,2.71,-9.67,5.28,-15,10.61]},{"tweenEasing":0,"vertices":[-21.94,8.22,-25.21,2.85,-24.9,-0.06,-23.01,-2.16,-20.04,-3.19,-18.4,-12.39,-16.34,-13.55,-14.27,-14.9,-11.8,-18.95,-8.32,-23.37,7.49,-28.31,12.87,-10.37,-3.02,-5.41,-6.4,-9.47,-8.6,-8.63,-10.7,-7.47,-12.76,-6.43,-15.25,-0.27,-14.27,2.59,-11.62,5.04,-16.95,11.1]},{"duration":2,"tweenEasing":0,"vertices":[-25.42,5.53,-25.43,-10.35,-24.77,-16.23,-21.15,-20.36,-17.89,-21.51,-15.63,-21.57,-13.46,-21.66,-11.24,-21.66,-8.52,-21.74,-7.09,-24.7,9.16,-28.99,13.8,-10.56,-2.54,-6.25,-6.06,-10.78,-8.39,-10.74,-10.55,-10.58,-12.65,-10.54,-14.72,-10.43,-14.85,3.59,-13.27,8.65,-22.83,10.87]},{"tweenEasing":0,"vertices":[-25.42,1.7,-25.43,-11.14,-24.77,-17.02,-21.15,-21.16,-15.1,-23.11,-11.94,-23.09,-9.75,-23.12,-7.53,-23.07,-4.8,-22.98,-2.62,-26.08,14.72,-26.28,14.72,-6.68,-2.71,-6.49,-5.09,-11.4,-7.43,-11.43,-9.63,-11.31,-11.74,-11.31,-14.72,-11.22,-14.71,1.82,-14.62,7.05,-25.28,7.05]},{"duration":7,"tweenEasing":0,"vertices":[-25.42,-0.8,-25.43,-11.14,-24.77,-17.02,-21.15,-21.16,-15.1,-23.11,-11.94,-23.09,-9.47,-23.12,-6.74,-23.07,-3.58,-22.98,-0.83,-26.08,16.51,-26.28,16.51,-6.68,-0.92,-6.49,-3.88,-11.4,-6.64,-11.43,-9.35,-11.31,-11.74,-11.31,-14.72,-11.22,-14.71,-0.68,-14.62,4.55,-25.28,4.55]},{"duration":0,"vertices":[-25.42,-6.3,-25.43,-11.14,-24.77,-17.02,-21.15,-21.16,-15.1,-23.11,-10.87,-23.09,-6.75,-23.12,-2.53,-23.07,2.28,-22.98,6.46,-26.08,23.79,-26.28,23.79,-6.68,6.37,-6.49,1.98,-11.4,-2.43,-11.43,-6.63,-11.31,-10.67,-11.31,-14.72,-11.22,-14.71,-6.19,-14.62,-0.95,-25.28,-0.95]}]},{"name":"d_common_betcontrol_btn_rebet","slot":"icon_repeat_bottom4","frame":[{"duration":4,"tweenEasing":0},{"duration":2,"tweenEasing":0,"vertices":[-0.43,5.54,-1.56,4.56,-2.02,2.63,-0.23,0.6,0.44,-0.09,0,0,0,0,0,0,-5.88,0.03,-6.87,-1.86,-4.16,-7.56,2.09,-4.82,-0.16,1.05,-2.02,0,0,0,0,0,0,0,0,0,0.12,2.22,0.12,4.44,0,4.66]},{"tweenEasing":0,"vertices":[-5.42,7.55,-18.97,5.13,-21.58,1.86,-19.89,-0.02,-18,-1.81,-16.79,-3.11,-14.95,-3.45,-12.9,-3.56,-10.53,-3.67,-10.29,-5.64,-4.4,-13.96,4.92,-7.19,-1.01,1.17,-5.66,-0.77,-7.91,-0.82,-9.89,-0.68,-11.72,-0.38,-13.65,-0.26,0,2.25,2.65,4.82,-2.68,10.15]},{"tweenEasing":0,"vertices":[-7.93,7.55,-20.17,5.13,-22.78,1.86,-23.04,-2.01,-20.99,-6.01,-18.86,-6.21,-16.82,-6.61,-14.68,-6.74,-12.24,-6.84,-11.69,-8.59,-3.13,-17.36,6.67,-7.56,-1.94,1.25,-6.59,-0.9,-8.81,-0.97,-10.85,-0.77,-12.87,-0.42,-14.86,-0.26,-2.52,2.25,0.15,4.82,-5.18,10.15]},{"duration":3,"tweenEasing":0,"vertices":[-10.05,7.55,-20.17,5.13,-22.78,1.86,-23.04,-2.01,-20.99,-6.01,-18.86,-6.21,-16.82,-6.61,-14.68,-6.74,-12.24,-7.43,-11.69,-11.07,-3.13,-19.84,6.67,-10.04,-1.94,-1.23,-6.59,-1.49,-8.81,-0.97,-10.85,-0.77,-12.87,-0.42,-14.86,-0.26,-4.64,2.25,-1.98,4.82,-7.31,10.15]},{"duration":3,"tweenEasing":0,"vertices":[-13.2,7.55,-20.17,5.13,-22.78,1.86,-23.04,-2.01,-20.99,-6.01,-18.86,-8.12,-16.82,-8.53,-14.68,-9.32,-12.24,-10.01,-11.69,-13.65,-3.13,-22.42,6.67,-12.62,-1.94,-3.81,-6.59,-4.07,-8.81,-3.55,-10.85,-2.68,-12.87,-2.33,-14.86,-0.26,-7.79,2.25,-5.13,4.82,-10.46,10.15]},{"duration":4,"tweenEasing":0,"vertices":[-15.15,8.01,-20.17,5.6,-22.78,2.33,-23.04,-1.55,-20.99,-5.55,-18.86,-8.12,-16.82,-9.24,-14.68,-10.59,-12.24,-12,-11.48,-17.1,-0.19,-25.46,9.12,-12.58,-2.24,-4.18,-6.59,-6.06,-8.81,-4.82,-10.85,-3.4,-12.87,-2.33,-14.86,0.2,-9.74,2.72,-7.07,5.29,-12.4,10.62]},{"tweenEasing":0,"vertices":[-17.75,8,-20.17,5.59,-22.78,2.32,-23.04,-1.56,-20.99,-5.56,-18.86,-7.66,-16.82,-10.19,-14.68,-12.28,-12.24,-14.64,-9.56,-22.03,5.81,-27.63,11.94,-10.19,-3.51,-4.56,-6.59,-8.7,-8.81,-6.51,-10.85,-4.35,-12.87,-2.33,-14.86,0.2,-12.33,2.71,-9.67,5.28,-15,10.61]},{"tweenEasing":0,"vertices":[-21.94,8.22,-25.21,2.85,-24.9,-0.06,-23.01,-2.16,-20.04,-3.19,-18.4,-12.39,-16.34,-13.55,-14.27,-14.9,-11.8,-18.95,-8.32,-23.37,7.49,-28.31,12.87,-10.37,-3.02,-5.41,-6.4,-9.47,-8.6,-8.63,-10.7,-7.47,-12.76,-6.43,-15.25,-0.27,-14.27,2.59,-11.62,5.04,-16.95,11.1]},{"duration":2,"tweenEasing":0,"vertices":[-25.42,5.53,-25.43,-10.35,-24.77,-16.23,-21.15,-20.36,-17.89,-21.51,-15.63,-21.57,-13.46,-21.66,-11.24,-21.66,-8.52,-21.74,-7.09,-24.7,9.16,-28.99,13.8,-10.56,-2.54,-6.25,-6.06,-10.78,-8.39,-10.74,-10.55,-10.58,-12.65,-10.54,-14.72,-10.43,-14.85,3.59,-13.27,8.65,-22.83,10.87]},{"tweenEasing":0,"vertices":[-25.42,1.7,-25.43,-11.14,-24.77,-17.02,-21.15,-21.16,-15.1,-23.11,-11.94,-23.09,-9.75,-23.12,-7.53,-23.07,-4.8,-22.98,-2.62,-26.08,14.72,-26.28,14.72,-6.68,-2.71,-6.49,-5.09,-11.4,-7.43,-11.43,-9.63,-11.31,-11.74,-11.31,-14.72,-11.22,-14.71,1.82,-14.62,7.05,-25.28,7.05]},{"duration":7,"tweenEasing":0,"vertices":[-25.42,-0.8,-25.43,-11.14,-24.77,-17.02,-21.15,-21.16,-15.1,-23.11,-11.94,-23.09,-9.47,-23.12,-6.74,-23.07,-3.58,-22.98,-0.83,-26.08,16.51,-26.28,16.51,-6.68,-0.92,-6.49,-3.88,-11.4,-6.64,-11.43,-9.35,-11.31,-11.74,-11.31,-14.72,-11.22,-14.71,-0.68,-14.62,4.55,-25.28,4.55]},{"duration":0,"vertices":[-25.42,-6.3,-25.43,-11.14,-24.77,-17.02,-21.15,-21.16,-15.1,-23.11,-10.87,-23.09,-6.75,-23.12,-2.53,-23.07,2.28,-22.98,6.46,-26.08,23.79,-26.28,23.79,-6.68,6.37,-6.49,1.98,-11.4,-2.43,-11.43,-6.63,-11.31,-10.67,-11.31,-14.72,-11.22,-14.71,-6.19,-14.62,-0.95,-25.28,-0.95]}]}]}],"defaultActions":[{"gotoAndPlay":"disable"}]},{"type":"Armature","frameRate":30,"name":"d_common_betcontrol_btn_undo","aabb":{"x":-4,"y":-4,"width":63,"height":63},"bone":[{"name":"root"},{"name":"d_common_betcontrol_btn_undo","parent":"root"},{"name":"undo_center","parent":"d_common_betcontrol_btn_undo","transform":{"x":27.5,"y":27.5}},{"name":"undo","parent":"undo_center"}],"slot":[{"name":"btn_bg_black","parent":"undo_center"},{"name":"icon_undo","parent":"undo"}],"skin":[{"slot":[{"name":"icon_undo","display":[{"name":"d_common_betcontrol_btn_undo"}]},{"name":"btn_bg_black","display":[{"name":"d_common_betcontrol_btn_bg"}]}]}],"animation":[{"duration":0,"name":"disable","slot":[{"name":"icon_undo","colorFrame":[{"duration":0,"value":{"rM":50,"gM":50,"bM":50}}]}]},{"duration":0,"name":"idle"},{"duration":30,"name":"release","bone":[{"name":"undo","rotateFrame":[{"duration":10,"tweenEasing":0},{"duration":12,"tweenEasing":0,"rotate":-120},{"duration":8,"tweenEasing":0,"rotate":120},{"duration":0}]}]}],"defaultActions":[{"gotoAndPlay":"disable"}]},{"type":"Armature","frameRate":30,"name":"d_common_chatroom","aabb":{"x":-4,"y":-4,"width":76,"height":76},"bone":[{"name":"root"},{"name":"d_common_chatroom","parent":"root"},{"name":"chat","parent":"d_common_chatroom","transform":{"x":34,"y":34}},{"name":"chat_Text","parent":"chat"},{"name":"chat02","parent":"chat_Text","transform":{"x":-9.84,"y":-9.88}},{"name":"chat01","parent":"chat_Text","transform":{"x":-15,"y":-15}}],"slot":[{"name":"chat_bg","parent":"chat"},{"name":"chat02","parent":"chat02"},{"name":"line1","parent":"chat02","color":{"aM":0}},{"name":"line2","parent":"chat02","color":{"aM":0}},{"name":"chat01","parent":"chat01"}],"skin":[{"slot":[{"name":"chat02","display":[{"type":"mesh","name":"d_common_chatroom_2","width":37,"height":36,"vertices":[28.53,19.79,19.76,19.96,13.82,28.62,10.24,25.91,16.71,15.69,23.81,15.56,23.85,1.9,1.91,2.17,2.05,15.65,11.69,15.72,11.52,19.84,-2.03,19.84,-1.89,-1.81,28.67,-1.9],"uvs":[0.91067,0.69196,0.67347,0.69686,0.51309,0.93738,0.41628,0.86199,0.59109,0.57807,0.78287,0.57454,0.78412,0.19504,0.1911,0.20271,0.19483,0.57709,0.45544,0.57896,0.45082,0.69334,0.08454,0.69334,0.08827,0.092,0.91422,0.08944],"triangles":[12,7,6,12,6,13,5,0,13,6,5,13,5,1,0,4,1,5,8,10,9,12,11,7,7,11,8,8,11,10,4,3,1,3,2,1],"edges":[11,10,10,9,9,8,8,7,7,6,6,5,5,4,4,3,3,2,2,1,1,0,0,13,13,12,12,11],"userEdges":[]}]},{"name":"chat01","display":[{"type":"mesh","name":"d_common_chatroom_1","width":27,"height":27,"vertices":[18.24,2.67,2.19,2.67,2.19,18.82,-3.31,18.82,-3.31,2.6,-3.31,-2.39,2.19,-2.46,18.24,-2.52],"uvs":[0.89522,0.29982,0.30072,0.29982,0.30072,0.89778,0.0971,0.89778,0.09712,0.29727,0.09712,0.11244,0.30072,0.10989,0.89521,0.10733],"triangles":[6,1,0,6,0,7,4,3,1,6,5,1,5,4,1,1,3,2],"edges":[3,2,2,1,1,0,0,7,7,6,6,5,5,4,4,3],"userEdges":[6,1,1,4]}]},{"name":"chat_bg","display":[{"name":"d_common_chatroom_bg"}]},{"name":"line2","display":[{"type":"mesh","name":"d_common_chatroom_2","width":37,"height":36,"vertices":[22.07,13.56,3.77,13.84,3.81,9.58,22.02,9.45],"uvs":[0.78412,0.19504,0.1911,0.20271,0.192,0.08461,0.78276,0.081],"triangles":[2,1,0,2,0,3],"edges":[1,0,0,3,3,2,2,1],"userEdges":[]}]},{"name":"line1","display":[{"type":"mesh","name":"d_common_chatroom_2","width":37,"height":36,"vertices":[22.07,7.95,3.77,8.22,3.81,3.97,22.02,3.84],"uvs":[0.78412,0.19504,0.1911,0.20271,0.192,0.08461,0.78276,0.081],"triangles":[2,1,0,2,0,3],"edges":[1,0,0,3,3,2,2,1],"userEdges":[]}]}]}],"animation":[{"duration":0,"name":"disable","slot":[{"name":"chat01","colorFrame":[{"duration":0,"value":{"rM":50,"gM":50,"bM":50}}]},{"name":"chat02","colorFrame":[{"duration":0,"value":{"rM":50,"gM":50,"bM":50}}]}]},{"duration":0,"name":"idle","ffd":[{"name":"d_common_chatroom_2","slot":"line1","frame":[{"duration":0,"vertices":[-17.31,0,0,0,0,0,-17.31]}]},{"name":"d_common_chatroom_2","slot":"line2","frame":[{"duration":0,"vertices":[-17.31,0,0,0,0,0,-17.31]}]}]},{"duration":30,"name":"release","slot":[{"name":"line1","colorFrame":[{"duration":12,"curve":[0.25,0,0.75,1],"value":{"aM":0}},{"duration":11},{"duration":7,"curve":[0.25,0,0.75,1]},{"duration":0,"value":{"aM":0}}]},{"name":"line2","colorFrame":[{"duration":6,"tweenEasing":0},{"duration":14,"curve":[0.25,0,0.75,1],"value":{"aM":0}},{"duration":3},{"duration":7,"curve":[0.25,0,0.75,1]},{"duration":0,"value":{"aM":0}}]}],"ffd":[{"name":"d_common_chatroom_2","slot":"line1","frame":[{"duration":12,"curve":[0.25,0,0.75,1],"vertices":[-17.31,0,0,0,0,0,-17.31]},{"duration":18}]},{"name":"d_common_chatroom_2","slot":"line2","frame":[{"duration":6,"vertices":[-17.31,0,0,0,0,0,-17.31]},{"duration":14,"curve":[0.25,0,0.75,1],"vertices":[-17.31,0,0,0,0,0,-17.31]},{"duration":10}]}]}],"defaultActions":[{"gotoAndPlay":"disable"}]},{"type":"Armature","frameRate":30,"name":"d_common_chatroom_close","aabb":{"x":10,"y":10,"width":20,"height":20},"bone":[{"name":"root"},{"name":"d_common_chatroom_close","parent":"root"},{"name":"Chat_Cancel_Centr","parent":"d_common_chatroom_close","transform":{"x":20,"y":20}},{"name":"Chat_Cancel_icon","parent":"Chat_Cancel_Centr"}],"slot":[{"name":"Chat_Cancel","parent":"Chat_Cancel_icon"}],"skin":[{"slot":[{"name":"Chat_Cancel","display":[{"name":"d_common_chatroom_close"}]}]}],"animation":[{"duration":0,"name":"disable","slot":[{"name":"Chat_Cancel","colorFrame":[{"duration":0,"value":{"rM":50,"gM":50,"bM":50}}]}]},{"duration":0,"name":"idle"},{"duration":30,"name":"release","bone":[{"name":"Chat_Cancel_icon","scaleFrame":[{"duration":15,"tweenEasing":0},{"duration":15,"tweenEasing":0,"x":1.3,"y":1.3},{"duration":0}]}]}],"defaultActions":[{"gotoAndPlay":"disable"}]},{"type":"Armature","frameRate":30,"name":"d_common_chatroom_emoji","aabb":{"x":-1,"y":-1,"width":42,"height":42},"bone":[{"name":"root"},{"name":"d_common_chatroom_emoji","parent":"root"},{"name":"Chat_Emoji_Centr","parent":"d_common_chatroom_emoji","transform":{"x":20,"y":20}}],"slot":[{"name":"Chat_Emoji_Circle","parent":"Chat_Emoji_Centr"},{"name":"Chat_Emoji_Mouth","parent":"Chat_Emoji_Centr"},{"name":"Chat_Emoji_Eyes","parent":"Chat_Emoji_Centr"}],"skin":[{"slot":[{"name":"Chat_Emoji_Eyes","display":[{"type":"mesh","name":"d_common_chatroom_emoji_eyes","width":20,"height":6,"vertices":[10,-1,-10,-1,-10,-7,10,-7],"uvs":[1,1,0,1,0,0,1,0],"triangles":[1,0,3,2,1,3],"edges":[1,0,0,3,3,2,2,1],"userEdges":[]}]},{"name":"Chat_Emoji_Mouth","display":[{"type":"mesh","name":"d_common_chatroom_emoji_mouth","width":20,"height":9,"vertices":[10,6.87,6.24,10.7,0.12,11.41,-6.12,10.23,-10,6.51,-8.82,3,-4.41,3.59,0,5.95,4.7,3.59,9,3],"uvs":[1,0.42967,0.81195,0.85578,0.5059,0.93444,0.19395,0.80333,0,0.39035,0.05901,0,0.2795,0.06556,0.5,0.32778,0.73525,0.06556,0.94985,0.00002],"triangles":[9,8,0,8,1,0,8,7,1,7,2,1,6,3,7,7,3,2,4,3,6,5,4,6],"edges":[4,3,3,2,2,1,1,0,0,9,9,8,8,7,7,6,6,5,5,4],"userEdges":[7,2,8,1,6,3]}]},{"name":"Chat_Emoji_Circle","display":[{"name":"d_common_chatroom_emoji_face"}]}]}],"animation":[{"duration":0,"name":"disable","slot":[{"name":"Chat_Emoji_Circle","colorFrame":[{"duration":0,"value":{"rM":50,"gM":50,"bM":50}}]},{"name":"Chat_Emoji_Eyes","colorFrame":[{"duration":0,"value":{"rM":50,"gM":50,"bM":50}}]},{"name":"Chat_Emoji_Mouth","colorFrame":[{"duration":0,"value":{"rM":50,"gM":50,"bM":50}}]}]},{"duration":0,"name":"idle"},{"duration":30,"name":"release","ffd":[{"name":"d_common_chatroom_emoji_eyes","slot":"Chat_Emoji_Eyes","frame":[{"duration":10,"curve":[0.25,0,0.75,1]},{"duration":10,"offset":1,"vertices":[-1.26,0,-1.26,0,0.16,0,0.16]},{"duration":10,"curve":[0.25,0,0.75,1],"offset":1,"vertices":[-1.26,0,-1.26,0,0.16,0,0.16]},{"duration":0}]},{"name":"d_common_chatroom_emoji_mouth","slot":"Chat_Emoji_Mouth","frame":[{"duration":10,"curve":[0.25,0,0.75,1]},{"duration":10,"vertices":[2.29,-1.86,1.51,-1.07,0,-0.36,-1.23,-0.63,-1.98,-1.77,-0.7,-1.47,-0.81,1.31,0,0.67,1.41,1.7,0.7,-1.25]},{"duration":10,"curve":[0.25,0,0.75,1],"vertices":[2.29,-1.86,1.51,-1.07,0,-0.36,-1.23,-0.63,-1.98,-1.77,-0.7,-1.47,-0.81,1.31,0,0.67,1.41,1.7,0.7,-1.25]},{"duration":0}]}]}],"defaultActions":[{"gotoAndPlay":"disable"}]},{"type":"Armature","frameRate":30,"name":"d_common_chatroom_presetlist","aabb":{"x":-1,"y":-1,"width":42,"height":42},"bone":[{"name":"root"},{"name":"d_common_chatroom_presetlist","parent":"root"},{"name":"Chat_Typeing_Centr","parent":"d_common_chatroom_presetlist","transform":{"x":20,"y":20}}],"slot":[{"name":"Chat_Typeing_Circle","parent":"Chat_Typeing_Centr"},{"name":"Chat_Typeing_Line_3","parent":"Chat_Typeing_Centr"},{"name":"Chat_Typeing_Line_2","parent":"Chat_Typeing_Centr"},{"name":"Chat_Typeing_Line_1","parent":"Chat_Typeing_Centr"}],"skin":[{"slot":[{"name":"Chat_Typeing_Circle","display":[{"name":"d_common_chatroom_presetlist_1"}]},{"name":"Chat_Typeing_Line_1","display":[{"type":"mesh","name":"d_common_chatroom_presetlist_2","width":23,"height":6,"vertices":[12,-3,-11,-3,-11,-9,12,-9],"uvs":[1,1,0,1,0,0,1,0],"triangles":[1,0,3,2,1,3],"edges":[1,0,0,3,3,2,2,1],"userEdges":[]}]},{"name":"Chat_Typeing_Line_2","display":[{"type":"mesh","name":"d_common_chatroom_presetlist_3","width":23,"height":5,"vertices":[12,3,-11,3,-11,-2,12,-2],"uvs":[1,1,0,1,0,0,1,0],"triangles":[1,0,3,2,1,3],"edges":[1,0,0,3,3,2,2,1],"userEdges":[]}]},{"name":"Chat_Typeing_Line_3","display":[{"type":"mesh","name":"d_common_chatroom_presetlist_4","width":14,"height":6,"vertices":[3,10,-11,10,-11,4,3,4],"uvs":[1,1,0,1,0,0,1,0],"triangles":[1,0,3,2,1,3],"edges":[1,0,0,3,3,2,2,1],"userEdges":[]}]}]}],"animation":[{"duration":0,"name":"disable","slot":[{"name":"Chat_Typeing_Circle","colorFrame":[{"duration":0,"value":{"rM":50,"gM":50,"bM":50}}]},{"name":"Chat_Typeing_Line_1","colorFrame":[{"duration":0,"value":{"rM":50,"gM":50,"bM":50}}]},{"name":"Chat_Typeing_Line_2","colorFrame":[{"duration":0,"value":{"rM":50,"gM":50,"bM":50}}]},{"name":"Chat_Typeing_Line_3","colorFrame":[{"duration":0,"value":{"rM":50,"gM":50,"bM":50}}]}]},{"duration":0,"name":"idle"},{"duration":30,"name":"release","slot":[{"name":"Chat_Typeing_Line_1","colorFrame":[{"duration":5,"tweenEasing":0},{"duration":11,"tweenEasing":0,"value":{"aM":0}},{"duration":14}]},{"name":"Chat_Typeing_Line_2","colorFrame":[{"duration":5,"tweenEasing":0},{"duration":7,"value":{"aM":0}},{"duration":12,"curve":[0.25,0,0.75,1],"value":{"aM":0}},{"duration":6}]},{"name":"Chat_Typeing_Line_3","colorFrame":[{"duration":5,"tweenEasing":0},{"duration":13,"value":{"aM":0}},{"duration":12,"curve":[0.25,0,0.75,1],"value":{"aM":0}},{"duration":0}]}],"ffd":[{"name":"d_common_chatroom_presetlist_2","slot":"Chat_Typeing_Line_1","frame":[{"duration":4},{"curve":[0.25,0,0.75,1]},{"duration":11,"curve":[0.25,0,0.75,1],"vertices":[-20.93,0,0,0,0,0,-20.93]},{"duration":14}]},{"name":"d_common_chatroom_presetlist_3","slot":"Chat_Typeing_Line_2","frame":[{"duration":11},{"curve":[0.25,0,0.75,1]},{"duration":12,"curve":[0.25,0,0.75,1],"vertices":[-21.06,0,0,0,0,0,-21.06]},{"duration":6}]},{"name":"d_common_chatroom_presetlist_4","slot":"Chat_Typeing_Line_3","frame":[{"duration":17},{"curve":[0.25,0,0.75,1]},{"duration":12,"curve":[0.25,0,0.75,1],"vertices":[-12.17,0,0,0,0,0,-12.17]},{"duration":0}]}]}],"defaultActions":[{"gotoAndPlay":"disable"}]},{"type":"Armature","frameRate":30,"name":"d_common_gamesetting_off","aabb":{"x":-10,"y":-10,"width":50,"height":50},"bone":[{"name":"root"},{"name":"d_common_gamesetting_off","parent":"root"},{"name":"Option_Center2","parent":"d_common_gamesetting_off","transform":{"x":15,"y":15}},{"name":"Option2","parent":"Option_Center2"}],"slot":[{"name":"d_common_gamesetting2","parent":"Option2"}],"skin":[{"slot":[{"name":"d_common_gamesetting2","display":[{"name":"d_common_gamesetting"}]}]}],"animation":[{"duration":0,"name":"disable","slot":[{"name":"d_common_gamesetting2","colorFrame":[{"duration":0,"value":{"rM":50,"gM":50,"bM":50}}]}]},{"duration":0,"name":"idle"},{"duration":30,"name":"release","bone":[{"name":"Option2","rotateFrame":[{"duration":15,"tweenEasing":0},{"duration":15,"tweenEasing":0,"rotate":-90},{"duration":0,"rotate":180}]}]}],"defaultActions":[{"gotoAndPlay":"disable"}]},{"type":"Armature","frameRate":30,"name":"d_common_gamesetting_on","aabb":{"x":-10,"y":-10,"width":50,"height":50},"bone":[{"name":"root"},{"name":"d_common_gamesetting_on","parent":"root"},{"name":"Option_Center","parent":"d_common_gamesetting_on","transform":{"x":15,"y":15}},{"name":"Option","parent":"Option_Center"}],"slot":[{"name":"d_common_gamesetting","parent":"Option"}],"skin":[{"slot":[{"name":"d_common_gamesetting","display":[{"name":"d_common_gamesetting"}]}]}],"animation":[{"duration":0,"name":"disable","slot":[{"name":"d_common_gamesetting","colorFrame":[{"duration":0,"value":{"rM":50,"gM":50,"bM":50}}]}]},{"duration":0,"name":"idle","bone":[{"name":"Option","rotateFrame":[{"duration":0,"rotate":180}]}]},{"duration":30,"name":"release","bone":[{"name":"Option","rotateFrame":[{"duration":30,"tweenEasing":0,"rotate":180},{"duration":0}]}]}],"defaultActions":[{"gotoAndPlay":"disable"}]},{"type":"Armature","frameRate":30,"name":"d_common_gamesetting_stat_off","aabb":{"x":2,"y":2,"width":26,"height":26},"bone":[{"name":"root"},{"name":"d_common_gamesetting_stat_off","parent":"root"},{"name":"Count_Circle2","parent":"d_common_gamesetting_stat_off","transform":{"x":15,"y":15}},{"name":"Count_Line_4","parent":"Count_Circle2"},{"name":"Count_Line_5","parent":"Count_Circle2","transform":{"skX":63.02,"skY":63.02}},{"name":"Count_Line_6","parent":"Count_Circle2","transform":{"skX":135.12,"skY":135.12}}],"slot":[{"name":"d_common_gamesetting_stat_circle_circle2","parent":"Count_Circle2"},{"name":"Info_Line4","parent":"Count_Line_4"},{"name":"Info_Line5","parent":"Count_Line_5"},{"name":"Info_Line6","parent":"Count_Line_6"}],"skin":[{"slot":[{"name":"Info_Line6","display":[{"name":"d_common_gamesetting_stat_line","transform":{"y":-5.92}}]},{"name":"Info_Line4","display":[{"name":"d_common_gamesetting_stat_line","transform":{"y":-5.92}}]},{"name":"Info_Line5","display":[{"name":"d_common_gamesetting_stat_line","transform":{"y":-5.92}}]},{"name":"d_common_gamesetting_stat_circle_circle2","display":[{"name":"d_common_gamesetting_stat_circle_circle"}]}]}],"animation":[{"duration":0,"name":"disable","slot":[{"name":"Info_Line4","colorFrame":[{"duration":0,"value":{"rM":50,"gM":50,"bM":50}}]},{"name":"Info_Line5","colorFrame":[{"duration":0,"value":{"rM":50,"gM":50,"bM":50}}]},{"name":"Info_Line6","colorFrame":[{"duration":0,"value":{"rM":50,"gM":50,"bM":50}}]},{"name":"d_common_gamesetting_stat_circle_circle2","colorFrame":[{"duration":0,"value":{"rM":50,"gM":50,"bM":50}}]}]},{"duration":0,"name":"idle","bone":[{"name":"Count_Line_5","rotateFrame":[{"duration":0,"rotate":-29.68}]},{"name":"Count_Line_6","rotateFrame":[{"duration":0,"rotate":104.88}]}]},{"duration":30,"name":"release","bone":[{"name":"Count_Line_5","rotateFrame":[{"duration":30,"curve":[0,0.25,1,0.75],"rotate":-29.68},{"duration":0}]},{"name":"Count_Line_6","rotateFrame":[{"duration":30,"curve":[0,0.25,1,0.75],"rotate":104.88},{"duration":0}]}]}],"defaultActions":[{"gotoAndPlay":"disable"}]},{"type":"Armature","frameRate":30,"name":"d_common_gamesetting_stat_on","aabb":{"x":2,"y":2,"width":26,"height":26},"bone":[{"name":"root"},{"name":"d_common_gamesetting_stat_on","parent":"root"},{"name":"Count_Circle","parent":"d_common_gamesetting_stat_on","transform":{"x":15,"y":15}},{"name":"Count_Line_1","parent":"Count_Circle"},{"name":"Count_Line_2","parent":"Count_Circle","transform":{"skX":63.02,"skY":63.02}},{"name":"Count_Line_3","parent":"Count_Circle","transform":{"skX":135.12,"skY":135.12}}],"slot":[{"name":"d_common_gamesetting_stat_circle_circle","parent":"Count_Circle"},{"name":"Info_Line","parent":"Count_Line_1"},{"name":"Info_Line2","parent":"Count_Line_2"},{"name":"Info_Line3","parent":"Count_Line_3"}],"skin":[{"slot":[{"name":"d_common_gamesetting_stat_circle_circle","display":[{"name":"d_common_gamesetting_stat_circle_circle"}]},{"name":"Info_Line","display":[{"name":"d_common_gamesetting_stat_line","transform":{"y":-5.92}}]},{"name":"Info_Line2","display":[{"name":"d_common_gamesetting_stat_line","transform":{"y":-5.92}}]},{"name":"Info_Line3","display":[{"name":"d_common_gamesetting_stat_line","transform":{"y":-5.92}}]}]}],"animation":[{"duration":0,"name":"disable","slot":[{"name":"Info_Line","colorFrame":[{"duration":0,"value":{"rM":50,"gM":50,"bM":50}}]},{"name":"Info_Line2","colorFrame":[{"duration":0,"value":{"rM":50,"gM":50,"bM":50}}]},{"name":"Info_Line3","colorFrame":[{"duration":0,"value":{"rM":50,"gM":50,"bM":50}}]},{"name":"d_common_gamesetting_stat_circle_circle","colorFrame":[{"duration":0,"value":{"rM":50,"gM":50,"bM":50}}]}]},{"duration":0,"name":"idle"},{"duration":30,"name":"release","bone":[{"name":"Count_Line_2","rotateFrame":[{"duration":30,"curve":[0.25,0,0.75,1]},{"duration":0,"rotate":-29.68}]},{"name":"Count_Line_3","rotateFrame":[{"duration":30,"curve":[0.25,0,0.75,1]},{"duration":0,"rotate":104.88}]}]}],"defaultActions":[{"gotoAndPlay":"disable"}]},{"type":"Armature","frameRate":30,"name":"d_common_hideui","aabb":{"x":-4,"y":-4,"width":68,"height":68},"bone":[{"name":"root"},{"name":"d_common_hideui","parent":"root"},{"name":"clearscreen","parent":"d_common_hideui","transform":{"x":30,"y":30}},{"name":"clearscreen_square03","parent":"clearscreen","transform":{"x":9.98,"y":-2.48}},{"name":"clearscreen_square02","parent":"clearscreen","transform":{"x":-8.96,"y":7.39}},{"name":"clearscreen_square01","parent":"clearscreen","transform":{"x":-8.96,"y":-7.55}},{"name":"clearscreen_square04","parent":"clearscreen"}],"slot":[{"name":"clearscreen_bg","parent":"clearscreen"},{"name":"clearscreen_square02","parent":"clearscreen_square02"},{"name":"clearscreen_square01","parent":"clearscreen_square01"},{"name":"clearscreen_square03","parent":"clearscreen_square03"},{"name":"clearscreen_square3","parent":"clearscreen_square04","color":{"aM":0}},{"name":"clearscreen_border","parent":"clearscreen"}],"skin":[{"slot":[{"name":"clearscreen_bg","display":[{"name":"d_common_hideui_bg"}]},{"name":"clearscreen_square02","display":[{"type":"mesh","name":"d_common_hideui2","width":25,"height":20,"vertices":[8.69,-2.76,8.69,-0.21,8.69,2.86,8.69,6.41,3.72,6.64,0.69,6.58,-2.19,6.53,-4.79,6.48,-7.11,6.41,-9.92,6.33,-9.9,3.01,-9.88,0,-9.86,-2.6,-9.84,-6.73,-7.22,-6.97,-4.87,-7.2,-2.1,-7.17,0.63,-7.14,3.47,-7.12,8.69,-7.04,-4.84,-2.68,3.55,-2.84,-4.81,2.86,3.66,2.93,-7.03,2.93,-7.11,-2.65,-2.11,2.88,-2.2,-2.73,0.78,2.91,0.69,-2.78,-7.07,-0.04,-4.83,-0.16,-2.16,-0.16,0.73,-0.12,3.6,-0.08],"uvs":[0.86896,0.3818,0.86896,0.50923,0.86896,0.6626,0.86896,0.8401,0.6705,0.8518,0.54913,0.84888,0.43398,0.84611,0.32994,0.8436,0.2371,0.84025,0.1248,0.8362,0.12559,0.67031,0.12631,0.51989,0.12693,0.3895,0.12792,0.1833,0.23253,0.171,0.32682,0.15991,0.43732,0.1612,0.54654,0.16247,0.6605,0.1638,0.86896,0.1677,0.32785,0.38568,0.66361,0.37779,0.32911,0.66259,0.6678,0.66643,0.24043,0.66596,0.23721,0.38741,0.4372,0.66382,0.43365,0.3832,0.55258,0.66513,0.54928,0.38048,0.23871,0.51756,0.32842,0.51148,0.43528,0.51155,0.55082,0.51346,0.66561,0.51576],"triangles":[18,21,19,23,4,3,23,3,2,34,23,2,34,2,1,19,21,0,34,1,0,21,34,0,28,5,23,29,33,21,23,5,4,28,23,34,33,28,34,21,33,34,29,21,18,17,29,18,32,26,33,16,27,29,32,33,29,27,32,29,33,26,28,16,29,17,28,26,5,26,6,5,15,20,27,20,31,27,27,31,32,31,22,32,32,22,26,22,7,26,15,27,16,26,7,6,25,30,31,24,8,7,31,30,22,30,24,22,24,7,22,25,31,20,15,14,20,14,25,20,12,11,30,30,11,24,11,10,24,24,10,8,10,9,8,12,30,25,14,13,25,13,12,25],"edges":[9,8,8,7,7,6,6,5,5,4,4,3,3,2,2,1,1,0,0,19,19,18,18,17,17,16,16,15,15,14,14,13,13,12,12,11,11,10,10,9],"userEdges":[20,15,21,18,21,0,7,22,4,23,23,2,10,24,24,22,8,24,12,25,25,20,25,14,22,26,6,26,20,27,27,16,23,28,28,26,5,28,21,29,29,27,29,17,24,30,30,25,11,30,20,31,31,22,30,31,26,32,32,27,31,32,28,33,33,29,32,33,21,34,34,23,33,34,34,1]}]},{"name":"clearscreen_square01","display":[{"type":"mesh","name":"d_common_hideui1","width":25,"height":20,"vertices":[8.81,0.39,8.79,4.82,8.22,6.35,6.4,7.4,2.08,7.48,-1.34,7.43,-4.55,7.4,-7.1,7.32,-9.77,7.25,-9.87,3.48,-9.89,0.54,-9.95,-3.3,-9.52,-6,-6.57,-6.49,-2.79,-6.43,-0.17,-6.44,2.59,-6.33,5.68,-6.28,8.94,-6.23,-5.64,-3.1,-2.63,-0.88,1.05,1.57,5.13,4.32,-4.26,-2.08,-7.73,-1.14,-6.26,-0.01,-4.49,1.43,-1.37,4.15,-2.97,2.75,-0.7,0.4,-4.16,-4.83,-2.55,-3.9,-0.78,-2.81,1.12,-1.51,3.17,-0.52,6.99,2.33,3.41,6.1,-8.19,1.84,-6.39,3.64,-4.88,4.82,-3.26,6.14,-0.86,-5.71,0.86,-4.53,2.89,-3.36,4.93,-2.27],"uvs":[0.87377,0.49178,0.87295,0.71354,0.85031,0.78966,0.77756,0.84205,0.60491,0.8461,0.46794,0.84401,0.33967,0.84205,0.23755,0.83853,0.13056,0.83485,0.12668,0.64621,0.12588,0.4993,0.12336,0.30745,0.14089,0.17228,0.2586,0.14775,0.40972,0.1506,0.51487,0.15018,0.62511,0.15582,0.74878,0.15817,0.87916,0.16065,0.29589,0.31729,0.41615,0.42815,0.56359,0.55078,0.72667,0.68852,0.3511,0.36819,0.21249,0.41546,0.27093,0.47189,0.34183,0.54355,0.46672,0.67986,0.40276,0.60977,0.49333,0.49234,0.35524,0.23088,0.41952,0.27711,0.49024,0.33159,0.56631,0.39688,0.64818,0.4462,0.80111,0.58895,0.6579,0.77753,0.19378,0.56438,0.26611,0.65454,0.32641,0.71318,0.39097,0.77925,0.48723,0.18698,0.5561,0.24576,0.63717,0.30417,0.71883,0.35886],"triangles":[17,44,18,18,44,0,44,35,0,35,22,1,0,35,1,1,22,2,22,3,2,34,22,35,44,34,35,43,44,17,36,4,3,22,36,3,16,43,17,21,36,22,34,21,22,43,34,44,16,42,43,43,33,34,27,4,36,21,27,36,33,21,34,42,33,43,15,42,16,27,5,4,32,29,33,15,41,42,32,33,42,33,29,21,29,27,21,41,32,42,28,27,29,32,20,29,27,40,5,31,32,41,14,41,15,20,28,29,14,31,41,40,6,5,31,20,32,26,28,20,23,20,31,28,40,27,23,26,20,28,39,40,14,30,31,30,23,31,39,6,40,25,26,23,13,30,14,30,19,23,26,39,28,38,39,26,13,19,30,39,7,6,19,25,23,25,38,26,19,24,25,37,38,25,38,7,39,11,24,19,13,12,19,12,11,19,24,37,25,37,9,38,10,37,24,11,10,24,10,9,37,7,8,38,9,8,38],"edges":[11,10,10,9,9,8,8,7,7,6,6,5,5,4,4,3,3,2,2,1,1,0,0,18,18,17,17,16,16,15,15,14,14,13,13,12,12,11],"userEdges":[12,19,21,22,22,2,19,23,23,20,10,24,24,19,11,24,25,23,24,25,26,20,25,26,27,21,26,28,28,27,20,29,29,21,28,29,14,30,30,19,13,30,31,23,30,31,32,20,31,32,33,29,32,33,34,21,33,34,0,35,35,22,34,35,35,1,4,36,36,22,27,36,36,3,9,37,37,25,10,37,8,38,38,26,37,38,7,39,39,28,38,39,6,40,40,27,39,40,40,5,15,41,41,31,14,41,16,42,42,32,41,42,17,43,43,33,42,43,18,44,44,34,43,44,44,0]}]},{"name":"clearscreen_square03","display":[{"type":"mesh","name":"d_common_hideui3","width":24,"height":30,"vertices":[-4.15,-11.86,-0.1,-11.84,4.35,-11.82,8.89,-11.8,8.92,-3.46,8.94,3.67,8.97,12.83,4.51,12.81,0.3,12.79,-4.24,12.77,-8.52,12.74,-9.17,3.83,-9.09,-3.46,-8.69,-11.88,4.41,-3.46,4.45,3.67,0.14,3.76,-4.2,3.83,0.04,-3.38,-4.18,-3.38],"uvs":[0.326,0.0886,0.49469,0.08921,0.68032,0.08988,0.86946,0.09056,0.87059,0.36847,0.87151,0.60603,0.87283,0.91135,0.68706,0.91069,0.51152,0.91006,0.32249,0.90938,0.14384,0.90865,0.11684,0.61146,0.12021,0.36847,0.13709,0.08786,0.68261,0.36849,0.68442,0.60606,0.50496,0.60911,0.32387,0.61142,0.50046,0.37104,0.32479,0.37113],"triangles":[2,14,3,3,14,4,14,15,4,4,15,5,7,6,5,15,7,5,16,8,15,14,18,15,18,16,15,15,8,7,18,14,2,1,18,2,18,19,16,19,17,16,9,8,16,17,9,16,19,18,1,0,19,1,11,10,17,17,10,9,11,17,19,12,11,19,0,13,19,13,12,19],"edges":[11,10,10,9,9,8,8,7,7,6,6,5,5,4,4,3,3,2,2,1,1,0,0,13,13,12,12,11],"userEdges":[2,14,4,14,7,15,15,14,5,15,16,8,15,16,17,9,16,17,1,18,18,16,14,18,0,19,19,17,18,19,19,12,17,11,19,13,17,10]}]},{"name":"clearscreen_square3","display":[{"type":"mesh","name":"d_common_hideui3","width":24,"height":30,"vertices":[19.04,-8.44,19.04,6.63,19.04,14.19,10.65,14.19,-10.08,14.19,-18.26,14.19,-18.26,6.34,-18.26,-8.44,-18.26,-15.81,-9.96,-15.81,10.65,-15.81,19.04,-15.81,-9.99,-8.34,10.65,-8.44,10.65,6.34,-10.05,6.34],"uvs":[1,0.24569,1,0.74809,1,1,0.65041,1,0.34066,1,0,1,0,0.73849,0,0.24569,0,0,0.34558,0,0.65041,0,1,0,0.34436,0.24893,0.65041,0.24569,0.65041,0.73849,0.34195,0.7384],"triangles":[13,14,0,11,10,0,10,13,0,0,14,1,14,3,1,1,3,2,12,15,14,12,14,13,9,12,13,9,13,10,14,15,3,15,4,3,7,6,12,12,6,15,7,12,9,8,7,9,15,6,4,6,5,4],"edges":[5,4,4,3,3,2,2,1,1,0,0,11,11,10,10,9,9,8,8,7,7,6,6,5],"userEdges":[12,9,13,10,12,13,3,14,14,13,4,15,15,12,14,15,15,6,14,1,13,0,12,7]}]},{"name":"clearscreen_border","display":[{"name":"d_common_hideui_bg_border","transform":{"scX":1.022,"scY":1.022}}]}]}],"animation":[{"duration":0,"name":"disable","bone":[{"name":"clearscreen_square01","translateFrame":[{"duration":0,"x":-2.55,"y":-14.79}]},{"name":"clearscreen_square02","translateFrame":[{"duration":0,"x":-11.18,"y":12.48}]},{"name":"clearscreen_square03","translateFrame":[{"duration":0,"x":18.46}]}],"slot":[{"name":"clearscreen_square01","colorFrame":[{"duration":0,"value":{"aM":8}}]},{"name":"clearscreen_square02","colorFrame":[{"duration":0,"value":{"aM":8}}]},{"name":"clearscreen_square03","colorFrame":[{"duration":0,"value":{"aM":8}}]},{"name":"clearscreen_square3","colorFrame":[{"duration":0,"value":{"rM":50,"gM":50,"bM":50}}]}],"ffd":[{"name":"d_common_hideui1","slot":"clearscreen_square01","frame":[{"duration":0,"offset":18,"vertices":[0.56,0.73,1.47,1.5,2.88,3.45,5.61,3.49,5.07,2.74,3.29,1.74,1.78,1.4,0.81,0.72,0.06,0.34,0,0,2.07,0.89,0.36,-0.14,0,0,0,0,1.17,0.3,1.33,1.33,0.34,0.32,-0.09,0,0,0,0,0,-0.1,-0.14,2.92,1.31,1.61,0.59,0.51,-0.17,0.2,-0.34,0,0,0,0,0,0,0.32,0.77,-0.14,0,0,0,0,0,1.71,1.19,0.63,0.35,0.04]}]},{"name":"d_common_hideui2","slot":"clearscreen_square02","frame":[{"duration":0,"vertices":[6.24,0.74,6.24,0.74,6.24,0.74,6.24,0.74,6.24,0.71,6.67,-0.59,8.47,-1.52,10.1,-2,11.58,-2.45,12.27,-3.81,9.81,-1.97,8.18,-0.34,6.45,0.63,6.24,0.74,6.24,0.74,6.24,0.74,6.24,0.74,6.24,0.74,6.24,0.74,6.24,0.74,6.29,0.71,6.24,0.74,9,-0.94,6.24,0.74,9.25,-1.75,6.48,0.62,7.3,-0.04,6.24,0.74,6.24,0.74,6.24,0.74,7.79,-0.16,7.08,0.5,6.41,0.62,6.24,0.74,6.24,0.74]}]},{"name":"d_common_hideui3","slot":"clearscreen_square03","frame":[{"duration":0,"offset":2,"vertices":[-3.81,0,-8.99,0,-12.31,0,-8.91,0,-8.67,0,-10.69,0,-7.21,0,-3,0,0,0,0,0,0,0,0,0,0,0,-5.75,0,-5.1,0,-0.73,0,0,0,-1.46]}]}]},{"duration":0,"name":"idle","bone":[{"name":"clearscreen_square04","scaleFrame":[{"duration":0,"x":0.57,"y":0.57}]}]},{"duration":30,"name":"release","bone":[{"name":"clearscreen_square01","translateFrame":[{"duration":15,"curve":[0.25,0,0.75,1]},{"duration":15,"x":-2.55,"y":-14.79}]},{"name":"clearscreen_square02","translateFrame":[{"duration":15,"curve":[0.25,0,0.75,1]},{"duration":15,"x":-11.18,"y":12.48}]},{"name":"clearscreen_square03","translateFrame":[{"duration":15,"curve":[0.25,0,0.75,1]},{"duration":15,"x":18.46}]},{"name":"clearscreen_square04","scaleFrame":[{"duration":10,"curve":[0.25,0,0.75,1],"x":0.57,"y":0.57},{"duration":20}]}],"slot":[{"name":"clearscreen_square01","colorFrame":[{"duration":15,"curve":[0.25,0,0.75,1]},{"duration":15,"value":{"aM":8}}]},{"name":"clearscreen_square02","colorFrame":[{"duration":15,"curve":[0.25,0,0.75,1]},{"duration":15,"value":{"aM":8}}]},{"name":"clearscreen_square03","colorFrame":[{"duration":15,"curve":[0.25,0,0.75,1]},{"duration":15,"value":{"aM":8}}]},{"name":"clearscreen_square3","colorFrame":[{"duration":20,"curve":[0.25,0,0.75,1],"value":{"aM":0}},{"duration":10}]}],"ffd":[{"name":"d_common_hideui1","slot":"clearscreen_square01","frame":[{"duration":7},{"duration":2,"tweenEasing":0},{"tweenEasing":0,"offset":22,"vertices":[0.22,2.32,2.03,1.65,0.75,0.22]},{"duration":2,"tweenEasing":0,"offset":20,"vertices":[0.09,0.36,0.65,3.05,2.97,2.15,2.72,0.28]},{"duration":2,"tweenEasing":0,"offset":20,"vertices":[0.8,1.05,1.41,3.4,3.55,2.48,3.23,0.76,0.54,0.09,0,0,0,0,0,0,0,0,0.41,0.09,0,0,0,0,0,0,0,0,0.58,0.54,0,0,0,0,0,0,0,0,0,0,0.63]},{"tweenEasing":0,"offset":18,"vertices":[0.94,0.76,1.7,1.42,3.02,3.19,4.44,3.1,3.5,1.8,1.71,0.39,0,0,0,0,0,0,0,0,1.33,0.75,0,0,0,0,0,0,0.54,0.09,1.43,1.12,0.49,0.41,0,0,0,0,0,0,0,0,1.6,0.41,0.45,-0.09,0,0,0,0,0,0,0,0,0,0,0.67,0.67]},{"duration":15,"offset":18,"vertices":[0.56,0.73,1.47,1.5,2.88,3.45,5.61,3.49,5.07,2.74,3.29,1.74,1.78,1.4,0.81,0.72,0.06,0.34,0,0,2.07,0.89,0.36,-0.14,0,0,0,0,1.17,0.3,1.33,1.33,0.34,0.32,-0.09,0,0,0,0,0,-0.1,-0.14,2.92,1.31,1.61,0.59,0.51,-0.17,0.2,-0.34,0,0,0,0,0,0,0.32,0.77,-0.14,0,0,0,0,0,1.71,1.19,0.63,0.35,0.04]}]},{"name":"d_common_hideui2","slot":"clearscreen_square02","frame":[{"duration":10,"tweenEasing":0},{"tweenEasing":0,"vertices":[4.62,0.55,4.62,0.55,4.62,0.55,4.62,0.55,4.62,0.55,4.62,0.55,4.62,0.55,4.62,0.55,4.62,0.55,4.62,0.55,4.62,0.55,4.62,0.55,4.62,0.55,4.62,0.55,4.62,0.55,4.62,0.55,4.62,0.55,4.62,0.55,4.62,0.55,4.62,0.55,4.62,0.55,4.62,0.55,4.62,0.55,4.62,0.55,4.62,0.55,4.62,0.55,4.62,0.55,4.62,0.55,4.62,0.55,4.62,0.55,4.62,0.55,4.62,0.55,4.62,0.55,4.62,0.55,4.62,0.55]},{"tweenEasing":0,"vertices":[4.85,0.58,4.85,0.58,4.85,0.58,4.85,0.58,4.85,0.58,4.85,0.58,4.92,0.56,5.42,0.19,6.06,-0.37,6.87,-1.19,5.12,0.19,4.85,0.58,4.85,0.58,4.85,0.58,4.85,0.58,4.85,0.58,4.85,0.58,4.85,0.58,4.85,0.58,4.85,0.58,4.85,0.58,4.85,0.58,4.85,0.58,4.85,0.58,4.93,0.49,4.85,0.58,4.85,0.58,4.85,0.58,4.85,0.58,4.85,0.58,4.85,0.58,4.85,0.58,4.85,0.58,4.85,0.58,4.85,0.58]},{"tweenEasing":0,"vertices":[5.31,0.63,5.31,0.63,5.31,0.63,5.31,0.63,5.31,0.63,5.31,0.63,5.53,0.58,6.59,0.19,7.71,-0.17,8.02,-1.66,6.05,-0.47,5.31,0.63,5.31,0.63,5.31,0.63,5.31,0.63,5.31,0.63,5.31,0.63,5.31,0.63,5.31,0.63,5.31,0.63,5.31,0.63,5.31,0.63,5.31,0.63,5.31,0.63,5.56,0.37,5.31,0.63,5.31,0.63,5.31,0.63,5.31,0.63,5.31,0.63,5.31,0.63,5.31,0.63,5.31,0.63,5.31,0.63,5.31,0.63]},{"tweenEasing":0,"vertices":[5.77,0.69,5.77,0.69,5.77,0.69,5.77,0.69,5.77,0.69,5.83,0.57,6.49,0.05,8.06,-0.27,9.09,-0.71,9.56,-2.1,7.19,-0.91,5.97,0.5,5.77,0.69,5.77,0.69,5.77,0.69,5.77,0.69,5.77,0.69,5.77,0.69,5.77,0.69,5.77,0.69,5.77,0.69,5.77,0.69,5.92,0.48,5.77,0.69,6.55,0.05,5.77,0.69,5.77,0.69,5.77,0.69,5.77,0.69,5.77,0.69,5.81,0.62,5.77,0.69,5.77,0.69,5.77,0.69,5.77,0.69]},{"tweenEasing":0,"vertices":[6.24,0.74,6.24,0.74,6.24,0.74,6.24,0.74,6.24,0.74,6.4,0.74,7.74,0.73,9.03,0.02,10.3,-0.88,10.59,-2.57,8.22,-1.11,6.5,0.58,6.24,0.74,6.24,0.74,6.24,0.74,6.24,0.74,6.24,0.74,6.24,0.74,6.24,0.74,6.24,0.74,6.24,0.74,6.24,0.74,7.09,0.5,6.24,0.74,7.54,-0.86,6.24,0.74,6.33,0.87,6.24,0.74,6.24,0.74,6.24,0.74,6.27,0.59,6.28,0.83,6.24,0.75,6.24,0.74,6.24,0.74]},{"duration":15,"vertices":[6.24,0.74,6.24,0.74,6.24,0.74,6.24,0.74,6.24,0.71,6.67,-0.59,8.47,-1.52,10.1,-2,11.58,-2.45,12.27,-3.81,9.81,-1.97,8.18,-0.34,6.45,0.63,6.24,0.74,6.24,0.74,6.24,0.74,6.24,0.74,6.24,0.74,6.24,0.74,6.24,0.74,6.29,0.71,6.24,0.74,9,-0.94,6.24,0.74,9.25,-1.75,6.48,0.62,7.3,-0.04,6.24,0.74,6.24,0.74,6.24,0.74,7.79,-0.16,7.08,0.5,6.41,0.62,6.24,0.74,6.24,0.74]}]},{"name":"d_common_hideui3","slot":"clearscreen_square03","frame":[{"duration":8},{"tweenEasing":0},{"tweenEasing":0,"offset":6,"vertices":[-3.55,0,-0.4,0,-0.4,0,-2.13]},{"duration":5,"tweenEasing":0,"offset":4,"vertices":[-2.75,0,-5.1,0,-2.35,0,-1.94,0,-3.64,0,-0.97,0,0,0,0,0,0,0,0,0,0,0,0,0,0,0,0.41]},{"duration":15,"offset":2,"vertices":[-3.81,0,-8.99,0,-12.31,0,-8.91,0,-8.67,0,-10.69,0,-7.21,0,-3,0,0,0,0,0,0,0,0,0,0,0,-5.75,0,-5.1,0,-0.73,0,0,0,-1.46]}]}]}],"defaultActions":[{"gotoAndPlay":"disable"}]},{"type":"Armature","frameRate":30,"name":"d_common_icon_back","aabb":{"x":-3.87,"y":-4.17,"width":38,"height":38},"bone":[{"name":"root"},{"name":"d_common_icon_back","parent":"root"},{"name":"back_Center","parent":"d_common_icon_back","transform":{"x":15,"y":15}},{"name":"back_arror","parent":"back_Center"},{"name":"back_Move","parent":"back_arror"}],"slot":[{"name":"d_common_icon_back","parent":"back_Move"}],"skin":[{"slot":[{"name":"d_common_icon_back","display":[{"name":"d_common_icon_back","transform":{"x":0.13,"y":-0.17}}]}]}],"animation":[{"duration":0,"name":"disable","slot":[{"name":"d_common_icon_back","colorFrame":[{"duration":0,"value":{"rM":50,"gM":50,"bM":50}}]}]},{"duration":0,"name":"idle"},{"duration":30,"name":"release","bone":[{"name":"back_Move","translateFrame":[{"duration":14,"curve":[0.25,0,0.75,1]},{"duration":6,"curve":[0.25,0,0.75,1],"x":-12},{"duration":10,"curve":[0.324,0.31,0.664,0.66],"x":8.61},{"duration":0}]}],"slot":[{"name":"d_common_icon_back","colorFrame":[{"duration":14,"curve":[0.25,0,0.75,1]},{"duration":6,"value":{"aM":0}},{"duration":10,"curve":[0.25,0,0.75,1],"value":{"aM":0}},{"duration":0}]}]}],"defaultActions":[{"gotoAndPlay":"disable"}]},{"type":"Armature","frameRate":30,"name":"d_common_icon_betlimit_collapse","aabb":{"x":3,"y":3,"width":24,"height":24},"bone":[{"name":"root"},{"name":"d_common_icon_betlimit_collapse","parent":"root"},{"name":"Pull_up_Center","parent":"d_common_icon_betlimit_collapse","transform":{"x":15,"y":15}},{"name":"Pull_Up_Arror","parent":"Pull_up_Center","transform":{"skX":180,"skY":180}}],"slot":[{"name":"Pull_Down_Circle2","parent":"Pull_up_Center"},{"name":"Pull_Down_Arror2","parent":"Pull_Up_Arror"}],"skin":[{"slot":[{"name":"Pull_Down_Arror2","display":[{"name":"d_common_icon_betlimit_expand_circle_arror","transform":{"y":0.5}}]},{"name":"Pull_Down_Circle2","display":[{"name":"d_common_icon_betlimit_expand_circle"}]}]}],"animation":[{"duration":0,"name":"disable","slot":[{"name":"Pull_Down_Arror2","colorFrame":[{"duration":0,"value":{"rM":50,"gM":50,"bM":50}}]},{"name":"Pull_Down_Circle2","colorFrame":[{"duration":0,"value":{"rM":50,"gM":50,"bM":50}}]}]},{"duration":0,"name":"idle"},{"duration":30,"name":"release","bone":[{"name":"Pull_Up_Arror","translateFrame":[{"duration":14,"tweenEasing":0},{"tweenEasing":0,"y":-2.8},{"duration":15,"tweenEasing":0,"y":-3},{"duration":0}],"rotateFrame":[{"duration":14,"tweenEasing":0},{"tweenEasing":0},{"duration":15,"rotate":180}]}],"slot":[{"name":"Pull_Down_Arror2","colorFrame":[{"duration":15,"tweenEasing":0},{"duration":15,"tweenEasing":0,"value":{"aM":0}},{"duration":0}]}]}],"defaultActions":[{"gotoAndPlay":"disable"}]},{"type":"Armature","frameRate":30,"name":"d_common_icon_betlimit_expand","aabb":{"x":3,"y":3,"width":24,"height":24},"bone":[{"name":"root"},{"name":"d_common_icon_betlimit_expand","parent":"root"},{"name":"Pull_Down_Center","parent":"d_common_icon_betlimit_expand","transform":{"x":15,"y":15}},{"name":"Pull_Down_Arror","parent":"Pull_Down_Center"}],"slot":[{"name":"Pull_Down_Circle","parent":"Pull_Down_Center"},{"name":"Pull_Down_Arror","parent":"Pull_Down_Arror"}],"skin":[{"slot":[{"name":"Pull_Down_Arror","display":[{"name":"d_common_icon_betlimit_expand_circle_arror","transform":{"y":0.5}}]},{"name":"Pull_Down_Circle","display":[{"name":"d_common_icon_betlimit_expand_circle"}]}]}],"animation":[{"duration":0,"name":"disable","slot":[{"name":"Pull_Down_Arror","colorFrame":[{"duration":0,"value":{"rM":50,"gM":50,"bM":50}}]},{"name":"Pull_Down_Circle","colorFrame":[{"duration":0,"value":{"rM":50,"gM":50,"bM":50}}]}]},{"duration":0,"name":"idle"},{"duration":30,"name":"release","bone":[{"name":"Pull_Down_Arror","translateFrame":[{"duration":14,"curve":[0.123,0,0.8614999999999999,0.94]},{"curve":[0.176,0.325,0.8435,1],"y":2.93},{"duration":15,"curve":[0.125,0,0.875,1],"y":3},{"duration":0}],"rotateFrame":[{"duration":14,"curve":[0.123,0,0.8614999999999999,0.94]},{"curve":[0.176,0.325,0.8435,1]},{"duration":15,"rotate":180}]}],"slot":[{"name":"Pull_Down_Arror","colorFrame":[{"duration":15,"tweenEasing":0},{"duration":15,"tweenEasing":0,"value":{"aM":0}},{"duration":0}]}]}],"defaultActions":[{"gotoAndPlay":"disable"}]},{"type":"Armature","frameRate":30,"name":"d_common_icon_close","aabb":{"x":1,"y":1,"width":28,"height":28},"bone":[{"name":"root"},{"name":"d_common_icon_close","parent":"root"},{"name":"Cancel_Center","parent":"d_common_icon_close","transform":{"x":15,"y":15}}],"slot":[{"name":"Cancel_White","parent":"Cancel_Center"}],"skin":[{"slot":[{"name":"Cancel_White","display":[{"name":"d_common_icon_close"}]}]}],"animation":[{"duration":0,"name":"disable","slot":[{"name":"Cancel_White","colorFrame":[{"duration":0,"value":{"rM":50,"gM":50,"bM":50}}]}]},{"duration":0,"name":"idle"},{"duration":30,"name":"release"}],"defaultActions":[{"gotoAndPlay":"disable"}]},{"type":"Armature","frameRate":30,"name":"d_common_icon_gameinfo","aabb":{"x":3,"y":3,"width":24,"height":24},"bone":[{"name":"root"},{"name":"d_common_icon_gameinfo","parent":"root"},{"name":"Info_Center","parent":"d_common_icon_gameinfo","transform":{"x":15,"y":15}},{"name":"Info_i","parent":"Info_Center","transform":{"y":6.15}}],"slot":[{"name":"d_common_icon_gameinfo_circle","parent":"Info_Center"},{"name":"d_common_icon_gameinfo_i","parent":"Info_i"}],"skin":[{"slot":[{"name":"d_common_icon_gameinfo_circle","display":[{"name":"d_common_icon_gameinfo_circle"}]},{"name":"d_common_icon_gameinfo_i","display":[{"name":"d_common_icon_gameinfo_i","transform":{"x":0.5,"y":-6.65}}]}]}],"animation":[{"duration":0,"name":"disable","slot":[{"name":"d_common_icon_gameinfo_circle","colorFrame":[{"duration":0,"value":{"rM":50,"gM":50,"bM":50}}]},{"name":"d_common_icon_gameinfo_i","colorFrame":[{"duration":0,"value":{"rM":50,"gM":50,"bM":50}}]}]},{"duration":0,"name":"idle"},{"duration":30,"name":"release","bone":[{"name":"Info_i","scaleFrame":[{"duration":15,"curve":[0.25,0,0.75,1]},{"duration":15,"curve":[0.25,0,0.75,1],"x":1.48,"y":0.82},{"duration":0}]}]}],"defaultActions":[{"gotoAndPlay":"disable"}]},{"type":"Armature","frameRate":30,"name":"d_common_icon_menu","aabb":{"x":-3.5,"y":-1.5,"width":37,"height":33},"bone":[{"name":"root"},{"name":"d_common_icon_menu","parent":"root"},{"name":"menu","parent":"d_common_icon_menu","transform":{"x":15,"y":15}},{"name":"menu01","parent":"menu","transform":{"x":-15.3,"y":-11.33}},{"name":"menu02","parent":"menu","transform":{"x":-15.3,"y":-0.18}},{"name":"menu03","parent":"menu","transform":{"x":-15.3,"y":10.91}}],"slot":[{"name":"menu03","parent":"menu03"},{"name":"menu02","parent":"menu02"},{"name":"menu01","parent":"menu01"}],"skin":[{"slot":[{"name":"menu01","display":[{"name":"d_common_icon_menu_1","transform":{"x":15.3,"y":0.33}}]},{"name":"menu03","display":[{"name":"d_common_icon_menu_3","transform":{"x":15.3,"y":0.09}}]},{"name":"menu02","display":[{"name":"d_common_icon_menu_2","transform":{"x":15.3,"y":0.18}}]}]}],"animation":[{"duration":0,"name":"disable","slot":[{"name":"menu01","colorFrame":[{"duration":0,"value":{"rM":50,"gM":50,"bM":50}}]},{"name":"menu02","colorFrame":[{"duration":0,"value":{"rM":50,"gM":50,"bM":50}}]},{"name":"menu03","colorFrame":[{"duration":0,"value":{"rM":50,"gM":50,"bM":50}}]}]},{"duration":0,"name":"idle"},{"duration":30,"name":"release","bone":[{"name":"menu03","scaleFrame":[{"duration":5,"tweenEasing":0},{"duration":13,"tweenEasing":0},{"duration":12,"tweenEasing":0,"x":0.14},{"duration":0}]},{"name":"menu02","scaleFrame":[{"duration":5,"tweenEasing":0},{"duration":7,"tweenEasing":0},{"duration":12,"tweenEasing":0,"x":0.14},{"duration":6}]},{"name":"menu01","scaleFrame":[{"duration":5,"tweenEasing":0},{"tweenEasing":0},{"duration":12,"tweenEasing":0,"x":0.14},{"duration":12}]}],"slot":[{"name":"menu01","colorFrame":[{"duration":5,"tweenEasing":0},{"value":{"aM":0}},{"duration":12,"tweenEasing":0,"value":{"aM":0}},{"duration":12}]},{"name":"menu02","colorFrame":[{"duration":5,"tweenEasing":0},{"duration":7,"value":{"aM":0}},{"duration":12,"tweenEasing":0,"value":{"aM":0}},{"duration":6}]},{"name":"menu03","colorFrame":[{"duration":5,"tweenEasing":0},{"duration":13,"value":{"aM":0}},{"duration":12,"tweenEasing":0,"value":{"aM":0}},{"duration":0}]}]}],"defaultActions":[{"gotoAndPlay":"disable"}]},{"type":"Armature","frameRate":30,"name":"d_common_icon_news_Group","aabb":{"x":3,"y":3,"width":24,"height":24},"bone":[{"name":"root"},{"name":"d_common_icon_news_Group","parent":"root"},{"name":"Wifi_Center","parent":"d_common_icon_news_Group","transform":{"x":15,"y":15}}],"slot":[{"name":"Wifi_1","parent":"Wifi_Center"},{"name":"Wifi_2","parent":"Wifi_Center"},{"name":"Wifi_3","parent":"Wifi_Center"}],"skin":[{"slot":[{"name":"Wifi_1","display":[{"type":"mesh","name":"d_common_icon_news","width":24,"height":24,"vertices":[-4.91,4.86,-3.13,12,-12,12,-12,3.68],"uvs":[0.29552,0.70242,0.36939,1,0,1,0,0.65317],"triangles":[0,2,1,3,2,0],"edges":[2,1,1,0,0,3,3,2],"userEdges":[]}]},{"name":"Wifi_2","display":[{"type":"mesh","name":"d_common_icon_news","width":24,"height":24,"vertices":[1.2,-1.05,6.32,12,-1.56,12,-4.91,4.86,-12,2.69,-12,-6.37],"uvs":[0.54997,0.45617,0.76339,1,0.43506,1,0.29552,0.70241,0,0.61212,0,0.23454],"triangles":[3,2,0,0,2,1,5,3,0,5,4,3],"edges":[4,3,3,2,2,1,1,0,0,5,5,4],"userEdges":[]}]},{"name":"Wifi_3","display":[{"type":"mesh","name":"d_common_icon_news","width":24,"height":24,"vertices":[12,12,6.52,12,1,-1.45,-12,-6.57,-12,-12,12,-12],"uvs":[1,1,0.7716,1,0.54176,0.43975,0,0.22633,0,0,1,0],"triangles":[4,2,5,5,2,0,2,1,0,4,3,2],"edges":[3,2,2,1,1,0,0,5,5,4,4,3],"userEdges":[]}]}]}],"animation":[{"duration":0,"name":"disable","slot":[{"name":"Wifi_1","colorFrame":[{"duration":0,"value":{"rM":52,"gM":52,"bM":52}}]},{"name":"Wifi_2","colorFrame":[{"duration":0,"value":{"rM":52,"gM":52,"bM":52}}]},{"name":"Wifi_3","colorFrame":[{"duration":0,"value":{"rM":52,"gM":52,"bM":52}}]}]},{"duration":0,"name":"idle"},{"duration":30,"name":"release","slot":[{"name":"Wifi_1","colorFrame":[{"duration":5,"tweenEasing":0},{"value":{"aM":0}},{"duration":8,"tweenEasing":0,"value":{"aM":0}},{"duration":16}]},{"name":"Wifi_2","colorFrame":[{"duration":5,"tweenEasing":0},{"duration":9,"value":{"aM":0}},{"duration":8,"tweenEasing":0,"value":{"aM":0}},{"duration":8}]},{"name":"Wifi_3","colorFrame":[{"duration":5,"tweenEasing":0},{"duration":17,"value":{"aM":0}},{"duration":8,"tweenEasing":0,"value":{"aM":0}},{"duration":0}]}]}],"defaultActions":[{"gotoAndPlay":"disable"}]},{"type":"Armature","frameRate":30,"name":"d_common_icon_time","aabb":{"x":3,"y":3,"width":24,"height":24},"bone":[{"name":"root"},{"name":"d_common_icon_time","parent":"root"},{"name":"Time_Center","parent":"d_common_icon_time","transform":{"x":15,"y":15}},{"length":3,"name":"Hour","parent":"Time_Center","transform":{"y":0.53,"skX":180,"skY":180}},{"length":8,"name":"Minute","parent":"Time_Center","transform":{"y":0.53,"skX":-90,"skY":-90}}],"slot":[{"name":"Time_Circle","parent":"Time_Center"},{"name":"Time_Hour","parent":"Hour"},{"name":"Time_Minute","parent":"Minute"}],"skin":[{"slot":[{"name":"Time_Circle","display":[{"name":"d_common_icon_time_circle"}]},{"name":"Time_Hour","display":[{"name":"d_common_icon_time_1","transform":{"x":3,"y":0.03,"skX":180,"skY":180}}]},{"name":"Time_Minute","display":[{"name":"d_common_icon_time_2","transform":{"x":4.03,"skX":90,"skY":90}}]}]}],"animation":[{"duration":0,"name":"disable","slot":[{"name":"Time_Circle","colorFrame":[{"duration":0,"value":{"rM":52,"gM":52,"bM":52}}]},{"name":"Time_Hour","colorFrame":[{"duration":0,"value":{"rM":52,"gM":52,"bM":52}}]},{"name":"Time_Minute","colorFrame":[{"duration":0,"value":{"rM":52,"gM":52,"bM":52}}]}]},{"duration":0,"name":"idle"},{"duration":30,"name":"release","bone":[{"name":"Minute","rotateFrame":[{"duration":15,"tweenEasing":0},{"duration":15,"tweenEasing":0,"rotate":180},{"duration":0}]}]}],"defaultActions":[{"gotoAndPlay":"disable"}]},{"type":"Armature","frameRate":30,"name":"d_common_showui","aabb":{"x":-4,"y":-4,"width":68,"height":68},"bone":[{"name":"root"},{"name":"d_common_showui","parent":"root"},{"name":"clearscreen2","parent":"d_common_showui","transform":{"x":30,"y":30}},{"name":"clearscreen_square3","parent":"clearscreen2","transform":{"x":9.98,"y":-2.48}},{"name":"clearscreen_square2","parent":"clearscreen2","transform":{"x":-8.96,"y":7.39}},{"name":"clearscreen_square1","parent":"clearscreen2","transform":{"x":-8.96,"y":-7.55}},{"name":"clearscreen_square4","parent":"clearscreen2"}],"slot":[{"name":"clearscreen_bg2","parent":"clearscreen2"},{"name":"clearscreen_square2","parent":"clearscreen_square2"},{"name":"clearscreen_square1","parent":"clearscreen_square1"},{"name":"clearscreen_square4","parent":"clearscreen_square3"},{"name":"clearscreen_square5","parent":"clearscreen_square4","color":{"aM":0}},{"name":"clearscreen_border2","parent":"clearscreen2"}],"skin":[{"slot":[{"name":"clearscreen_square2","display":[{"type":"mesh","name":"d_common_hideui2","width":25,"height":20,"vertices":[8.69,-2.76,8.69,-0.21,8.69,2.86,8.69,6.41,3.72,6.64,0.69,6.58,-2.19,6.53,-4.79,6.48,-7.11,6.41,-9.92,6.33,-9.9,3.01,-9.88,0,-9.86,-2.6,-9.84,-6.73,-7.22,-6.97,-4.87,-7.2,-2.1,-7.17,0.63,-7.14,3.47,-7.12,8.69,-7.04,-4.84,-2.68,3.55,-2.84,-4.81,2.86,3.66,2.93,-7.03,2.93,-7.11,-2.65,-2.11,2.88,-2.2,-2.73,0.78,2.91,0.69,-2.78,-7.07,-0.04,-4.83,-0.16,-2.16,-0.16,0.73,-0.12,3.6,-0.08],"uvs":[0.86896,0.3818,0.86896,0.50923,0.86896,0.6626,0.86896,0.8401,0.6705,0.8518,0.54913,0.84888,0.43398,0.84611,0.32994,0.8436,0.2371,0.84025,0.1248,0.8362,0.12559,0.67031,0.12631,0.51989,0.12693,0.3895,0.12792,0.1833,0.23253,0.171,0.32682,0.15991,0.43732,0.1612,0.54654,0.16247,0.6605,0.1638,0.86896,0.1677,0.32785,0.38568,0.66361,0.37779,0.32911,0.66259,0.6678,0.66643,0.24043,0.66596,0.23721,0.38741,0.4372,0.66382,0.43365,0.3832,0.55258,0.66513,0.54928,0.38048,0.23871,0.51756,0.32842,0.51148,0.43528,0.51155,0.55082,0.51346,0.66561,0.51576],"triangles":[18,21,19,23,4,3,23,3,2,34,23,2,34,2,1,19,21,0,34,1,0,21,34,0,28,5,23,29,33,21,23,5,4,28,23,34,33,28,34,21,33,34,29,21,18,17,29,18,32,26,33,16,27,29,32,33,29,27,32,29,33,26,28,16,29,17,28,26,5,26,6,5,15,20,27,20,31,27,27,31,32,31,22,32,32,22,26,22,7,26,15,27,16,26,7,6,25,30,31,24,8,7,31,30,22,30,24,22,24,7,22,25,31,20,15,14,20,14,25,20,12,11,30,30,11,24,11,10,24,24,10,8,10,9,8,12,30,25,14,13,25,13,12,25],"edges":[9,8,8,7,7,6,6,5,5,4,4,3,3,2,2,1,1,0,0,19,19,18,18,17,17,16,16,15,15,14,14,13,13,12,12,11,11,10,10,9],"userEdges":[20,15,21,18,21,0,7,22,4,23,23,2,10,24,24,22,8,24,12,25,25,20,25,14,22,26,6,26,20,27,27,16,23,28,28,26,5,28,21,29,29,27,29,17,24,30,30,25,11,30,20,31,31,22,30,31,26,32,32,27,31,32,28,33,33,29,32,33,21,34,34,23,33,34,34,1]}]},{"name":"clearscreen_square1","display":[{"type":"mesh","name":"d_common_hideui1","width":25,"height":20,"vertices":[8.81,0.39,8.79,4.82,8.22,6.35,6.4,7.4,2.08,7.48,-1.34,7.43,-4.55,7.4,-7.1,7.32,-9.77,7.25,-9.87,3.48,-9.89,0.54,-9.95,-3.3,-9.52,-6,-6.57,-6.49,-2.79,-6.43,-0.17,-6.44,2.59,-6.33,5.68,-6.28,8.94,-6.23,-5.64,-3.1,-2.63,-0.88,1.05,1.57,5.13,4.32,-4.26,-2.08,-7.73,-1.14,-6.26,-0.01,-4.49,1.43,-1.37,4.15,-2.97,2.75,-0.7,0.4,-4.16,-4.83,-2.55,-3.9,-0.78,-2.81,1.12,-1.51,3.17,-0.52,6.99,2.33,3.41,6.1,-8.19,1.84,-6.39,3.64,-4.88,4.82,-3.26,6.14,-0.86,-5.71,0.86,-4.53,2.89,-3.36,4.93,-2.27],"uvs":[0.87377,0.49178,0.87295,0.71354,0.85031,0.78966,0.77756,0.84205,0.60491,0.8461,0.46794,0.84401,0.33967,0.84205,0.23755,0.83853,0.13056,0.83485,0.12668,0.64621,0.12588,0.4993,0.12336,0.30745,0.14089,0.17228,0.2586,0.14775,0.40972,0.1506,0.51487,0.15018,0.62511,0.15582,0.74878,0.15817,0.87916,0.16065,0.29589,0.31729,0.41615,0.42815,0.56359,0.55078,0.72667,0.68852,0.3511,0.36819,0.21249,0.41546,0.27093,0.47189,0.34183,0.54355,0.46672,0.67986,0.40276,0.60977,0.49333,0.49234,0.35524,0.23088,0.41952,0.27711,0.49024,0.33159,0.56631,0.39688,0.64818,0.4462,0.80111,0.58895,0.6579,0.77753,0.19378,0.56438,0.26611,0.65454,0.32641,0.71318,0.39097,0.77925,0.48723,0.18698,0.5561,0.24576,0.63717,0.30417,0.71883,0.35886],"triangles":[17,44,18,18,44,0,44,35,0,35,22,1,0,35,1,1,22,2,22,3,2,34,22,35,44,34,35,43,44,17,36,4,3,22,36,3,16,43,17,21,36,22,34,21,22,43,34,44,16,42,43,43,33,34,27,4,36,21,27,36,33,21,34,42,33,43,15,42,16,27,5,4,32,29,33,15,41,42,32,33,42,33,29,21,29,27,21,41,32,42,28,27,29,32,20,29,27,40,5,31,32,41,14,41,15,20,28,29,14,31,41,40,6,5,31,20,32,26,28,20,23,20,31,28,40,27,23,26,20,28,39,40,14,30,31,30,23,31,39,6,40,25,26,23,13,30,14,30,19,23,26,39,28,38,39,26,13,19,30,39,7,6,19,25,23,25,38,26,19,24,25,37,38,25,38,7,39,11,24,19,13,12,19,12,11,19,24,37,25,37,9,38,10,37,24,11,10,24,10,9,37,7,8,38,9,8,38],"edges":[11,10,10,9,9,8,8,7,7,6,6,5,5,4,4,3,3,2,2,1,1,0,0,18,18,17,17,16,16,15,15,14,14,13,13,12,12,11],"userEdges":[12,19,21,22,22,2,19,23,23,20,10,24,24,19,11,24,25,23,24,25,26,20,25,26,27,21,26,28,28,27,20,29,29,21,28,29,14,30,30,19,13,30,31,23,30,31,32,20,31,32,33,29,32,33,34,21,33,34,0,35,35,22,34,35,35,1,4,36,36,22,27,36,36,3,9,37,37,25,10,37,8,38,38,26,37,38,7,39,39,28,38,39,6,40,40,27,39,40,40,5,15,41,41,31,14,41,16,42,42,32,41,42,17,43,43,33,42,43,18,44,44,34,43,44,44,0]}]},{"name":"clearscreen_square4","display":[{"type":"mesh","name":"d_common_hideui3","width":24,"height":30,"vertices":[-4.15,-11.86,-0.1,-11.84,4.35,-11.82,8.89,-11.8,8.92,-3.46,8.94,3.67,8.97,12.83,4.51,12.81,0.3,12.79,-4.24,12.77,-8.52,12.74,-9.17,3.83,-9.09,-3.46,-8.69,-11.88,4.41,-3.46,4.45,3.67,0.14,3.76,-4.2,3.83,0.04,-3.38,-4.18,-3.38],"uvs":[0.326,0.0886,0.49469,0.08921,0.68032,0.08988,0.86946,0.09056,0.87059,0.36847,0.87151,0.60603,0.87283,0.91135,0.68706,0.91069,0.51152,0.91006,0.32249,0.90938,0.14384,0.90865,0.11684,0.61146,0.12021,0.36847,0.13709,0.08786,0.68261,0.36849,0.68442,0.60606,0.50496,0.60911,0.32387,0.61142,0.50046,0.37104,0.32479,0.37113],"triangles":[2,14,3,3,14,4,14,15,4,4,15,5,7,6,5,15,7,5,16,8,15,14,18,15,18,16,15,15,8,7,18,14,2,1,18,2,18,19,16,19,17,16,9,8,16,17,9,16,19,18,1,0,19,1,11,10,17,17,10,9,11,17,19,12,11,19,0,13,19,13,12,19],"edges":[11,10,10,9,9,8,8,7,7,6,6,5,5,4,4,3,3,2,2,1,1,0,0,13,13,12,12,11],"userEdges":[2,14,4,14,7,15,15,14,5,15,16,8,15,16,17,9,16,17,1,18,18,16,14,18,0,19,19,17,18,19,19,12,17,11,19,13,17,10]}]},{"name":"clearscreen_square5","display":[{"type":"mesh","name":"d_common_hideui3","width":24,"height":30,"vertices":[19.04,-8.44,19.04,6.63,19.04,14.19,10.65,14.19,-10.08,14.19,-18.26,14.19,-18.26,6.34,-18.26,-8.44,-18.26,-15.81,-9.96,-15.81,10.65,-15.81,19.04,-15.81,-9.99,-8.34,10.65,-8.44,10.65,6.34,-10.05,6.34],"uvs":[1,0.24569,1,0.74809,1,1,0.65041,1,0.34066,1,0,1,0,0.73849,0,0.24569,0,0,0.34558,0,0.65041,0,1,0,0.34436,0.24893,0.65041,0.24569,0.65041,0.73849,0.34195,0.7384],"triangles":[13,14,0,11,10,0,10,13,0,0,14,1,14,3,1,1,3,2,12,15,14,12,14,13,9,12,13,9,13,10,14,15,3,15,4,3,7,6,12,12,6,15,7,12,9,8,7,9,15,6,4,6,5,4],"edges":[5,4,4,3,3,2,2,1,1,0,0,11,11,10,10,9,9,8,8,7,7,6,6,5],"userEdges":[12,9,13,10,12,13,3,14,14,13,4,15,15,12,14,15,15,6,14,1,13,0,12,7]}]},{"name":"clearscreen_border2","display":[{"name":"d_common_hideui_bg_border","transform":{"scX":1.022,"scY":1.022}}]},{"name":"clearscreen_bg2","display":[{"name":"d_common_hideui_bg"}]}]}],"animation":[{"duration":0,"name":"disable","slot":[{"name":"clearscreen_square1","colorFrame":[{"duration":0,"value":{"rM":50,"gM":50,"bM":50}}]},{"name":"clearscreen_square2","colorFrame":[{"duration":0,"value":{"rM":50,"gM":50,"bM":50}}]},{"name":"clearscreen_square4","colorFrame":[{"duration":0,"value":{"rM":50,"gM":50,"bM":50}}]}]},{"duration":0,"name":"idle","bone":[{"name":"clearscreen_square1","translateFrame":[{"duration":0,"x":-2.55,"y":-14.79}]},{"name":"clearscreen_square2","translateFrame":[{"duration":0,"x":-11.18,"y":12.48}]},{"name":"clearscreen_square3","translateFrame":[{"duration":0,"x":18.46}]}],"slot":[{"name":"clearscreen_square1","colorFrame":[{"duration":0,"value":{"aM":8}}]},{"name":"clearscreen_square2","colorFrame":[{"duration":0,"value":{"aM":8}}]},{"name":"clearscreen_square4","colorFrame":[{"duration":0,"value":{"aM":8}}]},{"name":"clearscreen_square5","colorFrame":[{"duration":0}]}],"ffd":[{"name":"d_common_hideui1","slot":"clearscreen_square1","frame":[{"duration":0,"offset":18,"vertices":[0.56,0.73,1.47,1.5,2.88,3.45,5.61,3.49,5.07,2.74,3.29,1.74,1.78,1.4,0.81,0.72,0.06,0.34,0,0,2.07,0.89,0.36,-0.14,0,0,0,0,1.17,0.3,1.33,1.33,0.34,0.32,-0.09,0,0,0,0,0,-0.1,-0.14,2.92,1.31,1.61,0.59,0.51,-0.17,0.2,-0.34,0,0,0,0,0,0,0.32,0.77,-0.14,0,0,0,0,0,1.71,1.19,0.63,0.35,0.04]}]},{"name":"d_common_hideui2","slot":"clearscreen_square2","frame":[{"duration":0,"vertices":[6.24,0.74,6.24,0.74,6.24,0.74,6.24,0.74,6.24,0.71,6.67,-0.59,8.47,-1.52,10.1,-2,11.58,-2.45,12.27,-3.81,9.81,-1.97,8.18,-0.34,6.45,0.63,6.24,0.74,6.24,0.74,6.24,0.74,6.24,0.74,6.24,0.74,6.24,0.74,6.24,0.74,6.29,0.71,6.24,0.74,9,-0.94,6.24,0.74,9.25,-1.75,6.48,0.62,7.3,-0.04,6.24,0.74,6.24,0.74,6.24,0.74,7.79,-0.16,7.08,0.5,6.41,0.62,6.24,0.74,6.24,0.74]}]},{"name":"d_common_hideui3","slot":"clearscreen_square4","frame":[{"duration":0,"offset":2,"vertices":[-3.81,0,-8.99,0,-12.31,0,-8.91,0,-8.67,0,-10.69,0,-7.21,0,-3,0,0,0,0,0,0,0,0,0,0,0,-5.75,0,-5.1,0,-0.73,0,0,0,-1.46]}]}]},{"duration":30,"name":"release","bone":[{"name":"clearscreen_square1","translateFrame":[{"duration":15,"tweenEasing":0,"x":-2.55,"y":-14.79},{"duration":15}]},{"name":"clearscreen_square2","translateFrame":[{"duration":15,"tweenEasing":0,"x":-11.18,"y":12.48},{"duration":15}]},{"name":"clearscreen_square3","translateFrame":[{"duration":15,"tweenEasing":0,"x":18.46},{"duration":15}]},{"name":"clearscreen_square4","scaleFrame":[{"duration":10,"tweenEasing":0},{"duration":20,"x":0.57,"y":0.57}]}],"slot":[{"name":"clearscreen_square1","colorFrame":[{"duration":15,"tweenEasing":0,"value":{"aM":8}},{"duration":15}]},{"name":"clearscreen_square2","colorFrame":[{"duration":15,"tweenEasing":0,"value":{"aM":8}},{"duration":15}]},{"name":"clearscreen_square4","colorFrame":[{"duration":15,"tweenEasing":0,"value":{"aM":8}},{"duration":15}]},{"name":"clearscreen_square5","colorFrame":[{"duration":20,"tweenEasing":0},{"duration":10,"value":{"aM":0}}]}],"ffd":[{"name":"d_common_hideui1","slot":"clearscreen_square1","frame":[{"tweenEasing":0,"offset":18,"vertices":[0.56,0.73,1.47,1.5,2.88,3.45,5.61,3.49,5.07,2.74,3.29,1.74,1.78,1.4,0.81,0.72,0.06,0.34,0,0,2.07,0.89,0.36,-0.14,0,0,0,0,1.17,0.3,1.33,1.33,0.34,0.32,-0.09,0,0,0,0,0,-0.1,-0.14,2.92,1.31,1.61,0.59,0.51,-0.17,0.2,-0.34,0,0,0,0,0,0,0.32,0.77,-0.14,0,0,0,0,0,1.71,1.19,0.63,0.35,0.04]},{"duration":2,"tweenEasing":0,"offset":18,"vertices":[0.94,0.76,1.7,1.42,3.02,3.19,4.44,3.1,3.5,1.8,1.71,0.39,0,0,0,0,0,0,0,0,1.33,0.75,0,0,0,0,0,0,0.54,0.09,1.43,1.12,0.49,0.41,0,0,0,0,0,0,0,0,1.6,0.41,0.45,-0.09,0,0,0,0,0,0,0,0,0,0,0.67,0.67]},{"duration":2,"tweenEasing":0,"offset":20,"vertices":[0.8,1.05,1.41,3.4,3.55,2.48,3.23,0.76,0.54,0.09,0,0,0,0,0,0,0,0,0.41,0.09,0,0,0,0,0,0,0,0,0.58,0.54,0,0,0,0,0,0,0,0,0,0,0.63]},{"tweenEasing":0,"offset":20,"vertices":[0.09,0.36,0.65,3.05,2.97,2.15,2.72,0.28]},{"duration":2,"tweenEasing":0,"offset":22,"vertices":[0.22,2.32,2.03,1.65,0.75,0.22]},{"duration":22}]},{"name":"d_common_hideui2","slot":"clearscreen_square2","frame":[{"tweenEasing":0,"vertices":[6.24,0.74,6.24,0.74,6.24,0.74,6.24,0.74,6.24,0.71,6.67,-0.59,8.47,-1.52,10.1,-2,11.58,-2.45,12.27,-3.81,9.81,-1.97,8.18,-0.34,6.45,0.63,6.24,0.74,6.24,0.74,6.24,0.74,6.24,0.74,6.24,0.74,6.24,0.74,6.24,0.74,6.29,0.71,6.24,0.74,9,-0.94,6.24,0.74,9.25,-1.75,6.48,0.62,7.3,-0.04,6.24,0.74,6.24,0.74,6.24,0.74,7.79,-0.16,7.08,0.5,6.41,0.62,6.24,0.74,6.24,0.74]},{"tweenEasing":0,"vertices":[6.24,0.74,6.24,0.74,6.24,0.74,6.24,0.74,6.24,0.74,6.4,0.74,7.74,0.73,9.03,0.02,10.3,-0.88,10.59,-2.57,8.22,-1.11,6.5,0.58,6.24,0.74,6.24,0.74,6.24,0.74,6.24,0.74,6.24,0.74,6.24,0.74,6.24,0.74,6.24,0.74,6.24,0.74,6.24,0.74,7.09,0.5,6.24,0.74,7.54,-0.86,6.24,0.74,6.33,0.87,6.24,0.74,6.24,0.74,6.24,0.74,6.27,0.59,6.28,0.83,6.24,0.75,6.24,0.74,6.24,0.74]},{"tweenEasing":0,"vertices":[5.77,0.69,5.77,0.69,5.77,0.69,5.77,0.69,5.77,0.69,5.83,0.57,6.49,0.05,8.06,-0.27,9.09,-0.71,9.56,-2.1,7.19,-0.91,5.97,0.5,5.77,0.69,5.77,0.69,5.77,0.69,5.77,0.69,5.77,0.69,5.77,0.69,5.77,0.69,5.77,0.69,5.77,0.69,5.77,0.69,5.92,0.48,5.77,0.69,6.55,0.05,5.77,0.69,5.77,0.69,5.77,0.69,5.77,0.69,5.77,0.69,5.81,0.62,5.77,0.69,5.77,0.69,5.77,0.69,5.77,0.69]},{"tweenEasing":0,"vertices":[5.31,0.63,5.31,0.63,5.31,0.63,5.31,0.63,5.31,0.63,5.31,0.63,5.53,0.58,6.59,0.19,7.71,-0.17,8.02,-1.66,6.05,-0.47,5.31,0.63,5.31,0.63,5.31,0.63,5.31,0.63,5.31,0.63,5.31,0.63,5.31,0.63,5.31,0.63,5.31,0.63,5.31,0.63,5.31,0.63,5.31,0.63,5.31,0.63,5.56,0.37,5.31,0.63,5.31,0.63,5.31,0.63,5.31,0.63,5.31,0.63,5.31,0.63,5.31,0.63,5.31,0.63,5.31,0.63,5.31,0.63]},{"curve":[0,0.25,1,0.75],"vertices":[4.85,0.58,4.85,0.58,4.85,0.58,4.85,0.58,4.85,0.58,4.85,0.58,4.92,0.56,5.42,0.19,6.06,-0.37,6.87,-1.19,5.12,0.19,4.85,0.58,4.85,0.58,4.85,0.58,4.85,0.58,4.85,0.58,4.85,0.58,4.85,0.58,4.85,0.58,4.85,0.58,4.85,0.58,4.85,0.58,4.85,0.58,4.85,0.58,4.93,0.49,4.85,0.58,4.85,0.58,4.85,0.58,4.85,0.58,4.85,0.58,4.85,0.58,4.85,0.58,4.85,0.58,4.85,0.58,4.85,0.58]},{"duration":10,"tweenEasing":0,"vertices":[4.62,0.55,4.62,0.55,4.62,0.55,4.62,0.55,4.62,0.55,4.62,0.55,4.62,0.55,4.62,0.55,4.62,0.55,4.62,0.55,4.62,0.55,4.62,0.55,4.62,0.55,4.62,0.55,4.62,0.55,4.62,0.55,4.62,0.55,4.62,0.55,4.62,0.55,4.62,0.55,4.62,0.55,4.62,0.55,4.62,0.55,4.62,0.55,4.62,0.55,4.62,0.55,4.62,0.55,4.62,0.55,4.62,0.55,4.62,0.55,4.62,0.55,4.62,0.55,4.62,0.55,4.62,0.55,4.62,0.55]},{"duration":15}]},{"name":"d_common_hideui3","slot":"clearscreen_square4","frame":[{"duration":5,"tweenEasing":0,"offset":2,"vertices":[-3.81,0,-8.99,0,-12.31,0,-8.91,0,-8.67,0,-10.69,0,-7.21,0,-3,0,0,0,0,0,0,0,0,0,0,0,-5.75,0,-5.1,0,-0.73,0,0,0,-1.46]},{"tweenEasing":0,"offset":4,"vertices":[-2.75,0,-5.1,0,-2.35,0,-1.94,0,-3.64,0,-0.97,0,0,0,0,0,0,0,0,0,0,0,0,0,0,0,0.41]},{"tweenEasing":0,"offset":6,"vertices":[-3.55,0,-0.4,0,-0.4,0,-2.13]},{"duration":23}]}]}],"defaultActions":[{"gotoAndPlay":"disable"}]},{"type":"Armature","frameRate":30,"name":"d_common_gamesetting_sound_off","aabb":{"x":-0.99,"y":2,"width":26,"height":27},"bone":[{"name":"root"},{"name":"d_common_gamesetting_sound_off","parent":"root"},{"name":"Sound_Center2","parent":"d_common_gamesetting_sound_off","transform":{"x":15,"y":15}},{"name":"Sound_On2","parent":"Sound_Center2"},{"name":"Sound_On_Line2","parent":"Sound_Center2"},{"length":31,"name":"Sound_Off_Line2","parent":"Sound_On2","transform":{"x":-14.08,"y":-10.26,"skX":45.19,"skY":45.19}}],"slot":[{"displayIndex":1,"name":"Sound_On2","parent":"Sound_On2"},{"name":"Sound_On_Line2","parent":"Sound_On_Line2"},{"name":"Sound_Off_Line2","parent":"Sound_Off_Line2"}],"skin":[{"slot":[{"name":"Sound_Off_Line2","display":[{"name":"d_common_gamesetting_sound_off_line","transform":{"x":15.8,"y":0.07,"skX":-45.19,"skY":-45.19}}]},{"name":"Sound_On2","display":[{"type":"mesh","name":"d_common_gamesetting_sound_on","width":19,"height":26,"vertices":[5,5.83,5,12.11,5,13,-14,13,-14,-6.46,-14,-13,5,-13,-3.02,-2.12,-6.21,1.16,-5.08,2.25,-1.88,-0.99],"uvs":[0.99999,0.72417,1,0.96567,1,1,0,1,0,0.25168,0,0,1,0,0.57798,0.41856,0.4102,0.54456,0.46921,0.58669,0.63781,0.46189],"triangles":[5,7,6,7,10,6,3,2,1,9,3,1,9,1,0,10,9,0,6,10,0,5,4,7,7,8,10,8,9,10,4,8,7,8,3,9,4,3,8],"edges":[3,2,2,1,1,0,0,6,6,5,5,4,4,3],"userEdges":[7,5,8,4,7,8,1,9,9,8,0,10,10,7,9,10]},{"type":"mesh","name":"d_common_gamesetting_sound_on2","width":19,"height":26,"path":"d_common_gamesetting_sound_on","vertices":[5,5.83,5,12.11,5,13,-14,13,-14,-6.46,-6.21,1.16,-3.02,-2.12,-14,-13,5,-13,-5.08,2.25,-1.88,-0.99],"uvs":[0.99999,0.72417,1,0.96567,1,1,0,1,0,0.25168,0.4102,0.54456,0.57798,0.41856,0,0,1,0,0.46921,0.58669,0.63781,0.46189],"triangles":[7,6,8,6,10,8,10,9,0,8,10,0,0,9,1,9,3,1,1,3,2,6,5,10,5,9,10,5,3,9,4,3,5],"edges":[3,2,2,1,1,0,0,8,8,7,7,6,6,5,5,4,4,3],"userEdges":[1,9,9,5,0,10,10,6,9,10]},{"type":"mesh","name":"d_common_gamesetting_sound_on3","width":19,"height":26,"path":"d_common_gamesetting_sound_on","vertices":[5,5.83,-1.88,-0.99,-5.08,2.25,5,12.11,5,13,-14,13,-14,-6.46,-6.21,1.16,-3.02,-2.12,-14,-13,5,-13],"uvs":[0.99999,0.72417,0.63781,0.46189,0.46921,0.58669,1,0.96567,1,1,0,1,0,0.25168,0.4102,0.54456,0.57798,0.41856,0,0,1,0],"triangles":[2,5,3,3,5,4,9,8,10,8,1,10,10,1,0,8,7,1,7,2,1,7,5,2,6,5,7],"edges":[5,4,4,3,3,2,2,1,1,0,0,10,10,9,9,8,8,7,7,6,6,5],"userEdges":[2,7,1,8]}]},{"name":"Sound_On_Line2","display":[{"type":"mesh","name":"d_common_gamesetting_sound_on_line","width":5,"height":14,"vertices":[14,7,9,7,9,-7,14,-7],"uvs":[1,1,0,1,0,0,1,0],"triangles":[1,0,3,2,1,3],"edges":[1,0,0,3,3,2,2,1],"userEdges":[]}]}]}],"animation":[{"duration":0,"name":"disable","slot":[{"name":"Sound_Off_Line2","colorFrame":[{"duration":0,"value":{"rM":50,"gM":50,"bM":50}}]},{"name":"Sound_On2","displayFrame":[{"duration":0}],"colorFrame":[{"duration":0,"value":{"rM":50,"gM":50,"bM":50}}]},{"name":"Sound_On_Line2","colorFrame":[{"duration":0,"value":{"rM":50,"gM":50,"bM":50}}]}]},{"duration":0,"name":"idle","bone":[{"name":"Sound_Off_Line2","scaleFrame":[{"duration":0,"x":0.04}]}],"slot":[{"name":"Sound_Off_Line2","colorFrame":[{"duration":0,"value":{"aM":0}}]},{"name":"Sound_On2","displayFrame":[{"duration":0}]}]},{"duration":30,"name":"refresh","bone":[{"name":"Sound_Center2","scaleFrame":[{"duration":15,"curve":[0.25,0,0.75,1]},{"duration":15,"curve":[0.25,0,0.75,1],"x":0.9,"y":0.9},{"duration":0}]}],"slot":[{"name":"Sound_Off_Line2","colorFrame":[{"duration":30,"value":{"aM":0}}]},{"name":"Sound_On2","displayFrame":[{"duration":30}]},{"name":"Sound_On_Line2","colorFrame":[{"duration":10,"curve":[0.25,0,0.75,1]},{"duration":6,"value":{"aM":0}},{"duration":14,"curve":[0.25,0,0.75,1],"value":{"aM":0}},{"duration":0}]}],"ffd":[{"name":"d_common_gamesetting_sound_on_line","slot":"Sound_On_Line2","frame":[{"duration":15},{"curve":[0.25,0,0.75,1]},{"duration":14,"curve":[0.25,0,0.75,1],"vertices":[-8.51,0,-8.51,0,-8.51,0,-8.51]},{"duration":0}]}]},{"duration":30,"name":"release","slot":[{"name":"Sound_Off_Line2","colorFrame":[{"duration":30,"value":{"aM":0}}]},{"name":"Sound_On2","displayFrame":[{"duration":30}]}]},{"duration":30,"name":"switch_to_off","bone":[{"name":"Sound_On2","translateFrame":[{"duration":16,"curve":[0.25,0,0.75,1]},{"duration":14,"tweenEasing":0,"x":5},{"duration":0}]},{"name":"Sound_Off_Line2","scaleFrame":[{"duration":16,"x":0.04},{"duration":14,"curve":[0.25,0,0.75,1],"x":0.04},{"duration":0}]},{"name":"Sound_On_Line2","translateFrame":[{"duration":16,"curve":[0.25,0,0.75,1]},{"duration":14,"x":-3.54}]}],"slot":[{"name":"Sound_Off_Line2","colorFrame":[{"duration":16,"value":{"aM":0}},{"duration":2,"tweenEasing":0,"value":{"aM":0}},{"duration":12}]},{"name":"Sound_On2","displayFrame":[{"duration":20},{"duration":6,"value":1},{"duration":4,"value":2}]},{"name":"Sound_On_Line2","colorFrame":[{"duration":12},{"duration":4,"tweenEasing":0},{"duration":14,"value":{"aM":0}}]}]}],"defaultActions":[{"gotoAndPlay":"disable"}]},{"type":"Armature","frameRate":30,"name":"d_common_gamesetting_sound_on","aabb":{"x":-0.99,"y":2,"width":29.99,"height":27},"bone":[{"name":"root"},{"name":"d_common_gamesetting_sound_on","parent":"root"},{"name":"Sound_Center","parent":"d_common_gamesetting_sound_on","transform":{"x":15,"y":15}},{"name":"Sound_On","parent":"Sound_Center"},{"name":"Sound_On_Line","parent":"Sound_Center"},{"length":31,"name":"Sound_Off_Line","parent":"Sound_On","transform":{"x":-14.08,"y":-10.26,"skX":45.19,"skY":45.19}}],"slot":[{"displayIndex":1,"name":"Sound_On","parent":"Sound_On"},{"name":"Sound_On_Line","parent":"Sound_On_Line"},{"name":"Sound_Off_Line","parent":"Sound_Off_Line"}],"skin":[{"slot":[{"name":"Sound_On","display":[{"type":"mesh","name":"d_common_gamesetting_sound_on","width":19,"height":26,"vertices":[5,5.83,5,12.11,5,13,-14,13,-14,-6.46,-14,-13,5,-13,-3.02,-2.12,-6.21,1.16,-5.08,2.25,-1.88,-0.99],"uvs":[0.99999,0.72417,1,0.96567,1,1,0,1,0,0.25168,0,0,1,0,0.57798,0.41856,0.4102,0.54456,0.46921,0.58669,0.63781,0.46189],"triangles":[5,7,6,7,10,6,3,2,1,9,3,1,9,1,0,10,9,0,6,10,0,5,4,7,7,8,10,8,9,10,4,8,7,8,3,9,4,3,8],"edges":[3,2,2,1,1,0,0,6,6,5,5,4,4,3],"userEdges":[7,5,8,4,7,8,1,9,9,8,0,10,10,7,9,10]},{"type":"mesh","name":"d_common_gamesetting_sound_on2","width":19,"height":26,"path":"d_common_gamesetting_sound_on","vertices":[5,5.83,5,12.11,5,13,-14,13,-14,-6.46,-6.21,1.16,-3.02,-2.12,-14,-13,5,-13,-5.08,2.25,-1.88,-0.99],"uvs":[0.99999,0.72417,1,0.96567,1,1,0,1,0,0.25168,0.4102,0.54456,0.57798,0.41856,0,0,1,0,0.46921,0.58669,0.63781,0.46189],"triangles":[7,6,8,6,10,8,10,9,0,8,10,0,0,9,1,9,3,1,1,3,2,6,5,10,5,9,10,5,3,9,4,3,5],"edges":[3,2,2,1,1,0,0,8,8,7,7,6,6,5,5,4,4,3],"userEdges":[1,9,9,5,0,10,10,6,9,10]},{"type":"mesh","name":"d_common_gamesetting_sound_on3","width":19,"height":26,"path":"d_common_gamesetting_sound_on","vertices":[5,5.83,-1.88,-0.99,-5.08,2.25,5,12.11,5,13,-14,13,-14,-6.46,-6.21,1.16,-3.02,-2.12,-14,-13,5,-13],"uvs":[0.99999,0.72417,0.63781,0.46189,0.46921,0.58669,1,0.96567,1,1,0,1,0,0.25168,0.4102,0.54456,0.57798,0.41856,0,0,1,0],"triangles":[2,5,3,3,5,4,9,8,10,8,1,10,10,1,0,8,7,1,7,2,1,7,5,2,6,5,7],"edges":[5,4,4,3,3,2,2,1,1,0,0,10,10,9,9,8,8,7,7,6,6,5],"userEdges":[2,7,1,8]}]},{"name":"Sound_On_Line","display":[{"name":"d_common_gamesetting_sound_on_line","transform":{"x":11.5}}]},{"name":"Sound_Off_Line","display":[{"name":"d_common_gamesetting_sound_off_line","transform":{"x":15.8,"y":0.07,"skX":-45.19,"skY":-45.19}}]}]}],"animation":[{"duration":0,"name":"disable","slot":[{"name":"Sound_Off_Line","colorFrame":[{"duration":0,"value":{"rM":50,"gM":50,"bM":50}}]},{"name":"Sound_On","displayFrame":[{"duration":0}],"colorFrame":[{"duration":0,"value":{"rM":50,"gM":50,"bM":50}}]},{"name":"Sound_On_Line","colorFrame":[{"duration":0,"value":{"rM":50,"gM":50,"bM":50}}]}]},{"duration":0,"name":"idle","bone":[{"name":"Sound_On_Line","translateFrame":[{"duration":0,"x":-3.54}]}],"slot":[{"name":"Sound_On","displayFrame":[{"duration":0,"value":2}]},{"name":"Sound_On_Line","colorFrame":[{"duration":0,"value":{"aM":0}}]}]},{"duration":30,"name":"release","bone":[{"name":"Sound_On_Line","translateFrame":[{"duration":30,"x":-3.54}]}],"slot":[{"name":"Sound_On","displayFrame":[{"duration":30,"value":2}]},{"name":"Sound_On_Line","colorFrame":[{"duration":30,"value":{"aM":0}}]}]},{"duration":30,"name":"switch_to on","bone":[{"name":"Sound_On_Line","translateFrame":[{"duration":16,"x":-3.54},{"duration":14,"curve":[0,0.25,1,0.75],"x":-3.54},{"duration":0}]},{"name":"Sound_On","translateFrame":[{"duration":16,"tweenEasing":0},{"duration":14,"curve":[0,0.25,1,0.75],"x":5},{"duration":0}]},{"name":"Sound_Off_Line","scaleFrame":[{"duration":16,"tweenEasing":0},{"duration":14,"x":0.04}]}],"slot":[{"name":"Sound_Off_Line","colorFrame":[{"duration":14},{"duration":2,"tweenEasing":0},{"duration":14,"value":{"aM":0}}]},{"name":"Sound_On","displayFrame":[{"duration":6,"value":2},{"duration":8,"value":1},{"duration":16}]},{"name":"Sound_On_Line","colorFrame":[{"duration":16,"value":{"aM":0}},{"duration":4,"tweenEasing":0,"value":{"aM":0}},{"duration":10}]}]}],"defaultActions":[{"gotoAndPlay":"disable"}]},{"type":"Armature","frameRate":30,"name":"d_common_gamesetting_video_off","aabb":{"x":-6.61,"y":-2.96,"width":38.78,"height":36},"bone":[{"name":"root"},{"name":"d_common_gamesetting_video_off","parent":"root"},{"name":"Video_on2","parent":"d_common_gamesetting_video_off","transform":{"x":14.67,"y":15.04,"scX":0.9,"scY":0.9}},{"length":38,"name":"Video_off_line2","parent":"Video_on2","transform":{"x":-17.75,"y":-13.9,"skX":45.27,"skY":45.27}},{"name":"refresh","parent":"Video_on2","transform":{"x":-3.64,"scX":-0.496,"scY":0.495}}],"slot":[{"displayIndex":1,"name":"Video_On_2","parent":"Video_on2"},{"name":"d_common_gamesetting_video_off_line2","parent":"Video_off_line2"},{"name":"d_common_betcontrol_btn_undo","parent":"refresh"}],"skin":[{"slot":[{"name":"Video_On_2","display":[{"type":"mesh","name":"d_common_gamesetting_video_on","width":35,"height":24,"vertices":[18,12,11.62,12,4.18,12,-17,12,-17,-9.25,-17,-12,-12.43,-12,18,-12,2.63,3.03,-1.3,6.51,-7.05,-6.63,-11.09,-3.32],"uvs":[1,1,0.81774,1,0.60504,1,0,1,0.00001,0.11469,0,0,0.13045,0,1,0,0.56073,0.62606,0.44858,0.77106,0.28422,0.22374,0.1689,0.36181],"triangles":[6,10,7,10,8,7,1,0,7,8,1,7,8,2,1,9,3,2,8,9,2,10,9,8,10,11,9,11,3,9,6,11,10,6,4,11,4,3,11,5,4,6],"edges":[3,2,2,1,1,0,0,7,7,6,6,5,5,4,4,3],"userEdges":[1,8,2,9,8,9,6,10,10,8,4,11,11,9,10,11]},{"type":"mesh","name":"d_common_gamesetting_video_on2","width":35,"height":24,"path":"d_common_gamesetting_video_on","vertices":[18,12,11.62,12,4.18,12,-17,12,-17,-9.25,-11.09,-3.32,-7.05,-6.63,-12.43,-12,18,-12,2.63,3.03,-1.3,6.51],"uvs":[1,1,0.81774,1,0.60504,1,0,1,0.00001,0.11469,0.1689,0.36181,0.28422,0.22374,0.13045,0,1,0,0.56073,0.62606,0.44858,0.77106],"triangles":[7,6,8,6,9,8,1,0,8,9,1,8,9,2,1,10,3,2,9,10,2,6,10,9,6,5,10,5,3,10,4,3,5],"edges":[3,2,2,1,1,0,0,8,8,7,7,6,6,5,5,4,4,3],"userEdges":[1,9,2,10,9,10,6,9,5,10]},{"type":"mesh","name":"d_common_gamesetting_video_on3","width":35,"height":24,"path":"d_common_gamesetting_video_on","vertices":[18,12,11.62,12,2.63,3.03,-1.3,6.51,4.18,12,-17,12,-17,-9.25,-11.09,-3.32,-7.05,-6.63,-12.43,-12,18,-12],"uvs":[1,1,0.81774,1,0.56073,0.62606,0.44858,0.77106,0.60504,1,0,1,0.00001,0.11469,0.1689,0.36181,0.28422,0.22374,0.13045,0,1,0],"triangles":[9,8,10,8,2,10,2,1,10,10,1,0,3,5,4,8,3,2,8,7,3,7,5,3,6,5,7],"edges":[5,4,4,3,3,2,2,1,1,0,0,10,10,9,9,8,8,7,7,6,6,5],"userEdges":[8,2,7,3]}]},{"name":"d_common_gamesetting_video_off_line2","display":[{"name":"d_common_gamesetting_video_off_line","transform":{"x":19.55,"y":0.02,"skX":-45.27,"skY":-45.27}}]},{"name":"d_common_betcontrol_btn_undo","display":[{"name":"d_common_betcontrol_btn_undo"}]}]}],"animation":[{"duration":0,"name":"disable","slot":[{"name":"Video_On_2","displayFrame":[{"duration":0}],"colorFrame":[{"duration":0,"value":{"rM":50,"gM":50,"bM":50}}]},{"name":"d_common_betcontrol_btn_undo","displayFrame":[{"duration":0,"value":-1}]},{"name":"d_common_gamesetting_video_off_line2","colorFrame":[{"duration":0,"value":{"rM":50,"gM":50,"bM":50}}]}]},{"duration":0,"name":"idle","bone":[{"name":"Video_on2","scaleFrame":[{"duration":0,"x":1.11,"y":1.11}]},{"name":"Video_off_line2","scaleFrame":[{"duration":0,"x":0.04}]}],"slot":[{"name":"Video_On_2","displayFrame":[{"duration":0}]},{"name":"d_common_betcontrol_btn_undo","displayFrame":[{"duration":0,"value":-1}]},{"name":"d_common_gamesetting_video_off_line2","displayFrame":[{"duration":0,"value":-1}]}]},{"duration":30,"name":"refresh","bone":[{"name":"Video_off_line2","scaleFrame":[{"duration":30,"x":0.04}]},{"name":"refresh","rotateFrame":[{"duration":15,"tweenEasing":0},{"duration":15,"tweenEasing":0,"rotate":180},{"duration":0}]}],"slot":[{"name":"Video_On_2","displayFrame":[{"duration":30}]},{"name":"d_common_betcontrol_btn_undo","colorFrame":[{"duration":4,"tweenEasing":0,"value":{"aM":0}},{"duration":11},{"duration":15,"tweenEasing":0},{"duration":0,"value":{"aM":0}}]},{"name":"d_common_gamesetting_video_off_line2","displayFrame":[{"duration":30,"value":-1}]}]},{"duration":30,"name":"release","bone":[{"name":"Video_off_line2","scaleFrame":[{"duration":30,"x":0.04}]}],"slot":[{"name":"Video_On_2","displayFrame":[{"duration":30}]},{"name":"d_common_betcontrol_btn_undo","displayFrame":[{"duration":30,"value":-1}]},{"name":"d_common_gamesetting_video_off_line2","displayFrame":[{"duration":30,"value":-1}]}]},{"duration":30,"name":"switch_to_off","bone":[{"name":"Video_off_line2","scaleFrame":[{"duration":30,"tweenEasing":0,"x":0.04},{"duration":0}]}],"slot":[{"name":"Video_On_2","displayFrame":[{"duration":2},{"duration":20,"value":1},{"duration":8,"value":2}]},{"name":"d_common_betcontrol_btn_undo","displayFrame":[{"duration":30,"value":-1}]},{"name":"d_common_gamesetting_video_off_line2","displayFrame":[{"duration":2,"value":-1},{"duration":28}]}]}],"defaultActions":[{"gotoAndPlay":"disable"}]},{"type":"Armature","frameRate":30,"name":"d_common_gamesetting_video_on","aabb":{"x":-3.94,"y":0.04,"width":36.11,"height":30},"bone":[{"name":"root"},{"name":"d_common_gamesetting_video_on","parent":"root"},{"name":"Video_on","parent":"d_common_gamesetting_video_on","transform":{"x":14.67,"y":15.04,"scX":0.9,"scY":0.9}},{"length":38,"name":"Video_off_line","parent":"Video_on","transform":{"x":-17.75,"y":-13.9,"skX":45.27,"skY":45.27}}],"slot":[{"displayIndex":1,"name":"Video_On_1","parent":"Video_on"},{"name":"d_common_gamesetting_video_off_line","parent":"Video_off_line"}],"skin":[{"slot":[{"name":"d_common_gamesetting_video_off_line","display":[{"name":"d_common_gamesetting_video_off_line","transform":{"x":19.55,"y":0.02,"skX":-45.27,"skY":-45.27}}]},{"name":"Video_On_1","display":[{"type":"mesh","name":"d_common_gamesetting_video_on","width":35,"height":24,"vertices":[18,12,11.62,12,4.18,12,-17,12,-17,-9.25,-17,-12,-12.43,-12,18,-12,2.63,3.03,-1.3,6.51,-7.05,-6.63,-11.09,-3.32],"uvs":[1,1,0.81774,1,0.60504,1,0,1,0.00001,0.11469,0,0,0.13045,0,1,0,0.56073,0.62606,0.44858,0.77106,0.28422,0.22374,0.1689,0.36181],"triangles":[6,10,7,10,8,7,1,0,7,8,1,7,8,2,1,9,3,2,8,9,2,10,9,8,10,11,9,11,3,9,6,11,10,6,4,11,4,3,11,5,4,6],"edges":[3,2,2,1,1,0,0,7,7,6,6,5,5,4,4,3],"userEdges":[1,8,2,9,8,9,6,10,10,8,4,11,11,9,10,11]},{"type":"mesh","name":"d_common_gamesetting_video_on2","width":35,"height":24,"path":"d_common_gamesetting_video_on","vertices":[18,12,11.62,12,4.18,12,-17,12,-17,-9.25,-11.09,-3.32,-7.05,-6.63,-12.43,-12,18,-12,2.63,3.03,-1.3,6.51],"uvs":[1,1,0.81774,1,0.60504,1,0,1,0.00001,0.11469,0.1689,0.36181,0.28422,0.22374,0.13045,0,1,0,0.56073,0.62606,0.44858,0.77106],"triangles":[7,6,8,6,9,8,1,0,8,9,1,8,9,2,1,10,3,2,9,10,2,6,10,9,6,5,10,5,3,10,4,3,5],"edges":[3,2,2,1,1,0,0,8,8,7,7,6,6,5,5,4,4,3],"userEdges":[1,9,2,10,9,10,6,9,5,10]},{"type":"mesh","name":"d_common_gamesetting_video_on3","width":35,"height":24,"path":"d_common_gamesetting_video_on","vertices":[18,12,11.62,12,2.63,3.03,-1.3,6.51,4.18,12,-17,12,-17,-9.25,-11.09,-3.32,-7.05,-6.63,-12.43,-12,18,-12],"uvs":[1,1,0.81774,1,0.56073,0.62606,0.44858,0.77106,0.60504,1,0,1,0.00001,0.11469,0.1689,0.36181,0.28422,0.22374,0.13045,0,1,0],"triangles":[9,8,10,8,2,10,2,1,10,10,1,0,3,5,4,8,3,2,8,7,3,7,5,3,6,5,7],"edges":[5,4,4,3,3,2,2,1,1,0,0,10,10,9,9,8,8,7,7,6,6,5],"userEdges":[8,2,7,3]}]}]}],"animation":[{"duration":0,"name":"disable","slot":[{"name":"Video_On_1","displayFrame":[{"duration":0}],"colorFrame":[{"duration":0,"value":{"rM":50,"gM":50,"bM":50}}]},{"name":"d_common_gamesetting_video_off_line","colorFrame":[{"duration":0,"value":{"rM":50,"gM":50,"bM":50}}]}]},{"duration":0,"name":"idle","bone":[{"name":"Video_on","scaleFrame":[{"duration":0,"x":1.11,"y":1.11}]}]},{"duration":30,"name":"release","slot":[{"name":"Video_On_1","displayFrame":[{"duration":30}]}]},{"duration":30,"name":"switch_to_on","bone":[{"name":"Video_off_line","scaleFrame":[{"duration":30,"tweenEasing":0},{"duration":0,"x":0.04}]}],"slot":[{"name":"Video_On_1","displayFrame":[{"duration":30,"value":1},{"duration":0}]},{"name":"d_common_gamesetting_video_off_line","displayFrame":[{"duration":30},{"duration":0,"value":-1}]}]}],"defaultActions":[{"gotoAndPlay":"disable"}]},{"type":"Armature","frameRate":30,"name":"d_common_betcontrol_btn_confirm","aabb":{"x":-4,"y":-4,"width":161,"height":71},"bone":[{"name":"root"},{"name":"d_common_betcontrol_btn_confirm","parent":"root"},{"name":"confirm_center","parent":"d_common_betcontrol_btn_confirm","transform":{"x":76.5,"y":31.5}},{"name":"confirm_icon","parent":"confirm_center","transform":{"x":17.5,"y":-2}}],"slot":[{"name":"confirm_bg","parent":"confirm_center"},{"blendMode":"add","name":"confirm_number","parent":"confirm_center"},{"name":"confirm_icon","parent":"confirm_icon"},{"displayIndex":-1,"name":"GreenCircle","parent":"confirm_center"}],"skin":[{"slot":[{"name":"confirm_bg","display":[{"name":"d_common_betcontrol_btn_confirm_bg"}]},{"name":"confirm_number","display":[{"name":"d_common_betcontrol_btn_confirm_number","transform":{"x":-45.5,"y":-0.5}}]},{"name":"confirm_icon","display":[{"type":"mesh","name":"d_common_betcontrol_btn_confirm","width":38,"height":31,"vertices":[17.8,-10.15,-4.53,13.93,-17.5,1.4,-13.32,-2.95,-4.73,5.2,13.28,-14.23],"uvs":[0.96842,0.17258,0.38085,0.94929,0.03947,0.54516,0.14961,0.40497,0.37554,0.66774,0.84943,0.04103],"triangles":[5,4,0,4,1,0,2,1,4,3,2,4],"edges":[2,1,1,0,0,5,5,4,4,3,3,2],"userEdges":[1,4]}]}]}],"animation":[{"duration":0,"name":"disable","slot":[{"name":"confirm_icon","colorFrame":[{"duration":0,"value":{"rM":50,"gM":50,"bM":50}}]}]},{"duration":30,"name":"green_circle"},{"duration":0,"name":"idle"},{"duration":30,"name":"release","bone":[{"name":"confirm_icon","scaleFrame":[{"duration":15,"tweenEasing":0},{"duration":15,"tweenEasing":0,"x":1.3,"y":1.3},{"duration":0}]}],"slot":[{"name":"confirm_icon","colorFrame":[{"duration":15,"curve":[0.25,0,0.75,1]},{"duration":5,"curve":[0.25,0,0.75,1],"value":{"aM":0}},{"duration":10}]}],"ffd":[{"name":"d_common_betcontrol_btn_confirm","slot":"confirm_icon","frame":[{"duration":14},{"curve":[0.25,0,0.75,1]},{"curve":[0.25,0,0.75,1],"vertices":[-35.16,11.63,-12.8,-12.42,0,0,0,0,-8.59,-8.05,-26.48,11.54]},{"duration":4,"curve":[0.25,0,0.75,1],"vertices":[-22.35,24.05,0,0,0,0,0,0,0,0,-17.89,19.59]},{"duration":10}]}]}],"defaultActions":[{"gotoAndPlay":"disable"}]},{"type":"Armature","frameRate":30,"name":"d_common_icon_refresh","aabb":{"x":-0.5,"y":-0.5,"width":31,"height":31},"bone":[{"name":"root"},{"name":"d_common_icon_refresh","parent":"root"},{"name":"refresh","parent":"d_common_icon_refresh","transform":{"x":15,"y":15}}],"slot":[{"name":"refresh01","parent":"refresh"},{"name":"refresh1","parent":"refresh"}],"skin":[{"slot":[{"name":"refresh01","display":[{"name":"d_common_icon_refresh_1","transform":{"x":0.5,"y":-5}}]},{"name":"refresh1","display":[{"name":"d_common_icon_refresh_1","transform":{"x":-0.5,"y":5,"skX":180,"skY":180}}]}]}],"animation":[{"duration":0,"name":"disable","slot":[{"name":"refresh01","colorFrame":[{"duration":0,"value":{"rM":50,"gM":50,"bM":50}}]},{"name":"refresh1","colorFrame":[{"duration":0,"value":{"rM":50,"gM":50,"bM":50}}]}]},{"duration":0,"name":"idle"},{"duration":30,"name":"release","bone":[{"name":"refresh","rotateFrame":[{"duration":15,"curve":[0.125,0,0.8125,0.75]},{"duration":15,"curve":[0.1875,0.25,0.875,1],"rotate":-90},{"duration":0,"rotate":180}]}]}],"defaultActions":[{"gotoAndPlay":"disable"}]}]}