{"width":512,"imagePath":"common_ui_ske-new_tex.png","height":512,"name":"common_ui_ske-new","SubTexture":[{"frameHeight":63,"y":453,"frameX":-4,"width":55,"frameY":-4,"height":55,"name":"d_common_betcontrol_btn_bg","frameWidth":63,"x":1},{"width":35,"y":453,"height":39,"name":"d_common_betcontrol_btn_clear","x":58},{"frameHeight":71,"y":388,"frameX":-4,"width":153,"frameY":-4,"height":63,"name":"d_common_betcontrol_btn_confirm_bg","frameWidth":161,"x":1},{"width":63,"y":258,"height":63,"name":"d_common_betcontrol_btn_hover","x":219},{"frameHeight":28,"y":323,"frameX":-4,"width":28,"frameY":-4,"height":20,"name":"d_common_betcontrol_btn_confirm_number","frameWidth":36,"x":256},{"width":38,"y":477,"height":31,"name":"d_common_betcontrol_btn_confirm","x":133},{"frameHeight":30,"y":453,"frameX":-4,"width":14,"frameY":-4,"height":22,"name":"d_common_betcontrol_btn_double_2","frameWidth":22,"x":133},{"frameHeight":22,"y":494,"frameX":-4,"width":13,"frameY":-4,"height":14,"name":"d_common_betcontrol_btn_double_x","frameWidth":21,"x":58},{"width":30,"y":491,"height":19,"name":"d_common_betcontrol_btn_rebet","x":95},{"width":36,"y":453,"height":36,"name":"d_common_betcontrol_btn_undo","x":95},{"frameHeight":50,"y":477,"frameX":-12,"width":26,"frameY":-12,"height":26,"name":"d_common_gamesetting","frameWidth":50,"x":291},{"width":19,"y":349,"height":26,"name":"d_common_gamesetting_sound_on","x":131},{"width":5,"y":453,"height":14,"name":"d_common_gamesetting_sound_on_line","x":149},{"frameHeight":26,"y":349,"frameX":-1,"width":24,"frameY":-1,"height":24,"name":"d_common_gamesetting_sound_off_line","frameWidth":26,"x":244},{"width":26,"y":477,"height":26,"name":"d_common_gamesetting_stat_circle_circle","x":263},{"width":2,"y":491,"height":14,"name":"d_common_gamesetting_stat_line","x":127},{"width":35,"y":323,"height":24,"name":"d_common_gamesetting_video_on","x":219},{"width":30,"y":477,"height":30,"name":"d_common_gamesetting_video_off_line","x":205},{"frameHeight":68,"y":415,"frameX":-4,"width":60,"frameY":-4,"height":60,"name":"d_common_hideui_bg","frameWidth":68,"x":218},{"width":25,"y":375,"height":20,"name":"d_common_hideui2","x":244},{"width":25,"y":345,"height":20,"name":"d_common_hideui1","x":270},{"width":24,"y":477,"height":30,"name":"d_common_hideui3","x":237},{"frameHeight":68,"y":415,"frameX":-4,"width":60,"frameY":-4,"height":60,"name":"d_common_hideui_bg_border","frameWidth":68,"x":156},{"frameHeight":38,"y":477,"frameX":-4,"width":30,"frameY":-4,"height":30,"name":"d_common_icon_back","frameWidth":38,"x":173},{"frameHeight":24,"y":391,"frameX":-1,"width":22,"frameY":-1,"height":22,"name":"d_common_icon_betlimit_expand_circle","frameWidth":24,"x":271},{"frameHeight":9,"y":377,"frameX":-1,"width":12,"frameY":-1,"height":7,"name":"d_common_icon_betlimit_expand_circle_arror","frameWidth":14,"x":131},{"frameHeight":28,"y":477,"frameX":-1,"width":26,"frameY":-1,"height":26,"name":"d_common_icon_close","frameWidth":28,"x":319},{"frameHeight":24,"y":367,"frameX":-1,"width":22,"frameY":-1,"height":22,"name":"d_common_icon_gameinfo_circle","frameWidth":24,"x":271},{"frameHeight":15,"y":494,"frameX":-1,"width":7,"frameY":-1,"height":13,"name":"d_common_icon_gameinfo_i","frameWidth":9,"x":73},{"frameHeight":11,"y":505,"frameX":-4,"width":29,"frameY":-4,"height":3,"name":"d_common_icon_menu_3","frameWidth":37,"x":294},{"frameHeight":11,"y":505,"frameX":-4,"width":29,"frameY":-4,"height":3,"name":"d_common_icon_menu_2","frameWidth":37,"x":263},{"frameHeight":11,"y":505,"frameX":-4,"width":29,"frameY":-4,"height":3,"name":"d_common_icon_menu_1","frameWidth":37,"x":325},{"frameHeight":21,"y":397,"frameX":-4,"width":22,"frameY":-4,"height":13,"name":"d_common_icon_refresh_1","frameWidth":30,"x":244},{"width":128,"y":258,"height":128,"name":"Chips_Shadow","x":1},{"frameHeight":263,"y":1,"frameX":-4,"width":255,"frameY":-4,"height":255,"name":"Circle_Select","frameWidth":263,"x":1},{"width":86,"y":258,"height":89,"name":"Chips_Select_Destop","x":131},{"width":86,"y":349,"height":64,"name":"Chips_Deselect_Destop","x":156},{"frameHeight":28,"y":415,"frameX":-2,"width":12,"frameY":-2,"height":24,"name":"Chips_8","frameWidth":16,"x":280}]}