{"width":512,"imagePath":"common_ui_ske-new_2_tex.png","height":512,"name":"common_ui_ske-new_2","SubTexture":[{"frameY":-4,"y":453,"frameWidth":63,"frameX":-4,"frameHeight":63,"width":55,"height":55,"name":"d_common_betcontrol_btn_bg","x":1},{"width":35,"y":453,"height":39,"name":"d_common_betcontrol_btn_clear","x":58},{"frameY":-4,"y":388,"frameWidth":161,"frameX":-4,"frameHeight":71,"width":153,"height":63,"name":"d_common_betcontrol_btn_confirm_bg","x":1},{"width":63,"y":258,"height":63,"name":"d_common_betcontrol_btn_hover","x":219},{"frameY":-4,"y":323,"frameWidth":36,"frameX":-4,"frameHeight":28,"width":28,"height":20,"name":"d_common_betcontrol_btn_confirm_number","x":256},{"width":38,"y":477,"height":31,"name":"d_common_betcontrol_btn_confirm","x":133},{"frameY":-4,"y":453,"frameWidth":22,"frameX":-4,"frameHeight":30,"width":14,"height":22,"name":"d_common_betcontrol_btn_double_2","x":133},{"frameY":-4,"y":494,"frameWidth":21,"frameX":-4,"frameHeight":22,"width":13,"height":14,"name":"d_common_betcontrol_btn_double_x","x":58},{"width":30,"y":491,"height":19,"name":"d_common_betcontrol_btn_rebet","x":95},{"width":36,"y":453,"height":36,"name":"d_common_betcontrol_btn_undo","x":95},{"frameY":-12,"y":477,"frameWidth":50,"frameX":-12,"frameHeight":50,"width":26,"height":26,"name":"d_common_gamesetting","x":291},{"width":19,"y":349,"height":26,"name":"d_common_gamesetting_sound_on","x":131},{"width":5,"y":453,"height":14,"name":"d_common_gamesetting_sound_on_line","x":149},{"frameY":-1,"y":349,"frameWidth":26,"frameX":-1,"frameHeight":26,"width":24,"height":24,"name":"d_common_gamesetting_sound_off_line","x":244},{"width":26,"y":477,"height":26,"name":"d_common_gamesetting_stat_circle_circle","x":319},{"width":2,"y":491,"height":14,"name":"d_common_gamesetting_stat_line","x":127},{"width":35,"y":323,"height":24,"name":"d_common_gamesetting_video_on","x":219},{"width":30,"y":477,"height":30,"name":"d_common_gamesetting_video_off_line","x":205},{"frameY":-4,"y":415,"frameWidth":68,"frameX":-4,"frameHeight":68,"width":60,"height":60,"name":"d_common_hideui_bg","x":156},{"width":25,"y":375,"height":20,"name":"d_common_hideui2","x":244},{"width":25,"y":345,"height":20,"name":"d_common_hideui1","x":270},{"width":24,"y":477,"height":30,"name":"d_common_hideui3","x":237},{"frameY":-4,"y":415,"frameWidth":68,"frameX":-4,"frameHeight":68,"width":60,"height":60,"name":"d_common_hideui_bg_border","x":218},{"frameY":-4,"y":477,"frameWidth":38,"frameX":-4,"frameHeight":38,"width":30,"height":30,"name":"d_common_icon_back","x":173},{"frameY":-1,"y":391,"frameWidth":24,"frameX":-1,"frameHeight":24,"width":22,"height":22,"name":"d_common_icon_betlimit_expand_circle","x":271},{"frameY":-1,"y":377,"frameWidth":14,"frameX":-1,"frameHeight":9,"width":12,"height":7,"name":"d_common_icon_betlimit_expand_circle_arror","x":131},{"frameY":-1,"y":477,"frameWidth":28,"frameX":-1,"frameHeight":28,"width":26,"height":26,"name":"d_common_icon_close","x":263},{"frameY":-1,"y":367,"frameWidth":24,"frameX":-1,"frameHeight":24,"width":22,"height":22,"name":"d_common_icon_gameinfo_circle","x":271},{"frameY":-1,"y":494,"frameWidth":9,"frameX":-1,"frameHeight":15,"width":7,"height":13,"name":"d_common_icon_gameinfo_i","x":73},{"frameY":-4,"y":505,"frameWidth":37,"frameX":-4,"frameHeight":11,"width":29,"height":3,"name":"d_common_icon_menu_3","x":294},{"frameY":-4,"y":505,"frameWidth":37,"frameX":-4,"frameHeight":11,"width":29,"height":3,"name":"d_common_icon_menu_2","x":325},{"frameY":-4,"y":505,"frameWidth":37,"frameX":-4,"frameHeight":11,"width":29,"height":3,"name":"d_common_icon_menu_1","x":263},{"frameY":-4,"y":397,"frameWidth":30,"frameX":-4,"frameHeight":21,"width":22,"height":13,"name":"d_common_icon_refresh_1","x":244},{"width":128,"y":258,"height":128,"name":"Chips_Shadow","x":1},{"frameY":-4,"y":1,"frameWidth":263,"frameX":-4,"frameHeight":263,"width":255,"height":255,"name":"Circle_Select","x":1},{"width":86,"y":258,"height":89,"name":"Chips_Select_Destop","x":131},{"width":86,"y":349,"height":64,"name":"Chips_Deselect_Destop","x":156},{"frameY":-2,"y":415,"frameWidth":16,"frameX":-2,"frameHeight":28,"width":12,"height":24,"name":"Chips_8","x":280}]}