{"width":512,"imagePath":"lobby_tex.png","height":256,"name":"lobby","SubTexture":[{"width":132,"y":1,"height":132,"name":"d_lobby_avatar_selection_circle","x":1},{"width":31,"y":1,"height":30,"name":"d_lobby_avatar_selection_dot","x":315},{"width":13,"y":155,"height":10,"name":"d_lobby_avatar_selection_confirm","x":315},{"width":48,"y":203,"height":48,"name":"d_lobby_betrecord_icon_prev_arror_back and forward_circle","x":212},{"width":13,"y":51,"height":22,"name":"d_lobby_betrecord_icon_prev_arror","x":377},{"width":27,"y":40,"height":27,"name":"d_lobby_betrecord_icon_search","x":269},{"width":36,"y":137,"height":36,"name":"goodroad_plus_btn","x":235},{"width":46,"y":203,"height":46,"name":"d_lobby_goodroad_panel_addroad_btn_BG","x":262},{"width":25,"y":102,"height":31,"name":"d_lobby_goodroad_panel_addroad_btn_clear","x":205},{"width":95,"y":203,"height":46,"name":"d_lobby_goodroad_panel_addroad_btn_confirm_BG_Blue","x":115},{"width":21,"y":58,"height":16,"name":"d_lobby_goodroad_panel_addroad_btn_confirm","x":333},{"width":46,"y":203,"height":46,"name":"d_lobby_betrecord_icon_prev_arror_back and forward_circle_hover","x":310},{"width":26,"y":69,"height":31,"name":"d_lobby_goodroad_panel_addroad_btn_undo","x":205},{"width":30,"y":170,"height":30,"name":"goodroad_select_square","x":273},{"width":20,"y":102,"height":19,"name":"goodroad_select_tick","x":337},{"width":40,"y":1,"height":37,"name":"d_lobby_panel_gamelist_goodroad","x":269},{"width":62,"y":1,"height":66,"name":"d_lobby_panel_betcontrol_btn_close_bg","x":205},{"width":27,"y":76,"height":27,"name":"d_lobby_panel_betcontrol_btn_close","x":299},{"width":118,"y":135,"height":66,"name":"d_lobby_panel_betcontrol_btn_confirm_bg","x":115},{"width":40,"y":137,"height":31,"name":"d_lobby_panel_betcontrol_btn_confirm","x":273},{"width":62,"y":69,"height":66,"name":"d_lobby_panel_betcontrol_btn_undo_bg","x":235},{"width":32,"y":40,"height":34,"name":"d_lobby_panel_betcontrol_btn_undo","x":299},{"width":15,"y":1,"height":16,"name":"d_lobby_panel_gamelist_allgames_square9","x":412},{"width":16,"y":55,"height":16,"name":"d_lobby_panel_gamelist_allgames_square8","x":392},{"width":15,"y":172,"height":15,"name":"d_lobby_panel_gamelist_allgames_square7","x":357},{"width":16,"y":36,"height":15,"name":"d_lobby_panel_gamelist_allgames_square6","x":407},{"width":15,"y":172,"height":15,"name":"d_lobby_panel_gamelist_allgames_square5","x":340},{"width":15,"y":1,"height":16,"name":"d_lobby_panel_gamelist_allgames_square4","x":395},{"width":15,"y":155,"height":15,"name":"d_lobby_panel_gamelist_allgames_square3","x":337},{"width":16,"y":19,"height":15,"name":"d_lobby_panel_gamelist_allgames_square2","x":407},{"width":15,"y":123,"height":15,"name":"d_lobby_panel_gamelist_allgames_square1","x":340},{"width":19,"y":76,"height":16,"name":"d_lobby_panel_gamelist_betted_circle6","x":375},{"width":19,"y":58,"height":16,"name":"d_lobby_panel_gamelist_betted_circle5","x":356},{"width":26,"y":175,"height":26,"name":"d_lobby_panel_gamelist_betted_circle","x":235},{"width":13,"y":33,"height":20,"name":"d_lobby_panel_gamelist_betted_circle4","x":392},{"width":13,"y":1,"height":20,"name":"d_lobby_panel_gamelist_betted_circle3","x":380},{"width":19,"y":76,"height":16,"name":"d_lobby_panel_gamelist_betted_circle2","x":354},{"width":19,"y":33,"height":16,"name":"d_lobby_panel_gamelist_betted_circle1","x":358},{"width":30,"y":170,"height":29,"name":"d_lobby_setting_playinfo_icon_edit_2","x":305},{"width":24,"y":76,"height":24,"name":"d_lobby_setting_playinfo_icon_edit_1","x":328},{"width":30,"y":1,"height":30,"name":"d_lobby_setting_playinfo_icon_refresh","x":348},{"width":23,"y":33,"height":23,"name":"d_lobby_viewmode_icon_general","x":333},{"width":23,"y":130,"height":23,"name":"d_lobby_viewmode_icon_pro","x":315},{"width":29,"y":105,"height":23,"name":"d_lobby_viewmode_icon_tiny","x":299},{"width":68,"y":66,"height":63,"name":"mobile_size/m_lobby_Icon_fav_active","x":135},{"width":112,"y":135,"height":112,"name":"mobile_size/m_lobby_Icon_fav_container","x":1},{"width":68,"y":1,"height":63,"name":"mobile_size/m_lobby_Icon_fav_icon_active","x":135}]}