{"width":512,"imagePath":"lobby_tex.png","height":256,"name":"lobby","SubTexture":[{"width":132,"y":1,"height":132,"name":"d_lobby_avatar_selection_circle","x":1},{"width":31,"y":203,"height":30,"name":"d_lobby_avatar_selection_dot","x":400},{"width":13,"y":116,"height":10,"name":"d_lobby_avatar_selection_confirm","x":201},{"width":48,"y":203,"height":48,"name":"d_lobby_betrecord_icon_prev_arror_back and forward_circle","x":98},{"width":13,"y":160,"height":22,"name":"d_lobby_betrecord_icon_prev_arror","x":185},{"width":27,"y":58,"height":27,"name":"d_lobby_betrecord_icon_search","x":201},{"width":36,"y":203,"height":36,"name":"goodroad_plus_btn","x":286},{"width":46,"y":203,"height":46,"name":"d_lobby_goodroad_panel_addroad_btn_BG","x":148},{"width":25,"y":160,"height":31,"name":"d_lobby_goodroad_panel_addroad_btn_clear","x":229},{"width":95,"y":203,"height":46,"name":"d_lobby_goodroad_panel_addroad_btn_confirm_BG_Blue","x":1},{"width":21,"y":235,"height":16,"name":"d_lobby_goodroad_panel_addroad_btn_confirm","x":400},{"width":46,"y":203,"height":46,"name":"d_lobby_betrecord_icon_prev_arror_back and forward_circle_hover","x":196},{"width":26,"y":160,"height":31,"name":"d_lobby_goodroad_panel_addroad_btn_undo","x":201},{"width":30,"y":203,"height":30,"name":"goodroad_select_square","x":433},{"width":20,"y":236,"height":19,"name":"goodroad_select_tick","x":324},{"width":40,"y":203,"height":37,"name":"d_lobby_panel_gamelist_goodroad","x":244},{"width":62,"y":1,"height":66,"name":"d_lobby_panel_betcontrol_btn_close_bg","x":135},{"width":27,"y":87,"height":27,"name":"d_lobby_panel_betcontrol_btn_close","x":201},{"width":118,"y":135,"height":66,"name":"d_lobby_panel_betcontrol_btn_confirm_bg","x":1},{"width":40,"y":203,"height":31,"name":"d_lobby_panel_betcontrol_btn_confirm","x":324},{"width":62,"y":135,"height":66,"name":"d_lobby_panel_betcontrol_btn_undo_bg","x":121},{"width":32,"y":203,"height":34,"name":"d_lobby_panel_betcontrol_btn_undo","x":366},{"width":15,"y":76,"height":16,"name":"d_lobby_panel_gamelist_allgames_square9","x":230},{"width":16,"y":235,"height":16,"name":"d_lobby_panel_gamelist_allgames_square8","x":495},{"width":15,"y":111,"height":15,"name":"d_lobby_panel_gamelist_allgames_square7","x":276},{"width":16,"y":94,"height":15,"name":"d_lobby_panel_gamelist_allgames_square6","x":230},{"width":15,"y":94,"height":15,"name":"d_lobby_panel_gamelist_allgames_square5","x":283},{"width":15,"y":58,"height":16,"name":"d_lobby_panel_gamelist_allgames_square4","x":230},{"width":15,"y":94,"height":15,"name":"d_lobby_panel_gamelist_allgames_square3","x":266},{"width":16,"y":94,"height":15,"name":"d_lobby_panel_gamelist_allgames_square2","x":248},{"width":15,"y":128,"height":15,"name":"d_lobby_panel_gamelist_allgames_square1","x":282},{"width":19,"y":239,"height":16,"name":"d_lobby_panel_gamelist_betted_circle6","x":367},{"width":19,"y":239,"height":16,"name":"d_lobby_panel_gamelist_betted_circle5","x":346},{"width":26,"y":116,"height":26,"name":"d_lobby_panel_gamelist_betted_circle","x":217},{"width":13,"y":235,"height":20,"name":"d_lobby_panel_gamelist_betted_circle4","x":480},{"width":13,"y":235,"height":20,"name":"d_lobby_panel_gamelist_betted_circle3","x":465},{"width":19,"y":235,"height":16,"name":"d_lobby_panel_gamelist_betted_circle2","x":423},{"width":19,"y":235,"height":16,"name":"d_lobby_panel_gamelist_betted_circle1","x":444},{"width":30,"y":129,"height":29,"name":"d_lobby_setting_playinfo_icon_edit_2","x":185},{"width":24,"y":141,"height":24,"name":"d_lobby_setting_playinfo_icon_edit_1","x":256},{"width":30,"y":203,"height":30,"name":"d_lobby_setting_playinfo_icon_refresh","x":465},{"width":23,"y":167,"height":23,"name":"d_lobby_viewmode_icon_general","x":281},{"width":23,"y":167,"height":23,"name":"d_lobby_viewmode_icon_pro","x":256},{"width":29,"y":116,"height":23,"name":"d_lobby_viewmode_icon_tiny","x":245},{"width":64,"y":69,"height":58,"name":"d_lobby_icon_fav_disable","x":135},{"width":61,"y":1,"height":55,"name":"d_lobby_icon_fav_enable","x":199}]}