{"frameRate":30,"name":"lobby","version":"5.5","compatibleVersion":"5.5","armature":[{"type":"Armature","frameRate":30,"name":"d_lobby_avatar_selection","aabb":{"x":-1,"y":-1,"width":132,"height":144},"bone":[{"name":"root"},{"name":"d_lobby_avatar_selection","parent":"root"},{"name":"d_lobby_avatar_selection_circle","parent":"d_lobby_avatar_selection","transform":{"x":65,"y":65}},{"name":"Avatar_Center2","parent":"d_lobby_avatar_selection","transform":{"x":65,"y":128}},{"name":"Avatar_Center3","parent":"d_lobby_avatar_selection","transform":{"x":65,"y":128}}],"slot":[{"name":"d_lobby_avatar_selection_circle","parent":"d_lobby_avatar_selection_circle"},{"name":"d_lobby_avatar_selection_dot","parent":"Avatar_Center2"},{"name":"d_lobby_avatar_selection_confirm","parent":"Avatar_Center3"}],"skin":[{"slot":[{"name":"d_lobby_avatar_selection_dot","display":[{"type":"mesh","name":"d_lobby_avatar_selection_dot","width":31,"height":30,"vertices":[16,14,-15,14,-15,-16,16,-16],"uvs":[1,1,0,1,0,0,1,0],"triangles":[1,0,3,2,1,3],"edges":[1,0,0,3,3,2,2,1],"userEdges":[]}]},{"name":"d_lobby_avatar_selection_confirm","display":[{"type":"mesh","name":"d_lobby_avatar_selection_confirm","width":13,"height":10,"vertices":[7,4,-6,4,-6,-6,7,-6],"uvs":[1,1,0,1,0,0,1,0],"triangles":[1,0,3,2,1,3],"edges":[1,0,0,3,3,2,2,1],"userEdges":[]}]},{"name":"d_lobby_avatar_selection_circle","display":[{"type":"mesh","name":"d_lobby_avatar_selection_circle","width":132,"height":132,"vertices":[66,66,-66,66,-66,-66,66,-66],"uvs":[1,1,0,1,0,0,1,0],"triangles":[1,0,3,2,1,3],"edges":[1,0,0,3,3,2,2,1],"userEdges":[]}]}]}],"animation":[{"duration":0,"name":"idle"},{"duration":15,"name":"release","frame":[{"duration":0,"events":[{"name":"audio_ui_sfx_btn_ok_mp3"}]}],"bone":[{"name":"d_lobby_avatar_selection_circle","scaleFrame":[{"duration":5,"curve":[0.25,0,0.75,1],"x":0.95,"y":0.95},{"duration":7,"curve":[0.25,0,0.75,1],"x":1.05,"y":1.05},{"duration":3}]},{"name":"Avatar_Center3","scaleFrame":[{"duration":5,"x":1.5,"y":1.5},{"duration":3,"curve":[0.25,0,0.75,1],"x":1.5,"y":1.5},{"duration":7,"curve":[0.25,0,0.75,1],"x":1.8,"y":1.8},{"duration":0}]}],"slot":[{"name":"d_lobby_avatar_selection_circle","colorFrame":[{"duration":5,"curve":[0.25,0,0.75,1],"value":{"aM":0}},{"duration":10}]},{"name":"d_lobby_avatar_selection_confirm","colorFrame":[{"duration":8,"value":{"aM":0}},{"duration":2,"curve":[0.25,0,0.75,1],"value":{"aM":0}},{"duration":5}]},{"name":"d_lobby_avatar_selection_dot","colorFrame":[{"duration":5,"value":{"aM":0}},{"duration":2,"curve":[0.25,0,0.75,1],"value":{"aM":0}},{"duration":8}]}]}],"defaultActions":[{"gotoAndPlay":"idle"}]},{"type":"Armature","frameRate":30,"name":"d_lobby_betrecord_icon_next","aabb":{"x":-1,"y":-1,"width":48,"height":48},"bone":[{"name":"root"},{"name":"d_lobby_betrecord_icon_next","parent":"root"},{"name":"Forward_Center","parent":"d_lobby_betrecord_icon_next","transform":{"x":23,"y":23,"skX":180,"skY":180}},{"name":"Forward Arror","parent":"Forward_Center"}],"slot":[{"name":"Forward_Circle","parent":"Forward_Center"},{"name":"Forward_Arror","parent":"Forward Arror"}],"skin":[{"slot":[{"name":"Forward_Arror","display":[{"type":"mesh","name":"d_lobby_betrecord_icon_prev_arror","width":13,"height":22,"vertices":[5,11,-8,11,-8,-11,5,-11],"uvs":[1,1,0,1,0,0,1,0],"triangles":[1,0,3,2,1,3],"edges":[1,0,0,3,3,2,2,1],"userEdges":[]}]},{"name":"Forward_Circle","display":[{"type":"mesh","name":"d_lobby_betrecord_icon_prev_arror_back and forward_circle","width":48,"height":48,"vertices":[24,24,-24,24,-24,-24,24,-24],"uvs":[1,1,0,1,0,0,1,0],"triangles":[1,0,3,2,1,3],"edges":[1,0,0,3,3,2,2,1],"userEdges":[]}]}]}],"animation":[{"duration":0,"name":"disable","slot":[{"name":"Forward_Arror","colorFrame":[{"duration":0,"value":{"rM":50,"gM":50,"bM":50}}]}]},{"duration":0,"name":"idle"},{"duration":6,"name":"release","frame":[{"duration":0,"events":[{"name":"audio_ui_sfx_btn_switch_mp3"}]}],"bone":[{"name":"Forward Arror","translateFrame":[{"duration":3,"curve":[0.25,0,0.75,1]},{"duration":3,"curve":[0.25,0,0.75,1],"x":-3.61},{"duration":0}]}]}],"defaultActions":[{"gotoAndPlay":"disable"}]},{"type":"Armature","frameRate":30,"name":"d_lobby_betrecord_icon_prev","aabb":{"x":-1,"y":-1,"width":48,"height":48},"bone":[{"name":"root"},{"name":"d_lobby_betrecord_icon_prev","parent":"root"},{"name":"Backward_Center","parent":"d_lobby_betrecord_icon_prev","transform":{"x":23,"y":23}},{"name":"Backward Arror","parent":"Backward_Center"}],"slot":[{"name":"Backward_Circle","parent":"Backward_Center"},{"name":"Backward_Arror","parent":"Backward Arror"}],"skin":[{"slot":[{"name":"Backward_Circle","display":[{"type":"mesh","name":"d_lobby_betrecord_icon_prev_arror_back and forward_circle","width":48,"height":48,"vertices":[24,24,-24,24,-24,-24,24,-24],"uvs":[1,1,0,1,0,0,1,0],"triangles":[1,0,3,2,1,3],"edges":[1,0,0,3,3,2,2,1],"userEdges":[]}]},{"name":"Backward_Arror","display":[{"type":"mesh","name":"d_lobby_betrecord_icon_prev_arror","width":13,"height":22,"vertices":[5,11,-8,11,-8,-11,5,-11],"uvs":[1,1,0,1,0,0,1,0],"triangles":[1,0,3,2,1,3],"edges":[1,0,0,3,3,2,2,1],"userEdges":[]}]}]}],"animation":[{"duration":0,"name":"disable","slot":[{"name":"Backward_Arror","colorFrame":[{"duration":0,"value":{"rM":50,"gM":50,"bM":50}}]}]},{"duration":0,"name":"idle"},{"duration":6,"name":"release","frame":[{"duration":0,"events":[{"name":"audio_ui_sfx_btn_switch_mp3"}]}],"bone":[{"name":"Backward Arror","translateFrame":[{"duration":3,"tweenEasing":0},{"duration":3,"curve":[0.25,0,0.75,1],"x":-3.61},{"duration":0}]}]}],"defaultActions":[{"gotoAndPlay":"disable"}]},{"type":"Armature","frameRate":30,"name":"d_lobby_betrecord_icon_search","aabb":{"x":1.5,"y":1.5,"width":27,"height":27},"bone":[{"name":"root"},{"name":"d_lobby_betrecord_icon_search","parent":"root"},{"name":"Search_Center","parent":"d_lobby_betrecord_icon_search","transform":{"x":15,"y":15}},{"name":"Search_group","parent":"Search_Center"},{"name":"Search_Follow2","parent":"Search_group"}],"slot":[{"name":"d_lobby_betrecord_icon_search2","parent":"Search_Follow2"}],"skin":[{"slot":[{"name":"d_lobby_betrecord_icon_search2","display":[{"type":"mesh","name":"d_lobby_betrecord_icon_search","width":27,"height":27,"vertices":[13.48,13.59,-13.52,13.59,-13.52,-13.41,13.48,-13.41],"uvs":[1,1,0,1,0,0,1,0],"triangles":[1,0,3,2,1,3],"edges":[1,0,0,3,3,2,2,1],"userEdges":[]}]}]}],"animation":[{"duration":0,"name":"disable","slot":[{"name":"d_lobby_betrecord_icon_search2","colorFrame":[{"duration":0,"value":{"rM":50,"gM":50,"bM":50}}]}]},{"duration":0,"name":"idle"},{"duration":15,"name":"release","frame":[{"duration":0,"events":[{"name":"audio_ui_sfx_btn_ok_mp3"}]}],"bone":[{"name":"Search_Follow2","translateFrame":[{"duration":5,"curve":[0.25,0,0.75,1]},{"duration":3,"curve":[0.329,0.285,0.6779999999999999,0.7],"x":3.99,"y":-4.7},{"duration":7,"curve":[0.2915,0.165,0.754,1],"x":5.57,"y":-6.56},{"duration":0}],"scaleFrame":[{"duration":5,"curve":[0.25,0,0.75,1]},{"duration":3,"curve":[0.329,0.285,0.6779999999999999,0.7],"x":1.05,"y":1.05},{"duration":7,"curve":[0.2915,0.165,0.754,1],"x":1.04,"y":1.04},{"duration":0}]},{"name":"Search_group","translateFrame":[{"duration":5,"curve":[0.25,0,0.75,1]},{"duration":7,"curve":[0.25,0,0.75,1],"x":-5.81},{"duration":3}]}]}],"defaultActions":[{"gotoAndPlay":"disable"}]},{"type":"Armature","frameRate":30,"name":"d_lobby_goodroad_panel_addroad","aabb":{"width":36,"height":36},"bone":[{"name":"root"},{"name":"d_lobby_goodroad_panel_addroad","parent":"root"},{"name":"goodroad_plus_btn_center","parent":"d_lobby_goodroad_panel_addroad","transform":{"x":18,"y":18}},{"name":"goodroad_plus_btn","parent":"goodroad_plus_btn_center"}],"slot":[{"name":"goodroad_plus_btn","parent":"goodroad_plus_btn","color":{"rM":81,"gM":56,"bM":37}}],"skin":[{"slot":[{"name":"goodroad_plus_btn","display":[{"type":"mesh","name":"goodroad_plus_btn","width":36,"height":36,"vertices":[18,18,-18,18,-18,-18,18,-18],"uvs":[1,1,0,1,0,0,1,0],"triangles":[1,0,3,2,1,3],"edges":[1,0,0,3,3,2,2,1],"userEdges":[]}]}]}],"animation":[{"duration":0,"name":"disable","slot":[{"name":"goodroad_plus_btn","colorFrame":[{"duration":0,"value":{"rM":47,"gM":34,"bM":23}}]}]},{"duration":0,"name":"idle","slot":[{"name":"goodroad_plus_btn","colorFrame":[{"duration":0,"value":{"rM":80,"gM":56,"bM":36}}]}]},{"duration":15,"name":"release","frame":[{"duration":0,"events":[{"name":"audio_ui_sfx_btn_switch_mp3"}]}],"bone":[{"name":"goodroad_plus_btn","scaleFrame":[{"duration":8,"tweenEasing":0},{"duration":7,"curve":[0.25,0,0.75,1],"x":1.2,"y":1.2},{"duration":0}]}],"slot":[{"name":"goodroad_plus_btn","colorFrame":[{"duration":15,"value":{"rM":80,"gM":56,"bM":36}}]}]}],"defaultActions":[{"gotoAndPlay":"disable"}]},{"type":"Armature","frameRate":30,"name":"d_lobby_goodroad_panel_addroad_btn_clear","aabb":{"width":46,"height":46},"bone":[{"name":"root"},{"name":"d_lobby_goodroad_panel_addroad_btn_clear","parent":"root"},{"name":"Clean_Center","parent":"d_lobby_goodroad_panel_addroad_btn_clear","transform":{"x":23,"y":23}},{"length":16,"name":"Clean_Handle","parent":"Clean_Center","transform":{"x":6.83,"y":-13.83,"skX":109.62,"skY":109.62}},{"length":10,"name":"Clean_Handle2","parent":"Clean_Handle","transform":{"x":16.17,"y":0.04,"skX":-2.26,"skY":-2.26}}],"slot":[{"name":"Blue_Btn_BG2","parent":"Clean_Center"},{"name":"d_lobby_goodroad_panel_addroad_btn_clear","parent":"Clean_Center"}],"skin":[{"slot":[{"name":"d_lobby_goodroad_panel_addroad_btn_clear","display":[{"type":"mesh","name":"d_lobby_goodroad_panel_addroad_btn_clear","width":25,"height":31,"vertices":[35,21.38,34.99,29.06,32.94,33.99,30.97,38,25.33,38,9.99,34,10.07,26.93,15.04,23.18,16.42,17.55,25.38,7,34.69,7.83],"uvs":[1,0.46389,1,0.71157,0.91788,0.87058,0.83888,1,0.61321,1,0,0.87093,0.00304,0.64293,0.20158,0.5217,0.25676,0.34017,0.61554,0,0.98784,0.02697],"triangles":[7,1,0,8,7,0,10,9,0,9,8,0,4,3,2,6,4,2,6,5,4,7,2,1,7,6,2],"weights":[1,3,1,1,3,1,2,3,0.496,4,0.504,1,4,1,1,4,1,1,4,1,2,3,0.496,4,0.504,1,3,1,1,3,1,1,3,1,1,3,1],"slotPose":[1,0,0,1,0,0],"bonePose":[3,-0.33578,0.94194,-0.94194,-0.33578,29.83,9.17,4,-0.298375,0.954449,-0.954449,-0.298375,24.362753,24.387743],"edges":[5,4,4,3,3,2,2,1,1,0,0,10,10,9,9,8,8,7,7,6,6,5],"userEdges":[1,7,6,2]}]},{"name":"Blue_Btn_BG2","display":[{"type":"mesh","name":"d_lobby_goodroad_panel_addroad_btn_BG","width":46,"height":46,"vertices":[23,23,-23,23,-23,-23,23,-23],"uvs":[1,1,0,1,0,0,1,0],"triangles":[1,0,3,2,1,3],"edges":[1,0,0,3,3,2,2,1],"userEdges":[]}]}]}],"animation":[{"duration":0,"name":"disable","slot":[{"name":"d_lobby_goodroad_panel_addroad_btn_clear","colorFrame":[{"duration":0,"value":{"rM":50,"gM":50,"bM":50}}]}]},{"duration":0,"name":"idle"},{"duration":15,"name":"release","frame":[{"duration":0,"events":[{"name":"audio_ui_sfx_btn_ok_mp3"}]}],"bone":[{"name":"Clean_Handle","translateFrame":[{"duration":8,"curve":[0.25,0,0.75,1]},{"duration":7,"curve":[0.25,0,0.75,1],"x":-3.8},{"duration":0}],"rotateFrame":[{"duration":8,"curve":[0.25,0,0.75,1]},{"duration":7,"curve":[0.25,0,0.75,1],"rotate":17.18},{"duration":0}]},{"name":"Clean_Handle2","rotateFrame":[{"duration":5,"tweenEasing":0},{"duration":5,"curve":[0.25,0,0.75,1],"rotate":-20.33},{"duration":5,"curve":[0.25,0,0.75,1],"rotate":14.36},{"duration":0}]}]}],"defaultActions":[{"gotoAndPlay":"disable"}]},{"type":"Armature","frameRate":30,"name":"d_lobby_goodroad_panel_addroad_btn_confirm","aabb":{"x":1,"y":1,"width":95,"height":46},"bone":[{"name":"root"},{"name":"d_lobby_goodroad_panel_addroad_btn_confirm","parent":"root"},{"name":"Confirm_Center","parent":"d_lobby_goodroad_panel_addroad_btn_confirm","transform":{"x":48.5,"y":24}},{"name":"Confirm_Scale","parent":"Confirm_Center"}],"slot":[{"name":"d_lobby_goodroad_panel_addroad_btn_confirm_BG_Blue","parent":"Confirm_Center"},{"name":"d_lobby_goodroad_panel_addroad_btn_confirm","parent":"Confirm_Scale"},{"name":"Confirm_Hover","parent":"Confirm_Center","color":{"aM":12}}],"skin":[{"slot":[{"name":"d_lobby_goodroad_panel_addroad_btn_confirm_BG_Blue","display":[{"type":"mesh","name":"d_lobby_goodroad_panel_addroad_btn_confirm_BG_Blue","width":95,"height":46,"vertices":[45.5,22,-49.5,22,-49.5,-24,45.5,-24],"uvs":[1,1,0,1,0,0,1,0],"triangles":[1,0,3,2,1,3],"edges":[1,0,0,3,3,2,2,1],"userEdges":[]}]},{"name":"d_lobby_goodroad_panel_addroad_btn_confirm","display":[{"type":"mesh","name":"d_lobby_goodroad_panel_addroad_btn_confirm","width":21,"height":16,"vertices":[8.5,-5.7,-5.39,7,-12.41,1.08,-12.07,-5,-5.21,1.96,5.4,-9,8.5,-9],"uvs":[1,0.20613,0.33868,1,0.00415,0.63025,0.02071,0.25012,0.34696,0.68512,0.85239,0.00002,1,0],"triangles":[6,5,0,5,4,0,4,1,0,3,2,4,4,2,1],"edges":[2,1,1,0,0,6,6,5,5,4,4,3,3,2],"userEdges":[4,1]}]},{"name":"Confirm_Hover","display":[{"type":"mesh","name":"d_lobby_betrecord_icon_prev_arror_back and forward_circle_hover","width":46,"height":46,"vertices":[45.37,22,24.35,22,-27.99,22,-49.18,22,-49.18,-24,-27.99,-24,24.39,-23.99,45.37,-24],"uvs":[1,1,0.5429,0.99999,0.46062,0.99999,0,1,0,0,0.46062,0.00001,0.54381,0.00017,1,0],"triangles":[2,1,6,5,2,6,6,1,0,6,0,7,5,4,2,4,3,2],"edges":[3,2,2,1,1,0,0,7,7,6,6,5,5,4,4,3],"userEdges":[5,2,6,1]}]}]}],"animation":[{"duration":0,"name":"disable","slot":[{"name":"Confirm_Hover","colorFrame":[{"duration":0,"value":{"aM":0}}]},{"name":"d_lobby_goodroad_panel_addroad_btn_confirm","colorFrame":[{"duration":0,"value":{"rM":50,"gM":50,"bM":50}}]},{"name":"d_lobby_goodroad_panel_addroad_btn_confirm_BG_Blue","colorFrame":[{"duration":0,"value":{"rM":46,"gM":46,"bM":46}}]}]},{"duration":0,"name":"idle","slot":[{"name":"Confirm_Hover","colorFrame":[{"duration":0,"value":{"aM":0}}]}]},{"duration":15,"name":"release","frame":[{"duration":0,"events":[{"name":"audio_ui_sfx_btn_ok_mp3"}]}],"bone":[{"name":"Confirm_Scale","scaleFrame":[{"duration":8,"tweenEasing":0},{"duration":7,"curve":[0.25,0,0.75,1],"x":1.3,"y":1.3},{"duration":0}]}],"slot":[{"name":"Confirm_Hover","colorFrame":[{"duration":15,"value":{"aM":0}}]},{"name":"d_lobby_goodroad_panel_addroad_btn_confirm","colorFrame":[{"duration":8,"tweenEasing":0},{"duration":3,"tweenEasing":0,"value":{"aM":0}},{"duration":4}]}],"ffd":[{"name":"d_lobby_goodroad_panel_addroad_btn_confirm","slot":"d_lobby_goodroad_panel_addroad_btn_confirm","frame":[{"duration":7},{"tweenEasing":0},{"tweenEasing":0,"vertices":[-20.74,6.67,-6.94,-5.96,0,0,0,0,-6.94,-5.96,-17.37,4.99,-20.49,6.25]},{"duration":2,"tweenEasing":0,"vertices":[-13.81,12.63,0,0,0,0,0,0,0,0,-10.44,10.94,-13.55,12.21]},{"duration":4}]}]}],"defaultActions":[{"gotoAndPlay":"disable"}]},{"type":"Armature","frameRate":30,"name":"d_lobby_goodroad_panel_addroad_btn_undo","aabb":{"width":46,"height":46},"bone":[{"name":"root"},{"name":"d_lobby_goodroad_panel_addroad_btn_undo","parent":"root"},{"name":"Undo_Center","parent":"d_lobby_goodroad_panel_addroad_btn_undo","transform":{"x":23,"y":23}},{"name":"Undo_Rotate","parent":"Undo_Center"}],"slot":[{"name":"Blue_Btn_BG","parent":"Undo_Center"},{"name":"d_lobby_goodroad_panel_addroad_btn_undo","parent":"Undo_Rotate"}],"skin":[{"slot":[{"name":"d_lobby_goodroad_panel_addroad_btn_undo","display":[{"type":"mesh","name":"d_lobby_goodroad_panel_addroad_btn_undo","width":26,"height":31,"vertices":[13,13,-13,13,-13,-18,13,-18],"uvs":[1,1,0,1,0,0,1,0],"triangles":[1,0,3,2,1,3],"edges":[1,0,0,3,3,2,2,1],"userEdges":[]}]},{"name":"Blue_Btn_BG","display":[{"type":"mesh","name":"d_lobby_goodroad_panel_addroad_btn_BG","width":46,"height":46,"vertices":[23,23,-23,23,-23,-23,23,-23],"uvs":[1,1,0,1,0,0,1,0],"triangles":[1,0,3,2,1,3],"edges":[1,0,0,3,3,2,2,1],"userEdges":[]}]}]}],"animation":[{"duration":0,"name":"disable","slot":[{"name":"d_lobby_goodroad_panel_addroad_btn_undo","colorFrame":[{"duration":0,"value":{"rM":50,"gM":50,"bM":50}}]}]},{"duration":0,"name":"idle"},{"duration":15,"name":"release","frame":[{"duration":0,"events":[{"name":"audio_ui_sfx_btn_ok_mp3"}]}],"bone":[{"name":"Undo_Rotate","rotateFrame":[{"duration":5,"tweenEasing":0},{"duration":5,"tweenEasing":0,"rotate":-120},{"duration":5,"tweenEasing":0,"rotate":120},{"duration":0}]}]}],"defaultActions":[{"gotoAndPlay":"disable"}]},{"type":"Armature","frameRate":30,"name":"d_lobby_goodroad_panel_roadmap_checkboxes","aabb":{"width":30,"height":30},"bone":[{"name":"root"},{"name":"d_lobby_goodroad_panel_roadmap_checkboxes_active","parent":"root"},{"name":"d_lobby_goodroad_panel_roadmap_checkboxes_active_center","parent":"d_lobby_goodroad_panel_roadmap_checkboxes_active","transform":{"x":15,"y":15}},{"name":"goodroad_select_tick","parent":"d_lobby_goodroad_panel_roadmap_checkboxes_active_center"},{"name":"goodroad_select_square","parent":"d_lobby_goodroad_panel_roadmap_checkboxes_active_center"}],"slot":[{"name":"goodroad_select_square","parent":"goodroad_select_square","color":{"rM":0,"gM":91,"bM":37}},{"name":"goodroad_select_tick","parent":"goodroad_select_tick","color":{"rM":0,"gM":91,"bM":38}}],"skin":[{"slot":[{"name":"goodroad_select_tick","display":[{"type":"mesh","name":"goodroad_select_tick","width":20,"height":19,"vertices":[7.99,-5.33,-1.21,7.18,-7.95,0.11,-5.36,-3.2,-1.55,0.64,4.76,-8.25],"uvs":[0.8993,0.24602,0.43944,0.904,0.1026,0.53201,0.2318,0.35799,0.42234,0.55999,0.73781,0.092],"triangles":[5,4,0,4,1,0,2,1,4,3,2,4],"edges":[2,1,1,0,0,5,5,4,4,3,3,2],"userEdges":[1,4]}]},{"name":"goodroad_select_square","display":[{"type":"mesh","name":"goodroad_select_square","width":30,"height":30,"vertices":[15,15,-15,15,-15,-15,15,-15],"uvs":[1,1,0,1,0,0,1,0],"triangles":[1,0,3,2,1,3],"edges":[1,0,0,3,3,2,2,1],"userEdges":[]}]}]}],"animation":[{"duration":0,"name":"disable_off","slot":[{"name":"goodroad_select_square","colorFrame":[{"duration":0,"value":{"rM":62,"gM":62,"bM":62}}]},{"name":"goodroad_select_tick","colorFrame":[{"duration":0,"value":{"rM":62,"gM":62,"bM":62}}]}]},{"duration":0,"name":"disable_on"},{"duration":0,"name":"idle_off","bone":[{"name":"goodroad_select_tick","scaleFrame":[{"duration":0,"x":0.8,"y":0.8}]}],"slot":[{"name":"goodroad_select_square","colorFrame":[{"duration":0,"value":{"rM":62,"gM":62,"bM":62}}]},{"name":"goodroad_select_tick","colorFrame":[{"duration":0,"value":{"aM":0,"rM":0,"gM":90,"bM":37}}]}]},{"duration":0,"name":"idle_on","bone":[{"name":"goodroad_select_tick","scaleFrame":[{"duration":0,"x":0.8,"y":0.8}]}],"slot":[{"name":"goodroad_select_square","colorFrame":[{"duration":0,"value":{"rM":0,"gM":90,"bM":36}}]},{"name":"goodroad_select_tick","colorFrame":[{"duration":0,"value":{"aM":0,"rM":0,"gM":90,"bM":37}}]}]},{"duration":6,"name":"switch_to_off","frame":[{"duration":0,"events":[{"name":"audio_ui_sfx_btn_cancel_mp3"}]}],"slot":[{"name":"goodroad_select_square","colorFrame":[{"duration":6,"tweenEasing":0,"value":{"rM":0,"gM":90,"bM":37}},{"duration":0,"value":{"rM":62,"gM":62,"bM":62}}]},{"name":"goodroad_select_tick","colorFrame":[{"duration":2,"tweenEasing":0,"value":{"rM":0,"gM":90,"bM":37}},{"duration":4,"value":{"aM":0,"rM":0,"gM":90,"bM":37}}]}]},{"duration":6,"name":"switch_to_on","frame":[{"duration":0,"events":[{"name":"audio_ui_sfx_btn_ok_mp3"}]}],"bone":[{"name":"goodroad_select_tick","scaleFrame":[{"curve":[0.25,0,0.75,1],"x":0.8,"y":0.8},{"duration":5,"curve":[0.842,0.02,0.75,1],"x":1.15,"y":1.15},{"duration":0}]}],"slot":[{"name":"goodroad_select_square","colorFrame":[{"duration":3,"value":{"rM":62,"gM":62,"bM":62}},{"duration":3,"curve":[0.25,0,0.75,1],"value":{"rM":62,"gM":62,"bM":62}},{"duration":0,"value":{"rM":0,"gM":90,"bM":37}}]},{"name":"goodroad_select_tick","colorFrame":[{"duration":3,"curve":[0.25,0,0.75,1],"value":{"aM":0,"rM":0,"gM":90,"bM":37}},{"duration":3,"value":{"rM":0,"gM":90,"bM":37}}]}],"ffd":[{"name":"goodroad_select_tick","slot":"goodroad_select_tick","frame":[{"tweenEasing":0},{"tweenEasing":0,"vertices":[-15.94,5.52,-6.76,-6.98,0,0,0,0,-3.79,-3.79,-10.04,5.07]},{"tweenEasing":0,"vertices":[-9.18,12.5,0,0,0,0,0,0,0,0,-6.25,8.86]},{"duration":3}]}]}],"defaultActions":[{"gotoAndPlay":"disable_off"}]},{"type":"Armature","frameRate":30,"name":"d_lobby_goodroad_remark","aabb":{"x":-5,"y":-3.5,"width":40,"height":37},"bone":[{"name":"root"},{"name":"d_lobby_goodroad_remark","parent":"root"},{"name":"Baccarat_Super_center","parent":"d_lobby_goodroad_remark","transform":{"x":15,"y":15}},{"name":"Baccarat_Super6","parent":"Baccarat_Super_center"},{"name":"Baccarat_Super6_star","parent":"Baccarat_Super6"},{"name":"Baccarat_Super6_effect","parent":"Baccarat_Super6"}],"slot":[{"name":"Baccarat_Super6_star","parent":"Baccarat_Super6_star","color":{"gM":88,"bM":0}},{"blendMode":"add","name":"Baccarat_Super6_effect","parent":"Baccarat_Super6_effect","color":{"gM":87,"bM":0}}],"skin":[{"slot":[{"name":"Baccarat_Super6_star","display":[{"type":"mesh","name":"d_lobby_panel_gamelist_goodroad","width":40,"height":37,"vertices":[20,17,-20,17,-20,-20,20,-20],"uvs":[1,1,0,1,0,0,1,0],"triangles":[1,0,3,2,1,3],"edges":[1,0,0,3,3,2,2,1],"userEdges":[]}]},{"name":"Baccarat_Super6_effect","display":[{"type":"mesh","name":"d_lobby_panel_gamelist_goodroad","width":40,"height":37,"vertices":[20,17,-20,17,-20,-20,20,-20],"uvs":[1,1,0,1,0,0,1,0],"triangles":[1,0,3,2,1,3],"edges":[1,0,0,3,3,2,2,1],"userEdges":[]}]}]}],"animation":[{"duration":0,"name":"disable","slot":[{"name":"Baccarat_Super6_effect","colorFrame":[{"duration":0,"value":{"aM":0}}]},{"name":"Baccarat_Super6_star","colorFrame":[{"duration":0,"value":{"rM":50,"gM":50,"bM":50}}]}]},{"duration":0,"name":"idle","slot":[{"name":"Baccarat_Super6_effect","colorFrame":[{"duration":0,"value":{"aM":0}}]},{"name":"Baccarat_Super6_star","colorFrame":[{"duration":0,"value":{"gM":87,"bM":0}}]}]},{"duration":15,"name":"release","frame":[{"duration":0,"events":[{"name":"audio_ui_sfx_info_message_mp3"}]}],"bone":[{"name":"Baccarat_Super6_effect","scaleFrame":[{"duration":15,"curve":[0.25,0,0.75,1]},{"duration":0,"x":1.5,"y":1.5}]},{"name":"Baccarat_Super6","scaleFrame":[{"duration":8,"curve":[0.25,0,0.75,1]},{"duration":7,"curve":[0.25,0,0.75,1],"x":1.1,"y":1.1},{"duration":0}]}],"slot":[{"name":"Baccarat_Super6_effect","colorFrame":[{"duration":8,"curve":[0.25,0,0.75,1],"value":{"aM":0}},{"duration":7,"curve":[0.25,0,0.75,1],"value":{"aM":44,"gM":83,"bM":1}},{"duration":0,"value":{"aM":0}}]},{"name":"Baccarat_Super6_star","colorFrame":[{"duration":15,"value":{"gM":87,"bM":0}}]}]}],"defaultActions":[{"gotoAndPlay":"disable"}]},{"type":"Armature","frameRate":30,"name":"d_lobby_panel_betcontrol_btn_close","aabb":{"x":-4,"y":-4,"width":62,"height":66},"bone":[{"name":"root"},{"name":"d_lobby_panel_betcontrol_btn_close","parent":"root"},{"name":"lobby_panel_betcontrol_close_bg","parent":"d_lobby_panel_betcontrol_btn_close","transform":{"x":27,"y":29}},{"name":"lobby_panel_betcontrol_close_icon","parent":"lobby_panel_betcontrol_close_bg"}],"slot":[{"name":"lobby_panel_betcontrol_close_bg","parent":"lobby_panel_betcontrol_close_bg","color":{"rM":27,"gM":33,"bM":36}},{"name":"lobby_panel_betcontrol_close_icon","parent":"lobby_panel_betcontrol_close_icon"}],"skin":[{"slot":[{"name":"lobby_panel_betcontrol_close_bg","display":[{"type":"mesh","name":"d_lobby_panel_betcontrol_btn_close_bg","width":62,"height":66,"vertices":[31,33,-31,33,-31,-33,31,-33],"uvs":[1,1,0,1,0,0,1,0],"triangles":[1,0,3,2,1,3],"edges":[1,0,0,3,3,2,2,1],"userEdges":[]}]},{"name":"lobby_panel_betcontrol_close_icon","display":[{"type":"mesh","name":"d_lobby_panel_betcontrol_btn_close","width":27,"height":27,"vertices":[14,14,-13,14,-13,-13,14,-13],"uvs":[1,1,0,1,0,0,1,0],"triangles":[1,0,3,2,1,3],"edges":[1,0,0,3,3,2,2,1],"userEdges":[]}]}]}],"animation":[{"duration":0,"name":"disable","slot":[{"name":"lobby_panel_betcontrol_close_icon","colorFrame":[{"duration":0,"value":{"rM":50,"gM":50,"bM":50}}]}]},{"duration":0,"name":"idle","slot":[{"name":"lobby_panel_betcontrol_close_bg","colorFrame":[{"duration":0,"value":{"rM":27,"gM":32,"bM":35}}]}]},{"duration":15,"name":"release","frame":[{"duration":0,"events":[{"name":"audio_ui_sfx_btn_ok_mp3"}]}],"bone":[{"name":"lobby_panel_betcontrol_close_icon","scaleFrame":[{"duration":8,"tweenEasing":0},{"duration":7,"tweenEasing":0,"x":1.3,"y":1.3},{"duration":0}]}],"slot":[{"name":"lobby_panel_betcontrol_close_bg","colorFrame":[{"duration":15,"value":{"rM":27,"gM":32,"bM":35}}]}]}],"defaultActions":[{"gotoAndPlay":"disable"}]},{"type":"Armature","frameRate":30,"name":"d_lobby_panel_betcontrol_btn_confirm","aabb":{"x":-4,"y":-4,"width":118,"height":66},"bone":[{"name":"root"},{"name":"d_lobby_panel_betcontrol_btn_confirm","parent":"root"},{"name":"lobby_panel_betcontrol_confirm_bg","parent":"d_lobby_panel_betcontrol_btn_confirm","transform":{"x":55,"y":29}},{"name":"lobby_panel_betcontrol_confirm_icon","parent":"lobby_panel_betcontrol_confirm_bg"}],"slot":[{"name":"lobby_panel_betcontrol_confirm_bg","parent":"lobby_panel_betcontrol_confirm_bg","color":{"rM":0,"gM":67,"bM":37}},{"name":"lobby_panel_betcontrol_confirm_icon","parent":"lobby_panel_betcontrol_confirm_icon"}],"skin":[{"slot":[{"name":"lobby_panel_betcontrol_confirm_bg","display":[{"type":"mesh","name":"d_lobby_panel_betcontrol_btn_confirm_bg","width":118,"height":66,"vertices":[59,33,-59,33,-59,-33,59,-33],"uvs":[1,1,0,1,0,0,1,0],"triangles":[1,0,3,2,1,3],"edges":[1,0,0,3,3,2,2,1],"userEdges":[]}]},{"name":"lobby_panel_betcontrol_confirm_icon","display":[{"type":"mesh","name":"d_lobby_panel_betcontrol_btn_confirm","width":40,"height":31,"vertices":[19,-8.83,-5.31,14.34,-19,1.68,-14.12,-3.68,-5.3,4.84,13.78,-13.89],"uvs":[0.97503,0.19889,0.3673,0.94629,0.02497,0.5381,0.14707,0.36522,0.36739,0.64013,0.8446,0.03581],"triangles":[5,4,0,4,1,0,2,1,4,3,2,4],"edges":[2,1,1,0,0,5,5,4,4,3,3,2],"userEdges":[1,4]}]}]}],"animation":[{"duration":0,"name":"disable","slot":[{"name":"lobby_panel_betcontrol_confirm_bg","colorFrame":[{"duration":0,"value":{"rM":0,"gM":23,"bM":12}}]},{"name":"lobby_panel_betcontrol_confirm_icon","colorFrame":[{"duration":0,"value":{"rM":50,"gM":50,"bM":50}}]}]},{"duration":0,"name":"idle"},{"duration":15,"name":"release","frame":[{"duration":0,"events":[{"name":"audio_ui_sfx_btn_ok_mp3"}]}],"bone":[{"name":"lobby_panel_betcontrol_confirm_icon","scaleFrame":[{"duration":8,"curve":[0.25,0,0.75,1]},{"duration":7,"curve":[0.25,0,0.75,1],"x":1.3,"y":1.3},{"duration":0}]}],"slot":[{"name":"lobby_panel_betcontrol_confirm_bg","colorFrame":[{"duration":15,"value":{"rM":0,"gM":76,"bM":42}}]},{"name":"lobby_panel_betcontrol_confirm_icon","colorFrame":[{"duration":8,"tweenEasing":0},{"duration":3,"tweenEasing":0,"value":{"aM":0}},{"duration":4}]}],"ffd":[{"name":"d_lobby_panel_betcontrol_btn_confirm","slot":"lobby_panel_betcontrol_confirm_icon","frame":[{"duration":7},{"duration":3,"tweenEasing":0},{"duration":3,"tweenEasing":0,"vertices":[-24.26,23.14,0,0,0,0,0,0,0,0,-19.08,18.75]},{"duration":2}]}]}],"defaultActions":[{"gotoAndPlay":"disable"}]},{"type":"Armature","frameRate":30,"name":"d_lobby_panel_betcontrol_btn_undo","aabb":{"x":-4,"y":-4,"width":62,"height":66},"bone":[{"name":"root"},{"name":"d_lobby_panel_betcontrol_btn_undo","parent":"root"},{"name":"lobby_panel_betcontrol_previous_bg","parent":"d_lobby_panel_betcontrol_btn_undo","transform":{"x":27,"y":29}},{"name":"lobby_panel_betcontrol_previous_icon","parent":"lobby_panel_betcontrol_previous_bg","transform":{"y":1}}],"slot":[{"name":"lobby_panel_betcontrol_previous_bg","parent":"lobby_panel_betcontrol_previous_bg","color":{"rM":27,"gM":33,"bM":36}},{"name":"lobby_panel_betcontrol_previous_icon","parent":"lobby_panel_betcontrol_previous_icon"}],"skin":[{"slot":[{"name":"lobby_panel_betcontrol_previous_bg","display":[{"type":"mesh","name":"d_lobby_panel_betcontrol_btn_undo_bg","width":62,"height":66,"vertices":[31,33,-31,33,-31,-33,31,-33],"uvs":[1,1,0,1,0,0,1,0],"triangles":[1,0,3,2,1,3],"edges":[1,0,0,3,3,2,2,1],"userEdges":[]}]},{"name":"lobby_panel_betcontrol_previous_icon","display":[{"type":"mesh","name":"d_lobby_panel_betcontrol_btn_undo","width":32,"height":34,"vertices":[16,16,-16,16,-16,-18,16,-18],"uvs":[1,1,0,1,0,0,1,0],"triangles":[1,0,3,2,1,3],"edges":[1,0,0,3,3,2,2,1],"userEdges":[]}]}]}],"animation":[{"duration":0,"name":"disable","slot":[{"name":"lobby_panel_betcontrol_previous_icon","colorFrame":[{"duration":0,"value":{"rM":50,"gM":50,"bM":50}}]}]},{"duration":0,"name":"idle","slot":[{"name":"lobby_panel_betcontrol_previous_bg","colorFrame":[{"duration":0,"value":{"rM":27,"gM":32,"bM":35}}]}]},{"duration":15,"name":"release","frame":[{"duration":0,"events":[{"name":"audio_ui_sfx_penal_open_mp3"}]}],"bone":[{"name":"lobby_panel_betcontrol_previous_icon","rotateFrame":[{"duration":5,"tweenEasing":0},{"duration":5,"tweenEasing":0,"rotate":-120},{"duration":5,"tweenEasing":0,"rotate":120},{"duration":0}]}],"slot":[{"name":"lobby_panel_betcontrol_previous_bg","colorFrame":[{"duration":15,"value":{"rM":27,"gM":32,"bM":35}}]}]}],"defaultActions":[{"gotoAndPlay":"disable"}]},{"type":"Armature","frameRate":30,"name":"d_lobby_panel_gamelist_allgames","aabb":{"x":-1,"y":-1,"width":31.5,"height":32},"bone":[{"name":"root"},{"name":"d_lobby_panel_gamelist_allgames","parent":"root"},{"name":"all_game","parent":"d_lobby_panel_gamelist_allgames","transform":{"x":15,"y":15}},{"name":"square01","parent":"all_game","transform":{"x":8,"y":-8.5}},{"name":"square04","parent":"all_game","transform":{"x":8}},{"name":"square05","parent":"all_game","transform":{"x":8,"y":8.5}},{"name":"square06","parent":"all_game","transform":{"y":8.5}},{"name":"square07","parent":"all_game","transform":{"x":-8.5,"y":8.5}},{"name":"square09","parent":"all_game","transform":{"x":-8.5}},{"name":"square03","parent":"all_game","transform":{"x":-8.5,"y":-8.5}},{"name":"square02","parent":"all_game","transform":{"y":-8.5}},{"name":"square08","parent":"all_game"}],"slot":[{"name":"square09","parent":"square09"},{"name":"square08","parent":"square08"},{"name":"square07","parent":"square07"},{"name":"square06","parent":"square06"},{"name":"square05","parent":"square05"},{"name":"square04","parent":"square04"},{"name":"square03","parent":"square03"},{"name":"square02","parent":"square02"},{"name":"square01","parent":"square01"}],"skin":[{"slot":[{"name":"square07","display":[{"type":"mesh","name":"d_lobby_panel_gamelist_allgames_square7","width":15,"height":15,"vertices":[7.5,7.5,-7.5,7.5,-7.5,-7.5,7.5,-7.5],"uvs":[1,1,0,1,0,0,1,0],"triangles":[1,0,3,2,1,3],"edges":[1,0,0,3,3,2,2,1],"userEdges":[]}]},{"name":"square03","display":[{"type":"mesh","name":"d_lobby_panel_gamelist_allgames_square3","width":15,"height":15,"vertices":[7.5,7.5,-7.5,7.5,-7.5,-7.5,7.5,-7.5],"uvs":[1,1,0,1,0,0,1,0],"triangles":[1,0,3,2,1,3],"edges":[1,0,0,3,3,2,2,1],"userEdges":[]}]},{"name":"square04","display":[{"type":"mesh","name":"d_lobby_panel_gamelist_allgames_square4","width":15,"height":16,"vertices":[8,8,-7,8,-7,-8,8,-8],"uvs":[1,1,0,1,0,0,1,0],"triangles":[1,0,3,2,1,3],"edges":[1,0,0,3,3,2,2,1],"userEdges":[]}]},{"name":"square01","display":[{"type":"mesh","name":"d_lobby_panel_gamelist_allgames_square1","width":15,"height":15,"vertices":[8,7.5,-7,7.5,-7,-7.5,8,-7.5],"uvs":[1,1,0,1,0,0,1,0],"triangles":[1,0,3,2,1,3],"edges":[1,0,0,3,3,2,2,1],"userEdges":[]}]},{"name":"square06","display":[{"type":"mesh","name":"d_lobby_panel_gamelist_allgames_square6","width":16,"height":15,"vertices":[8,7.5,-8,7.5,-8,-7.5,8,-7.5],"uvs":[1,1,0,1,0,0,1,0],"triangles":[1,0,3,2,1,3],"edges":[1,0,0,3,3,2,2,1],"userEdges":[]}]},{"name":"square09","display":[{"type":"mesh","name":"d_lobby_panel_gamelist_allgames_square9","width":15,"height":16,"vertices":[7.5,8,-7.5,8,-7.5,-8,7.5,-8],"uvs":[1,1,0,1,0,0,1,0],"triangles":[1,0,3,2,1,3],"edges":[1,0,0,3,3,2,2,1],"userEdges":[]}]},{"name":"square02","display":[{"type":"mesh","name":"d_lobby_panel_gamelist_allgames_square2","width":16,"height":15,"vertices":[8,7.5,-8,7.5,-8,-7.5,8,-7.5],"uvs":[1,1,0,1,0,0,1,0],"triangles":[1,0,3,2,1,3],"edges":[1,0,0,3,3,2,2,1],"userEdges":[]}]},{"name":"square05","display":[{"type":"mesh","name":"d_lobby_panel_gamelist_allgames_square5","width":15,"height":15,"vertices":[8,7.5,-7,7.5,-7,-7.5,8,-7.5],"uvs":[1,1,0,1,0,0,1,0],"triangles":[1,0,3,2,1,3],"edges":[1,0,0,3,3,2,2,1],"userEdges":[]}]},{"name":"square08","display":[{"type":"mesh","name":"d_lobby_panel_gamelist_allgames_square8","width":16,"height":16,"vertices":[8.08,8.08,-8.08,8.08,-8.08,-8.08,8.08,-8.08],"uvs":[1,1,0,1,0,0,1,0],"triangles":[1,0,3,2,1,3],"edges":[1,0,0,3,3,2,2,1],"userEdges":[]}]}]}],"animation":[{"duration":0,"name":"disable","slot":[{"name":"square01","colorFrame":[{"duration":0,"value":{"aM":70,"rM":55,"gM":55,"bM":55}}]},{"name":"square02","colorFrame":[{"duration":0,"value":{"aM":70,"rM":55,"gM":55,"bM":55}}]},{"name":"square03","colorFrame":[{"duration":0,"value":{"aM":70,"rM":55,"gM":55,"bM":55}}]},{"name":"square04","colorFrame":[{"duration":0,"value":{"aM":70,"rM":55,"gM":55,"bM":55}}]},{"name":"square05","colorFrame":[{"duration":0,"value":{"aM":70,"rM":55,"gM":55,"bM":55}}]},{"name":"square06","colorFrame":[{"duration":0,"value":{"aM":70,"rM":55,"gM":55,"bM":55}}]},{"name":"square07","colorFrame":[{"duration":0,"value":{"aM":70,"rM":55,"gM":55,"bM":55}}]},{"name":"square08","colorFrame":[{"duration":0,"value":{"aM":70,"rM":55,"gM":55,"bM":55}}]},{"name":"square09","colorFrame":[{"duration":0,"value":{"aM":70,"rM":55,"gM":55,"bM":55}}]}]},{"duration":0,"name":"idle","slot":[{"name":"square01","colorFrame":[{"duration":0,"value":{"aM":70}}]},{"name":"square02","colorFrame":[{"duration":0,"value":{"aM":70}}]},{"name":"square03","colorFrame":[{"duration":0,"value":{"aM":70}}]},{"name":"square04","colorFrame":[{"duration":0,"value":{"aM":70}}]},{"name":"square05","colorFrame":[{"duration":0,"value":{"aM":70}}]},{"name":"square06","colorFrame":[{"duration":0,"value":{"aM":70}}]},{"name":"square07","colorFrame":[{"duration":0,"value":{"aM":70}}]},{"name":"square08","colorFrame":[{"duration":0,"value":{"aM":70}}]},{"name":"square09","colorFrame":[{"duration":0,"value":{"aM":70}}]}]},{"duration":15,"name":"release","frame":[{"duration":0,"events":[{"name":"audio_ui_sfx_btn_switch_mp3"}]}],"bone":[{"name":"square08","translateFrame":[{"duration":5,"tweenEasing":0},{"duration":9,"curve":[0.893,0.03,0.6,0.95],"x":8},{}]},{"name":"square09","translateFrame":[{"duration":5,"tweenEasing":0},{"duration":9,"curve":[0.893,0.03,0.6,0.95],"x":16.5},{}]},{"name":"square02","translateFrame":[{"duration":4,"tweenEasing":0},{"duration":9,"curve":[0.893,0.03,0.6,0.95],"x":8},{"duration":2}]},{"name":"square07","translateFrame":[{"duration":6,"tweenEasing":0},{"duration":9,"curve":[0.893,0.03,0.6,0.95],"x":16.5},{"duration":0}]},{"name":"square06","translateFrame":[{"duration":6,"tweenEasing":0},{"duration":9,"curve":[0.893,0.03,0.6,0.95],"x":8},{"duration":0}]},{"name":"square03","translateFrame":[{"duration":4,"tweenEasing":0},{"duration":9,"curve":[0.893,0.03,0.6,0.95],"x":16.5},{"duration":2}]}],"slot":[{"name":"square01","colorFrame":[{"duration":15,"value":{"aM":70}}]},{"name":"square02","colorFrame":[{"duration":15,"value":{"aM":70}}]},{"name":"square03","colorFrame":[{"duration":15,"value":{"aM":70}}]},{"name":"square04","colorFrame":[{"duration":15,"value":{"aM":70}}]},{"name":"square05","colorFrame":[{"duration":15,"value":{"aM":70}}]},{"name":"square06","colorFrame":[{"duration":15,"value":{"aM":70}}]},{"name":"square07","colorFrame":[{"duration":15,"value":{"aM":70}}]},{"name":"square08","colorFrame":[{"duration":15,"value":{"aM":70}}]},{"name":"square09","colorFrame":[{"duration":15,"value":{"aM":70}}]}]}],"defaultActions":[{"gotoAndPlay":"disable"}]},{"type":"Armature","frameRate":30,"name":"d_lobby_panel_gamelist_betted","aabb":{"x":-4,"y":-4,"width":38,"height":38},"bone":[{"name":"root"},{"name":"d_lobby_panel_gamelist_betted","parent":"root"},{"name":"circle","parent":"d_lobby_panel_gamelist_betted","transform":{"x":15,"y":15}},{"name":"outer_circle01","parent":"circle","transform":{"x":6.5,"y":-11}},{"name":"outer_circle03","parent":"circle","transform":{"x":12.5}},{"name":"outer_circle05","parent":"circle","transform":{"x":6.5,"y":11}},{"name":"outer_circle06","parent":"circle","transform":{"x":-6.5,"y":11}},{"name":"outer_circle04","parent":"circle","transform":{"x":-12.5}},{"name":"outer_circle02","parent":"circle","transform":{"x":-6.5,"y":-11}}],"slot":[{"name":"outer_circle06","parent":"outer_circle06"},{"name":"outer_circle05","parent":"outer_circle05"},{"name":"circle","parent":"circle"},{"name":"outer_circle04","parent":"outer_circle04"},{"name":"outer_circle03","parent":"outer_circle03"},{"name":"outer_circle02","parent":"outer_circle02"},{"name":"outer_circle01","parent":"outer_circle01"}],"skin":[{"slot":[{"name":"outer_circle03","display":[{"type":"mesh","name":"d_lobby_panel_gamelist_betted_circle3","width":13,"height":20,"vertices":[6.5,10,-6.5,10,-6.5,-10,6.5,-10],"uvs":[1,1,0,1,0,0,1,0],"triangles":[1,0,3,2,1,3],"edges":[1,0,0,3,3,2,2,1],"userEdges":[]}]},{"name":"outer_circle06","display":[{"type":"mesh","name":"d_lobby_panel_gamelist_betted_circle6","width":19,"height":16,"vertices":[9.5,8,-9.5,8,-9.5,-8,9.5,-8],"uvs":[1,1,0,1,0,0,1,0],"triangles":[1,0,3,2,1,3],"edges":[1,0,0,3,3,2,2,1],"userEdges":[]}]},{"name":"outer_circle01","display":[{"type":"mesh","name":"d_lobby_panel_gamelist_betted_circle1","width":19,"height":16,"vertices":[9.5,8,-9.5,8,-9.5,-8,9.5,-8],"uvs":[1,1,0,1,0,0,1,0],"triangles":[1,0,3,2,1,3],"edges":[1,0,0,3,3,2,2,1],"userEdges":[]}]},{"name":"outer_circle02","display":[{"type":"mesh","name":"d_lobby_panel_gamelist_betted_circle2","width":19,"height":16,"vertices":[9.5,8,-9.5,8,-9.5,-8,9.5,-8],"uvs":[1,1,0,1,0,0,1,0],"triangles":[1,0,3,2,1,3],"edges":[1,0,0,3,3,2,2,1],"userEdges":[]}]},{"name":"outer_circle04","display":[{"type":"mesh","name":"d_lobby_panel_gamelist_betted_circle4","width":13,"height":20,"vertices":[6.5,10,-6.5,10,-6.5,-10,6.5,-10],"uvs":[1,1,0,1,0,0,1,0],"triangles":[1,0,3,2,1,3],"edges":[1,0,0,3,3,2,2,1],"userEdges":[]}]},{"name":"circle","display":[{"type":"mesh","name":"d_lobby_panel_gamelist_betted_circle","width":26,"height":26,"vertices":[13,13,-13,13,-13,-13,13,-13],"uvs":[1,1,0,1,0,0,1,0],"triangles":[1,0,3,2,1,3],"edges":[1,0,0,3,3,2,2,1],"userEdges":[]}]},{"name":"outer_circle05","display":[{"type":"mesh","name":"d_lobby_panel_gamelist_betted_circle5","width":19,"height":16,"vertices":[9.5,8,-9.5,8,-9.5,-8,9.5,-8],"uvs":[1,1,0,1,0,0,1,0],"triangles":[1,0,3,2,1,3],"edges":[1,0,0,3,3,2,2,1],"userEdges":[]}]}]}],"animation":[{"duration":0,"name":"disable","slot":[{"name":"circle","colorFrame":[{"duration":0,"value":{"aM":70,"rM":55,"gM":55,"bM":55}}]},{"name":"outer_circle01","colorFrame":[{"duration":0,"value":{"aM":70,"rM":55,"gM":55,"bM":55}}]},{"name":"outer_circle02","colorFrame":[{"duration":0,"value":{"aM":70,"rM":55,"gM":55,"bM":55}}]},{"name":"outer_circle03","colorFrame":[{"duration":0,"value":{"aM":70,"rM":55,"gM":55,"bM":55}}]},{"name":"outer_circle04","colorFrame":[{"duration":0,"value":{"aM":70,"rM":55,"gM":55,"bM":55}}]},{"name":"outer_circle05","colorFrame":[{"duration":0,"value":{"aM":70,"rM":55,"gM":55,"bM":55}}]},{"name":"outer_circle06","colorFrame":[{"duration":0,"value":{"aM":70,"rM":55,"gM":55,"bM":55}}]}]},{"duration":0,"name":"idle","slot":[{"name":"circle","colorFrame":[{"duration":0,"value":{"aM":85}}]},{"name":"outer_circle01","colorFrame":[{"duration":0,"value":{"aM":85}}]},{"name":"outer_circle02","colorFrame":[{"duration":0,"value":{"aM":85}}]},{"name":"outer_circle03","colorFrame":[{"duration":0,"value":{"aM":85}}]},{"name":"outer_circle04","colorFrame":[{"duration":0,"value":{"aM":85}}]},{"name":"outer_circle05","colorFrame":[{"duration":0,"value":{"aM":85}}]},{"name":"outer_circle06","colorFrame":[{"duration":0,"value":{"aM":85}}]}]},{"duration":15,"name":"release","frame":[{"duration":0,"events":[{"name":"audio_ui_sfx_btn_switch_mp3"}]}],"bone":[{"name":"circle","rotateFrame":[{"duration":6,"curve":[0.25,0,0.02,1]},{"duration":6,"curve":[0.875,0.01,0.75,1],"rotate":40.48},{"duration":3,"curve":[0.627,0,0.75,1],"rotate":-15.65},{"duration":0}]}],"slot":[{"name":"circle","colorFrame":[{"duration":15,"value":{"aM":85}}]},{"name":"outer_circle01","colorFrame":[{"duration":13,"tweenEasing":0,"value":{"aM":85}},{"duration":2,"curve":[0.25,0,0.625,0.5]},{"duration":0,"value":{"aM":85}}]},{"name":"outer_circle02","colorFrame":[{"duration":13,"tweenEasing":0,"value":{"aM":85}},{"duration":2,"curve":[0.25,0,0.625,0.5]},{"duration":0,"value":{"aM":85}}]},{"name":"outer_circle03","colorFrame":[{"duration":13,"tweenEasing":0,"value":{"aM":85}},{"duration":2,"curve":[0.25,0,0.625,0.5]},{"duration":0,"value":{"aM":85}}]},{"name":"outer_circle04","colorFrame":[{"duration":13,"tweenEasing":0,"value":{"aM":85}},{"duration":2,"curve":[0.25,0,0.625,0.5]},{"duration":0,"value":{"aM":85}}]},{"name":"outer_circle05","colorFrame":[{"duration":15,"value":{"aM":85}}]},{"name":"outer_circle06","colorFrame":[{"duration":13,"tweenEasing":0,"value":{"aM":85}},{"duration":2,"curve":[0.25,0,0.625,0.5]},{"duration":0,"value":{"aM":85}}]}]}],"defaultActions":[{"gotoAndPlay":"disable"}]},{"type":"Armature","frameRate":30,"name":"d_lobby_panel_gamelist_goodroad","aabb":{"x":-5,"y":-3.5,"width":40,"height":37},"bone":[{"name":"root"},{"name":"d_lobby_panel_gamelist_goodroad","parent":"root"},{"name":"goodroad_group2","parent":"d_lobby_panel_gamelist_goodroad","transform":{"x":15,"y":15}}],"slot":[{"name":"d_lobby_panel_gamelist_goodroad","parent":"goodroad_group2"}],"skin":[{"slot":[{"name":"d_lobby_panel_gamelist_goodroad","display":[{"type":"mesh","name":"d_lobby_panel_gamelist_goodroad","width":40,"height":37,"vertices":[20,17,-20,17,-20,-20,20,-20],"uvs":[1,1,0,1,0,0,1,0],"triangles":[1,0,3,2,1,3],"edges":[1,0,0,3,3,2,2,1],"userEdges":[]}]}]}],"animation":[{"duration":0,"name":"disable","slot":[{"name":"d_lobby_panel_gamelist_goodroad","colorFrame":[{"duration":0,"value":{"aM":70,"rM":55,"gM":55,"bM":55}}]}]},{"duration":0,"name":"idle","slot":[{"name":"d_lobby_panel_gamelist_goodroad","colorFrame":[{"duration":0,"value":{"aM":70}}]}]},{"duration":15,"name":"release","frame":[{"duration":0,"events":[{"name":"audio_ui_sfx_btn_switch_mp3"}]}],"bone":[{"name":"goodroad_group2","rotateFrame":[{"duration":6,"curve":[0.25,0,0.163,0.96]},{"duration":6,"curve":[0.887,0,0.75,1],"rotate":35},{"duration":3,"curve":[0.627,0,0.75,1],"rotate":-12.27},{"duration":0}]}],"slot":[{"name":"d_lobby_panel_gamelist_goodroad","colorFrame":[{"duration":15,"value":{"aM":70}}]}]}],"defaultActions":[{"gotoAndPlay":"disable"}]},{"type":"Armature","frameRate":30,"name":"d_lobby_setting_playinfo_icon_edit","aabb":{"y":0.5,"width":30,"height":29},"bone":[{"name":"root"},{"name":"d_lobby_setting_playinfo_icon_edit","parent":"root"},{"name":"Edid_Center2","parent":"d_lobby_setting_playinfo_icon_edit","transform":{"x":15,"y":15}},{"length":21,"name":"Pan2","parent":"Edid_Center2","transform":{"x":-1.48,"y":0.76,"skX":-43.26,"skY":-43.26}}],"slot":[{"name":"d_lobby_setting_playinfo_icon_edit_3","parent":"Edid_Center2"},{"name":"d_lobby_setting_playinfo_icon_edit_4","parent":"Pan2"}],"skin":[{"slot":[{"name":"d_lobby_setting_playinfo_icon_edit_4","display":[{"type":"mesh","name":"d_lobby_setting_playinfo_icon_edit_1","width":24,"height":24,"vertices":[20.34,2.59,-2.85,3.07,-2.97,-2.55,20.31,-3.07],"uvs":[0.92083,0.23786,0.23092,0.91458,0.06667,0.74735,0.75834,0.06666],"triangles":[3,2,0,2,1,0],"edges":[2,1,1,0,0,3,3,2],"userEdges":[]}]},{"name":"d_lobby_setting_playinfo_icon_edit_3","display":[{"type":"mesh","name":"d_lobby_setting_playinfo_icon_edit_2","width":30,"height":29,"vertices":[4.07,-6.74,-7.39,-6.7,-7.31,7.67,6.89,7.59,6.87,4.97,6.85,2.37,6.83,-0.18,6.82,-1.73,6.8,-4.61,11.92,-8.1,11.93,-4.23,11.99,-0.28,11.95,2.37,11.95,4.97,11.96,7.65,11.92,12.39,-12.55,12.24,-12.63,-11,-7.33,-11.02,7.83,-11.08],"uvs":[0.63553,0.25051,0.25372,0.25162,0.25631,0.74719,0.72951,0.7445,0.72893,0.65416,0.72836,0.5645,0.72778,0.47659,0.72743,0.42304,0.72683,0.32388,0.8973,0.2033,0.89765,0.33684,0.89964,0.47304,0.89824,0.56442,0.89848,0.65405,0.89872,0.74649,0.8973,0.9101,0.08163,0.90466,0.079,0.10352,0.2556,0.10281,0.76094,0.10079],"triangles":[3,2,15,2,16,15,7,6,11,11,6,12,6,5,12,5,4,12,12,4,13,4,3,13,13,3,14,3,15,14,9,8,10,7,11,10,8,7,10,18,0,19,18,1,0,17,16,2,17,2,1,18,17,1],"edges":[17,16,16,15,15,14,14,13,13,12,12,11,11,10,10,9,9,8,8,7,7,6,6,5,5,4,4,3,3,2,2,1,1,0,0,19,19,18,18,17],"userEdges":[3,14,1,18,7,10,6,11,5,12,4,13]}]}]}],"animation":[{"duration":0,"name":"disable","slot":[{"name":"d_lobby_setting_playinfo_icon_edit_3","colorFrame":[{"duration":0,"value":{"rM":59,"gM":59,"bM":59}}]},{"name":"d_lobby_setting_playinfo_icon_edit_4","colorFrame":[{"duration":0,"value":{"rM":59,"gM":59,"bM":59}}]}]},{"duration":0,"name":"idle","ffd":[{"name":"d_lobby_setting_playinfo_icon_edit_2","slot":"d_lobby_setting_playinfo_icon_edit_3","frame":[{"duration":0,"vertices":[0.14,0,0,0,0,0,0,0,0,0,0,-0.27,0,-0.47,-0.01,-0.3,-0.02,1.82,-0.06,1.1,-0.04,-1.57,-0.05,-0.62,0,-0.35,0,0,0,0,0,0,0,0,0,0,0,0,-0.26]}]}]},{"duration":6,"name":"release","frame":[{"duration":0,"events":[{"name":"audio_ui_sfx_penal_open_mp3"}]}],"bone":[{"name":"Pan2","translateFrame":[{"duration":5,"curve":[0.25,0,0.75,1]},{"curve":[0.25,0,0.75,1],"x":5.4},{"duration":0}]}],"ffd":[{"name":"d_lobby_setting_playinfo_icon_edit_2","slot":"d_lobby_setting_playinfo_icon_edit_3","frame":[{"duration":5,"curve":[0.25,0,0.75,1]},{"curve":[0.25,0,0.75,1],"vertices":[5.08,0,0,0,0,0,0,0,0,1.72,0,3.61,0,5.25,0,5.07,0,6.14,0,4.95,0,3.27,0,5.25,0,3.61,0,1.72,0,0,0,0,0,0,0,0,0,0,5.08]},{"duration":0}]}]}],"defaultActions":[{"gotoAndPlay":"disable"}]},{"type":"Armature","frameRate":30,"name":"d_lobby_setting_playinfo_icon_refresh","aabb":{"width":30,"height":30},"bone":[{"name":"root"},{"name":"d_lobby_setting_playinfo_icon_refresh","parent":"root"},{"name":"Reload_Center2","parent":"d_lobby_setting_playinfo_icon_refresh","transform":{"x":15,"y":15}}],"slot":[{"name":"d_lobby_setting_playinfo_icon_refresh2","parent":"Reload_Center2"}],"skin":[{"slot":[{"name":"d_lobby_setting_playinfo_icon_refresh2","display":[{"type":"mesh","name":"d_lobby_setting_playinfo_icon_refresh","width":30,"height":30,"vertices":[15,15,-15,15,-15,-15,15,-15],"uvs":[1,1,0,1,0,0,1,0],"triangles":[1,0,3,2,1,3],"edges":[1,0,0,3,3,2,2,1],"userEdges":[]}]}]}],"animation":[{"duration":0,"name":"disable","slot":[{"name":"d_lobby_setting_playinfo_icon_refresh2","colorFrame":[{"duration":0,"value":{"rM":59,"gM":59,"bM":59}}]}]},{"duration":0,"name":"idle"},{"duration":6,"name":"release","frame":[{"duration":0,"events":[{"name":"audio_ui_sfx_btn_ok_mp3"}]}],"bone":[{"name":"Reload_Center2","rotateFrame":[{"duration":3,"tweenEasing":0},{"duration":3,"tweenEasing":0,"rotate":-90},{"duration":0,"rotate":180}]}]}],"defaultActions":[{"gotoAndPlay":"disable"}]},{"type":"Armature","frameRate":30,"name":"d_lobby_viewmode_icon_general","aabb":{"x":3.5,"y":3.5,"width":23,"height":23},"bone":[{"name":"root"},{"name":"d_lobby_viewmode_icon_general","parent":"root"},{"name":"Sort2_Center","parent":"d_lobby_viewmode_icon_general","transform":{"x":15,"y":15}}],"slot":[{"name":"Sort2_1","parent":"Sort2_Center"},{"name":"Sort2_2","parent":"Sort2_Center"},{"name":"Sort2_3","parent":"Sort2_Center"},{"name":"Sort2_4","parent":"Sort2_Center"}],"skin":[{"slot":[{"name":"Sort2_1","display":[{"type":"mesh","name":"d_lobby_viewmode_icon_general","width":23,"height":23,"vertices":[0.32,0.03,-11.5,-0.01,-11.5,-11.5,0.23,-11.5],"uvs":[0.51398,0.5015,0,0.49942,0,0,0.51001,0],"triangles":[1,0,3,2,1,3],"edges":[1,0,0,3,3,2,2,1],"userEdges":[]}]},{"name":"Sort2_4","display":[{"type":"mesh","name":"d_lobby_viewmode_icon_general","width":23,"height":23,"vertices":[0.32,0.03,11.5,0.08,11.5,11.5,0.32,11.5],"uvs":[0.51398,0.5015,1,0.50347,1,1,0.51406,1],"triangles":[0,3,1,1,3,2],"edges":[0,3,3,2,2,1,1,0],"userEdges":[]}]},{"name":"Sort2_3","display":[{"type":"mesh","name":"d_lobby_viewmode_icon_general","width":23,"height":23,"vertices":[0.32,0.03,0.32,11.5,-11.5,11.5,-11.5,-0.01],"uvs":[0.51398,0.5015,0.51406,1,0,1,0,0.49942],"triangles":[2,1,0,3,2,0],"edges":[2,1,1,0,0,3,3,2],"userEdges":[]}]},{"name":"Sort2_2","display":[{"type":"mesh","name":"d_lobby_viewmode_icon_general","width":23,"height":23,"vertices":[11.5,0.08,0.32,0.03,0.23,-11.5,11.5,-11.5],"uvs":[1,0.50347,0.51398,0.5015,0.51001,0,1,0],"triangles":[1,0,3,2,1,3],"edges":[2,1,1,0,0,3,3,2],"userEdges":[]}]}]}],"animation":[{"duration":0,"name":"disable","slot":[{"name":"Sort2_1","colorFrame":[{"duration":0,"value":{"rM":50,"gM":50,"bM":50}}]},{"name":"Sort2_2","colorFrame":[{"duration":0,"value":{"rM":50,"gM":50,"bM":50}}]},{"name":"Sort2_3","colorFrame":[{"duration":0,"value":{"rM":50,"gM":50,"bM":50}}]},{"name":"Sort2_4","colorFrame":[{"duration":0,"value":{"rM":50,"gM":50,"bM":50}}]}]},{"duration":0,"name":"idle"},{"duration":15,"name":"release","frame":[{"duration":0,"events":[{"name":"audio_ui_sfx_btn_ok_mp3"}]}],"slot":[{"name":"Sort2_1","colorFrame":[{"duration":3,"curve":[0.25,0,0.75,1]},{"duration":4,"curve":[0.25,0,0.75,1],"value":{"aM":0}},{"duration":8}]},{"name":"Sort2_2","colorFrame":[{"duration":3,"curve":[0.25,0,0.75,1]},{"duration":2,"value":{"aM":0}},{"duration":5,"curve":[0.25,0,0.75,1],"value":{"aM":0}},{"duration":5}]},{"name":"Sort2_3","colorFrame":[{"duration":3,"curve":[0.25,0,0.75,1]},{"duration":5,"value":{"aM":0}},{"duration":5,"curve":[0.25,0,0.75,1],"value":{"aM":0}},{"duration":2}]},{"name":"Sort2_4","colorFrame":[{"duration":3,"curve":[0.25,0,0.75,1]},{"duration":8,"value":{"aM":0}},{"duration":4,"curve":[0.25,0,0.75,1],"value":{"aM":0}},{"duration":0}]}]}],"defaultActions":[{"gotoAndPlay":"disable"}]},{"type":"Armature","frameRate":30,"name":"d_lobby_viewmode_icon_pro","aabb":{"x":3.5,"y":3.5,"width":23,"height":23},"bone":[{"name":"root"},{"name":"d_lobby_viewmode_icon_pro","parent":"root"},{"name":"Sort1_Center","parent":"d_lobby_viewmode_icon_pro","transform":{"x":15,"y":15}}],"slot":[{"name":"Sort1_1","parent":"Sort1_Center"},{"name":"Sort1_2","parent":"Sort1_Center"}],"skin":[{"slot":[{"name":"Sort1_2","display":[{"type":"mesh","name":"d_lobby_viewmode_icon_pro","width":23,"height":23,"vertices":[11.5,-0.01,11.5,11.5,-11.5,11.5,-11.5,0.17],"uvs":[1,0.49942,1,1,0,1,0,0.50751],"triangles":[3,2,1,3,1,0],"edges":[2,1,1,0,0,3,3,2],"userEdges":[]}]},{"name":"Sort1_1","display":[{"type":"mesh","name":"d_lobby_viewmode_icon_pro","width":23,"height":23,"vertices":[11.5,-0.01,-11.5,0.17,-11.5,-11.5,11.5,-11.5],"uvs":[1,0.49942,0,0.50751,0,0,1,0],"triangles":[2,1,0,2,0,3],"edges":[1,0,0,3,3,2,2,1],"userEdges":[]}]}]}],"animation":[{"duration":0,"name":"disable","slot":[{"name":"Sort1_1","colorFrame":[{"duration":0,"value":{"rM":50,"gM":50,"bM":50}}]},{"name":"Sort1_2","colorFrame":[{"duration":0,"value":{"rM":50,"gM":50,"bM":50}}]}]},{"duration":0,"name":"idle"},{"duration":15,"name":"release","frame":[{"duration":0,"events":[{"name":"audio_ui_sfx_btn_ok_mp3"}]}],"slot":[{"name":"Sort1_1","colorFrame":[{"duration":3,"curve":[0.25,0,0.75,1]},{"duration":8,"curve":[0.25,0,0.75,1],"value":{"aM":0}},{"duration":4}]},{"name":"Sort1_2","colorFrame":[{"duration":3,"curve":[0.25,0,0.75,1]},{"duration":4,"value":{"aM":0}},{"duration":8,"curve":[0.25,0,0.75,1],"value":{"aM":0}},{"duration":0}]}]}],"defaultActions":[{"gotoAndPlay":"disable"}]},{"type":"Armature","frameRate":30,"name":"d_lobby_viewmode_icon_tiny","aabb":{"x":0.5,"y":3.5,"width":29,"height":23},"bone":[{"name":"root"},{"name":"d_lobby_viewmode_icon_tiny","parent":"root"},{"name":"Sort3_Center","parent":"d_lobby_viewmode_icon_tiny","transform":{"x":15,"y":15}}],"slot":[{"name":"Sort3_1","parent":"Sort3_Center"},{"name":"Sort3_2","parent":"Sort3_Center"},{"name":"Sort3_3","parent":"Sort3_Center"},{"name":"Sort3_4","parent":"Sort3_Center"},{"name":"Sort3_5","parent":"Sort3_Center"},{"name":"Sort3_6","parent":"Sort3_Center"}],"skin":[{"slot":[{"name":"Sort3_6","display":[{"type":"mesh","name":"d_lobby_viewmode_icon_tiny","width":29,"height":23,"vertices":[0.32,3.94,14.5,3.99,14.5,11.5,0.23,11.5],"uvs":[0.51111,0.67131,1,0.67329,1,1,0.50794,1],"triangles":[1,0,2,0,3,2],"edges":[3,2,2,1,1,0,0,3],"userEdges":[]}]},{"name":"Sort3_4","display":[{"type":"mesh","name":"d_lobby_viewmode_icon_tiny","width":29,"height":23,"vertices":[0.32,3.94,0.23,-3.64,14.5,-3.64,14.5,3.99],"uvs":[0.51111,0.67131,0.50794,0.34173,1,0.34173,1,0.67329],"triangles":[0,3,2,1,0,2],"edges":[1,0,0,3,3,2,2,1],"userEdges":[]}]},{"name":"Sort3_3","display":[{"type":"mesh","name":"d_lobby_viewmode_icon_tiny","width":29,"height":23,"vertices":[0.23,-3.64,0.32,3.94,-14.5,3.89,-14.5,-3.64],"uvs":[0.50794,0.34173,0.51111,0.67131,0,0.66925,0,0.34173],"triangles":[2,1,0,3,2,0],"edges":[2,1,1,0,0,3,3,2],"userEdges":[]}]},{"name":"Sort3_2","display":[{"type":"mesh","name":"d_lobby_viewmode_icon_tiny","width":29,"height":23,"vertices":[14.5,-3.64,0.23,-3.64,0.23,-11.5,14.5,-11.5],"uvs":[1,0.34173,0.50794,0.34173,0.50794,0,1,0],"triangles":[1,0,3,2,1,3],"edges":[1,0,0,3,3,2,2,1],"userEdges":[]}]},{"name":"Sort3_1","display":[{"type":"mesh","name":"d_lobby_viewmode_icon_tiny","width":29,"height":23,"vertices":[0.23,-3.64,-14.5,-3.64,-14.5,-11.5,0.23,-11.5],"uvs":[0.50794,0.34173,0,0.34173,0,0,0.50794,0],"triangles":[1,0,3,2,1,3],"edges":[1,0,0,3,3,2,2,1],"userEdges":[]}]},{"name":"Sort3_5","display":[{"type":"mesh","name":"d_lobby_viewmode_icon_tiny","width":29,"height":23,"vertices":[0.32,3.94,0.23,11.5,-14.5,11.5,-14.5,3.89],"uvs":[0.51111,0.67131,0.50794,1,0,1,0,0.66925],"triangles":[3,2,1,3,1,0],"edges":[2,1,1,0,0,3,3,2],"userEdges":[]}]}]}],"animation":[{"duration":0,"name":"disable","slot":[{"name":"Sort3_1","colorFrame":[{"duration":0,"value":{"rM":50,"gM":50,"bM":50}}]},{"name":"Sort3_2","colorFrame":[{"duration":0,"value":{"rM":50,"gM":50,"bM":50}}]},{"name":"Sort3_3","colorFrame":[{"duration":0,"value":{"rM":50,"gM":50,"bM":50}}]},{"name":"Sort3_4","colorFrame":[{"duration":0,"value":{"rM":50,"gM":50,"bM":50}}]},{"name":"Sort3_5","colorFrame":[{"duration":0,"value":{"rM":50,"gM":50,"bM":50}}]},{"name":"Sort3_6","colorFrame":[{"duration":0,"value":{"rM":50,"gM":50,"bM":50}}]}]},{"duration":0,"name":"idle"},{"duration":15,"name":"release","frame":[{"duration":0,"events":[{"name":"audio_ui_sfx_btn_ok_mp3"}]}],"slot":[{"name":"Sort3_1","colorFrame":[{"duration":3,"curve":[0.25,0,0.75,1]},{"duration":3,"curve":[0.25,0,0.75,1],"value":{"aM":0}},{"duration":9}]},{"name":"Sort3_2","colorFrame":[{"duration":3,"curve":[0.25,0,0.75,1]},{"value":{"aM":0}},{"duration":4,"curve":[0.25,0,0.75,1],"value":{"aM":0}},{"duration":7}]},{"name":"Sort3_3","colorFrame":[{"duration":3,"curve":[0.25,0,0.75,1]},{"duration":3,"value":{"aM":0}},{"duration":4,"curve":[0.25,0,0.75,1],"value":{"aM":0}},{"duration":5}]},{"name":"Sort3_4","colorFrame":[{"duration":3,"curve":[0.25,0,0.75,1]},{"duration":5,"value":{"aM":0}},{"duration":4,"curve":[0.25,0,0.75,1],"value":{"aM":0}},{"duration":3}]},{"name":"Sort3_5","colorFrame":[{"duration":3,"curve":[0.25,0,0.75,1]},{"duration":7,"value":{"aM":0}},{"duration":4,"curve":[0.25,0,0.75,1],"value":{"aM":0}},{}]},{"name":"Sort3_6","colorFrame":[{"duration":3,"curve":[0.25,0,0.75,1]},{"duration":9,"value":{"aM":0}},{"duration":3,"curve":[0.25,0,0.75,1],"value":{"aM":0}},{"duration":0}]}]}],"defaultActions":[{"gotoAndPlay":"disable"}]},{"type":"Armature","frameRate":30,"name":"d_lobby_icon_fav","aabb":{"x":-29.12,"y":-29.12,"width":112,"height":112},"bone":[{"name":"root"},{"name":"all","parent":"root","transform":{"scX":0.48,"scY":0.48}},{"name":"white","parent":"all","transform":{"x":56,"y":56}},{"name":"red","parent":"all","transform":{"x":56,"y":56}}],"slot":[{"name":"mobile_size/m_lobby_Icon_fav_active","parent":"white"},{"name":"mobile_size/m_lobby_Icon_fav_container","parent":"all"},{"name":"mobile_size/m_lobby_Icon_fav_icon_active","parent":"red","color":{"rM":95,"gM":31,"bM":21}}],"skin":[{"slot":[{"name":"mobile_size/m_lobby_Icon_fav_icon_active","display":[{"name":"mobile_size/m_lobby_Icon_fav_icon_active","transform":{"x":-0.04,"y":3.9,"skX":0.57,"skY":0.57}}]},{"name":"mobile_size/m_lobby_Icon_fav_active","display":[{"name":"mobile_size/m_lobby_Icon_fav_active","transform":{"x":-0.04,"y":3.9,"skX":0.57,"skY":0.57}}]},{"name":"mobile_size/m_lobby_Icon_fav_container","display":[{"name":"mobile_size/m_lobby_Icon_fav_container","transform":{"x":56,"y":56,"skX":0.57,"skY":0.57}}]}]}],"animation":[{"duration":0,"name":"disable_off","slot":[{"name":"mobile_size/m_lobby_Icon_fav_active","colorFrame":[{"duration":0,"value":{"rM":49,"gM":49,"bM":49}}]},{"name":"mobile_size/m_lobby_Icon_fav_icon_active","colorFrame":[{"duration":0,"value":{"aM":0,"rM":95,"gM":30,"bM":20}}]}]},{"duration":0,"name":"disable_on","slot":[{"name":"mobile_size/m_lobby_Icon_fav_icon_active","colorFrame":[{"duration":0,"value":{"aM":0,"rM":95,"gM":30,"bM":20}}]}]},{"duration":0,"name":"idle_off","slot":[{"name":"mobile_size/m_lobby_Icon_fav_active","colorFrame":[{"duration":0,"value":{"aM":0}}]},{"name":"mobile_size/m_lobby_Icon_fav_icon_active","colorFrame":[{"duration":0,"value":{"rM":49,"gM":49,"bM":49}}]}]},{"duration":0,"name":"idle_on","slot":[{"name":"mobile_size/m_lobby_Icon_fav_active","colorFrame":[{"duration":0,"value":{"aM":0}}]}]},{"duration":6,"name":"switch_to_off","frame":[{"duration":0,"events":[{"name":"audio_ui_sfx_penal_close_mp3"}]}],"slot":[{"name":"mobile_size/m_lobby_Icon_fav_active","colorFrame":[{"tweenEasing":0,"value":{"aM":0}},{"duration":5}]},{"name":"mobile_size/m_lobby_Icon_fav_icon_active","colorFrame":[{"duration":6,"tweenEasing":0,"value":{"rM":95,"gM":30,"bM":20}},{"duration":0,"value":{"aM":0,"rM":95,"gM":30,"bM":20}}]}]},{"duration":6,"name":"switch_to_on","frame":[{"duration":0,"events":[{"name":"audio_ui_sfx_penal_close_mp3"}]}],"bone":[{"name":"red","scaleFrame":[{"duration":4,"curve":[0.25,0,0.75,1],"x":0,"y":0},{"duration":2,"curve":[0.25,0,0.75,1],"x":1.12,"y":1.12},{"duration":0}]}],"slot":[{"name":"mobile_size/m_lobby_Icon_fav_active","colorFrame":[{"duration":2},{"tweenEasing":0},{"duration":3,"value":{"aM":0}}]}]}],"defaultActions":[{"gotoAndPlay":"disable_off"}]},{"type":"Armature","frameRate":30,"name":"armatureName","aabb":{"x":-100,"y":-100,"width":200,"height":200},"bone":[{"name":"root"},{"name":"loading_group","parent":"root"}],"slot":[{"displayIndex":45,"name":"images/loading/0000","parent":"loading_group"}],"skin":[{"slot":[{"name":"images/loading/0000","display":[{"name":"images/loading/0000","path":"0000"},{"name":"images/loading/0001","path":"0001"},{"name":"images/loading/0002","path":"0002"},{"name":"images/loading/0003","path":"0003"},{"name":"images/loading/0004","path":"0004"},{"name":"images/loading/0005","path":"0005"},{"name":"images/loading/0006","path":"0006"},{"name":"images/loading/0007","path":"0007"},{"name":"images/loading/0008","path":"0008"},{"name":"images/loading/0009","path":"0009"},{"name":"images/loading/0010","path":"0010"},{"name":"images/loading/0011","path":"0011"},{"name":"images/loading/0012","path":"0012"},{"name":"images/loading/0013","path":"0013"},{"name":"images/loading/0014","path":"0014"},{"name":"images/loading/0015","path":"0015"},{"name":"images/loading/0016","path":"0016"},{"name":"images/loading/0017","path":"0017"},{"name":"images/loading/0018","path":"0018"},{"name":"images/loading/0019","path":"0019"},{"name":"images/loading/0020","path":"0020"},{"name":"images/loading/0021","path":"0021"},{"name":"images/loading/0022","path":"0022"},{"name":"images/loading/0023","path":"0023"},{"name":"images/loading/0024","path":"0024"},{"name":"images/loading/0025","path":"0025"},{"name":"images/loading/0026","path":"0026"},{"name":"images/loading/0027","path":"0027"},{"name":"images/loading/0028","path":"0028"},{"name":"images/loading/0029","path":"0029"},{"name":"images/loading/0030","path":"0030"},{"name":"images/loading/0031","path":"0031"},{"name":"images/loading/0032","path":"0032"},{"name":"images/loading/0033","path":"0033"},{"name":"images/loading/0034","path":"0034"},{"name":"images/loading/0035","path":"0035"},{"name":"images/loading/0036","path":"0036"},{"name":"images/loading/0037","path":"0037"},{"name":"images/loading/0038","path":"0038"},{"name":"images/loading/0039","path":"0039"},{"name":"images/loading/0040","path":"0040"},{"name":"images/loading/0041","path":"0041"},{"name":"images/loading/0042","path":"0042"},{"name":"images/loading/0043","path":"0043"},{"name":"images/loading/0044","path":"0044"},{"name":"images/loading/0045","path":"0045"}]}]}],"animation":[{"duration":45,"name":"animation","slot":[{"name":"images/loading/0000","displayFrame":[{},{"value":1},{"value":2},{"value":3},{"value":4},{"value":5},{"value":6},{"value":7},{"value":8},{"value":9},{"value":10},{"value":11},{"value":12},{"value":13},{"value":14},{"value":15},{"value":16},{"value":17},{"value":18},{"value":19},{"value":20},{"value":21},{"value":22},{"value":23},{"value":24},{"value":25},{"value":26},{"value":27},{"value":28},{"value":29},{"value":30},{"value":31},{"value":32},{"value":33},{"value":34},{"value":35},{"value":36},{"value":37},{"value":38},{"value":39},{"value":40},{"value":41},{"value":42},{"value":43},{"value":44},{"duration":0,"value":45}]}]}],"defaultActions":[{"gotoAndPlay":"animation"}]}]}