{"width":4096,"imagePath":"blockchain_tex.png","height":4096,"name":"blockchain","SubTexture":[{"width":204,"y":1375,"height":312,"name":"red_card_poker","x":3874},{"width":607,"y":3703,"height":27,"name":"poker/card_fx2","x":622},{"width":718,"y":757,"height":711,"name":"glow","x":2723},{"width":757,"y":1,"height":754,"name":"circle_D","x":2723},{"width":35,"y":1009,"height":52,"name":"dot","x":904},{"width":623,"y":757,"height":616,"name":"circle_B","x":3443},{"width":851,"y":1,"height":845,"name":"circle_E","x":1870},{"width":959,"y":1,"height":953,"name":"circle_F","x":1},{"width":906,"y":1,"height":884,"name":"circle_G","x":962},{"width":411,"y":2678,"height":332,"name":"outer_rectangle_B","x":2409},{"width":305,"y":1800,"height":291,"name":"outer_rectangle_A","x":3766},{"width":690,"y":848,"height":679,"name":"circle_C","x":1870},{"width":397,"y":472,"height":270,"name":"blue_light","x":3482},{"width":299,"y":956,"height":204,"name":"white_light","x":603},{"width":322,"y":2093,"height":140,"name":"bar","x":3766},{"width":220,"y":1689,"height":70,"name":"bar_grow","x":3874},{"width":429,"y":1375,"height":423,"name":"mask","x":3443},{"width":26,"y":651,"height":95,"name":"red_card","x":4042},{"width":468,"y":1,"height":469,"name":"circle_A","x":3482},{"width":289,"y":887,"height":287,"name":"cross","x":1564},{"width":348,"y":2678,"height":347,"name":"Core","x":2822},{"width":100,"y":2365,"height":143,"name":"icon","x":3979},{"width":128,"y":2235,"height":128,"name":"Effect/CircleLight_014","x":3766},{"width":128,"y":2235,"height":128,"name":"Effect/CircleLight_028","x":3896},{"width":242,"y":3001,"height":349,"name":"poker/card_frame_back_vertical","x":3172},{"width":204,"y":1470,"height":312,"name":"poker/card_back_vertical","x":3164},{"width":242,"y":2650,"height":349,"name":"poker/card_frame_front_vertical","x":3383},{"width":58,"y":2295,"height":58,"name":"poker/card_info","x":4026},{"width":192,"y":2957,"height":39,"name":"poker/card_light","x":3627},{"frameHeight":39,"y":2957,"frameX":-4,"width":60,"frameY":-4,"height":31,"name":"poker/card_number_vertical","frameWidth":68,"x":4015},{"width":412,"y":2755,"height":137,"name":"line","x":3627},{"width":600,"y":2102,"height":300,"name":"draw_effect/draw_effect_10","x":3164},{"width":600,"y":1800,"height":300,"name":"draw_effect/draw_effect_04","x":3164},{"width":600,"y":2435,"height":300,"name":"draw_effect/draw_effect_11","x":1807},{"width":600,"y":1491,"height":300,"name":"draw_effect/draw_effect_05","x":603},{"width":600,"y":1831,"height":300,"name":"draw_effect/draw_effect_12","x":1807},{"width":600,"y":1529,"height":300,"name":"draw_effect/draw_effect_13","x":1807},{"width":600,"y":956,"height":300,"name":"draw_effect/draw_effect_06","x":1},{"width":600,"y":1772,"height":300,"name":"draw_effect/draw_effect_00","x":2562},{"width":600,"y":2074,"height":300,"name":"draw_effect/draw_effect_07","x":2562},{"width":600,"y":1491,"height":300,"name":"draw_effect/draw_effect_14","x":1205},{"width":600,"y":887,"height":300,"name":"draw_effect/draw_effect_01","x":962},{"width":600,"y":1189,"height":300,"name":"draw_effect/draw_effect_08","x":1205},{"width":600,"y":2376,"height":300,"name":"draw_effect/draw_effect_15","x":2409},{"width":600,"y":2133,"height":300,"name":"draw_effect/draw_effect_09","x":1807},{"width":600,"y":1470,"height":300,"name":"draw_effect/draw_effect_16","x":2562},{"width":600,"y":1560,"height":300,"name":"draw_effect/draw_effect_17","x":1},{"width":600,"y":1189,"height":300,"name":"draw_effect/draw_effect_02","x":603},{"width":600,"y":1258,"height":300,"name":"draw_effect/draw_effect_03","x":1},{"width":370,"y":2404,"height":265,"name":"card_frame_back_horizontal","x":3011},{"frameHeight":39,"y":2365,"frameX":-4,"width":60,"frameY":-4,"height":31,"name":"card_number_horizontal","frameWidth":68,"x":3766},{"width":350,"y":2404,"height":244,"name":"card_frame_front_horizontal","x":3383},{"width":242,"y":3352,"height":349,"name":"card_frame_back_vertical","x":3383},{"width":204,"y":3263,"height":312,"name":"card_back_vertical","x":3627},{"width":204,"y":2671,"height":312,"name":"card_front_vertical","x":3172},{"width":242,"y":2404,"height":349,"name":"card_frame_front_vertical","x":3735},{"width":58,"y":2235,"height":58,"name":"card_info","x":4026},{"width":192,"y":2957,"height":39,"name":"card_light","x":3821},{"frameHeight":39,"y":2713,"frameX":-4,"width":60,"frameY":-4,"height":31,"name":"card_number_vertical","frameWidth":68,"x":3627},{"width":607,"y":3732,"height":27,"name":"card_fx2","x":622},{"frameHeight":18,"y":738,"frameX":-4,"width":52,"frameY":-4,"height":10,"name":"line_rectengle_blue","frameWidth":60,"x":3881},{"frameHeight":18,"y":1176,"frameX":-4,"width":52,"frameY":-4,"height":10,"name":"line_rectengle_green","frameWidth":60,"x":1564},{"frameHeight":18,"y":738,"frameX":-4,"width":52,"frameY":-4,"height":10,"name":"line_rectengle_red","frameWidth":60,"x":3935},{"frameHeight":137,"y":3703,"frameX":-4,"width":619,"frameY":-4,"height":129,"name":"bg_blue","frameWidth":627,"x":1},{"frameHeight":137,"y":3132,"frameX":-4,"width":619,"frameY":-4,"height":129,"name":"bg_green","frameWidth":627,"x":3416},{"frameHeight":137,"y":3001,"frameX":-4,"width":619,"frameY":-4,"height":129,"name":"bg_red","frameWidth":627,"x":3416},{"frameHeight":130,"y":3834,"frameX":-4,"width":500,"frameY":-4,"height":122,"name":"pattern_red","frameWidth":508,"x":1},{"frameHeight":130,"y":3834,"frameX":-4,"width":500,"frameY":-4,"height":122,"name":"pattern_blue","frameWidth":508,"x":503},{"frameHeight":130,"y":3958,"frameX":-4,"width":500,"frameY":-4,"height":122,"name":"pattern_green","frameWidth":508,"x":1},{"frameHeight":61,"y":1,"frameX":0,"width":129,"frameY":0,"height":61,"name":"result_pattern/result_pattern0004","frameWidth":250,"x":3952},{"width":250,"y":2894,"height":61,"name":"result_pattern/result_pattern0015","x":3627},{"frameHeight":61,"y":675,"frameX":0,"width":159,"frameY":0,"height":61,"name":"result_pattern/result_pattern0005","frameWidth":250,"x":3881},{"frameHeight":61,"y":472,"frameX":-1,"width":188,"frameY":0,"height":61,"name":"result_pattern/result_pattern0006","frameWidth":250,"x":3881},{"frameHeight":61,"y":3263,"frameX":-12,"width":207,"frameY":0,"height":61,"name":"result_pattern/result_pattern0007","frameWidth":250,"x":3416},{"frameHeight":61,"y":2894,"frameX":-40,"width":203,"frameY":0,"height":61,"name":"result_pattern/result_pattern0008","frameWidth":250,"x":3879},{"frameHeight":61,"y":535,"frameX":-70,"width":180,"frameY":0,"height":61,"name":"result_pattern/result_pattern0009","frameWidth":250,"x":3881},{"frameHeight":61,"y":914,"frameX":-100,"width":150,"frameY":-4,"height":57,"name":"result_pattern/result_pattern0010","frameWidth":250,"x":2562},{"width":250,"y":3263,"height":61,"name":"result_pattern/result_pattern0000","x":3833},{"frameHeight":61,"y":64,"frameX":-130,"width":120,"frameY":-4,"height":57,"name":"result_pattern/result_pattern0011","frameWidth":250,"x":3952},{"frameHeight":61,"y":956,"frameX":0,"width":39,"frameY":-4,"height":51,"name":"result_pattern/result_pattern0001","frameWidth":250,"x":904},{"frameHeight":61,"y":2510,"frameX":-160,"width":90,"frameY":-4,"height":51,"name":"result_pattern/result_pattern0012","frameWidth":250,"x":3979},{"frameHeight":61,"y":598,"frameX":0,"width":69,"frameY":-4,"height":51,"name":"result_pattern/result_pattern0002","frameWidth":250,"x":4017},{"frameHeight":61,"y":1176,"frameX":-190,"width":60,"frameY":-4,"height":51,"name":"result_pattern/result_pattern0013","frameWidth":250,"x":1807},{"frameHeight":61,"y":2650,"frameX":0,"width":99,"frameY":0,"height":61,"name":"result_pattern/result_pattern0003","frameWidth":250,"x":3627},{"frameHeight":61,"y":535,"frameX":-221,"width":29,"frameY":-4,"height":51,"name":"result_pattern/result_pattern0014","frameWidth":250,"x":4063},{"frameHeight":72,"y":848,"frameX":-4,"width":146,"frameY":-4,"height":64,"name":"credit","frameWidth":154,"x":2562},{"frameHeight":83,"y":598,"frameX":-4,"width":134,"frameY":-4,"height":75,"name":"result","frameWidth":142,"x":3881},{"frameHeight":28,"y":2713,"frameX":-4,"width":29,"frameY":-4,"height":20,"name":"rectengle","frameWidth":37,"x":3689},{"frameHeight":13,"y":3761,"frameX":-4,"width":619,"frameY":-4,"height":5,"name":"line_blue","frameWidth":627,"x":622},{"frameHeight":13,"y":4089,"frameX":-4,"width":619,"frameY":-4,"height":5,"name":"line_green","frameWidth":627,"x":1},{"frameHeight":13,"y":4082,"frameX":-4,"width":619,"frameY":-4,"height":5,"name":"line_red","frameWidth":627,"x":1}]}