{"width":2048,"imagePath":"God_of_Wealth_Roulette_Mobile_tex.png","height":2048,"name":"God_of_Wealth_Roulette_Mobile","SubTexture":[{"width":303,"y":801,"height":147,"name":"Base_Black_Shadow02","x":1},{"width":290,"y":438,"height":227,"name":"Win_Flare","x":435},{"width":203,"y":510,"height":235,"name":"WinRO_A_Light_Violet","x":1720},{"width":193,"y":607,"height":217,"name":"WinRO_A_Light_Red","x":1157},{"width":190,"y":882,"height":190,"name":"WinRO_A_Light_Green","x":306},{"width":208,"y":210,"height":220,"name":"WinRO_B_Light_Yellow","x":435},{"width":230,"y":428,"height":237,"name":"WinRO_B_Light_Orange","x":1488},{"width":236,"y":255,"height":253,"name":"WinRO_B_Light_Blue","x":1777},{"width":73,"y":1593,"height":82,"name":"WinRO_C_Light_Red","x":1970},{"width":81,"y":1149,"height":77,"name":"WinRO_C_Light_Orange","x":297},{"width":102,"y":1073,"height":106,"name":"WinRO_C_Light_Blue","x":1761},{"width":90,"y":1053,"height":80,"name":"WinRO_C_Light_Green","x":777},{"width":142,"y":1253,"height":88,"name":"WinRO_Cloud_L","x":1188},{"width":95,"y":1177,"height":65,"name":"WinRO_Cloud_S","x":123},{"width":311,"y":428,"height":177,"name":"Win_Ray_Light","x":1175},{"width":77,"y":302,"height":89,"name":"Win_Speaker","x":1697},{"width":100,"y":1835,"height":98,"name":"Win_Star_L","x":1910},{"width":85,"y":923,"height":85,"name":"Win_Star_S","x":899},{"width":106,"y":667,"height":75,"name":"GOD_Hat_Deco","x":1580},{"width":141,"y":438,"height":151,"name":"GOD_Arm_R","x":727},{"width":172,"y":950,"height":180,"name":"GOD_Arm_L","x":1},{"width":179,"y":1081,"height":165,"name":"GOD_Body","x":1580},{"width":85,"y":1081,"height":149,"name":"GOD_Necklace","x":1480},{"width":127,"y":1418,"height":173,"name":"GOD_Face","x":1846},{"width":32,"y":1248,"height":71,"name":"GOD_So","x":1724},{"width":111,"y":1977,"height":52,"name":"GOD_Sunglass","x":117},{"width":14,"y":805,"height":15,"name":"GOD_Sunglass_Effect","x":1352},{"width":111,"y":607,"height":52,"name":"GOD_Sunglass_Frame","x":1352},{"width":142,"y":1263,"height":110,"name":"GOD_Hat","x":899},{"width":90,"y":1074,"height":74,"name":"GOD_Hand_L","x":395},{"width":84,"y":1752,"height":134,"name":"GOD_Hand_R","x":1824},{"width":75,"y":1177,"height":76,"name":"Cat_Hand_L","x":220},{"width":139,"y":923,"height":129,"name":"Cat_Body","x":498},{"width":54,"y":393,"height":59,"name":"Cat_Ear_R","x":1720},{"width":42,"y":931,"height":40,"name":"Cat_Ear_L","x":1705},{"width":44,"y":1132,"height":42,"name":"Cat_Arm_R","x":123},{"width":132,"y":1253,"height":108,"name":"Cat_Head","x":1054},{"width":98,"y":1645,"height":122,"name":"Cat_Money","x":1724},{"width":63,"y":1418,"height":61,"name":"Cat_Leg","x":1975},{"width":63,"y":801,"height":63,"name":"Cat_Font","x":306},{"width":51,"y":454,"height":52,"name":"Cat_Hand_R","x":1720},{"width":114,"y":1977,"height":60,"name":"Cat_Sunglass","x":1},{"width":59,"y":1481,"height":60,"name":"Cat_Eye_Light_01","x":1975},{"width":60,"y":1343,"height":59,"name":"Cat_Eye_Light 02","x":1284},{"width":122,"y":1593,"height":157,"name":"Speaker_Small","x":1846},{"width":156,"y":747,"height":182,"name":"Speaker_Large","x":1597},{"width":84,"y":1244,"height":57,"name":"Speaker_Thunder_Large","x":123},{"width":47,"y":964,"height":62,"name":"Speaker_Thunder_Small","x":1999},{"width":520,"y":302,"height":124,"name":"Win_DJ_Gay","x":1175},{"width":654,"y":1,"height":207,"name":"Base_White_Cloud","x":1},{"width":72,"y":1677,"height":63,"name":"Fish_Hand_R","x":1970},{"width":237,"y":1,"height":252,"name":"Fish_Body","x":1777},{"width":96,"y":1074,"height":73,"name":"Fish_Hand_L","x":297},{"width":252,"y":974,"height":97,"name":"Base_Green_Cloud","x":1597},{"width":299,"y":1,"height":299,"name":"Base_Disk_Red","x":1175},{"width":299,"y":302,"height":299,"name":"Base_Disk_Black","x":874},{"width":299,"y":1,"height":299,"name":"Base_Disk_Green","x":1476},{"width":299,"y":1,"height":299,"name":"Base_Disk_HighLight","x":874},{"width":210,"y":826,"height":198,"name":"Base_Disk_Effect","x":1157},{"width":379,"y":647,"height":152,"name":"800_Win","x":1},{"width":393,"y":818,"height":103,"name":"800_Loss","x":597},{"width":240,"y":1935,"height":40,"name":"800_Volume_Line_03","x":1},{"width":238,"y":1888,"height":32,"name":"800_Volume_Line_01","x":1},{"width":239,"y":1363,"height":52,"name":"800_Volume_Line_04","x":1043},{"width":277,"y":1054,"height":42,"name":"800_Volume_Line_02","x":498},{"width":1,"y":603,"height":1,"name":"Base_Odd","x":1166},{"width":1,"y":603,"height":1,"name":"Base_Number_10","x":1169},{"width":106,"y":931,"height":33,"name":"800_Liight","x":1597},{"width":1,"y":603,"height":1,"name":"800","x":1172},{"width":230,"y":1888,"height":27,"name":"800_Close_Line","x":241},{"width":153,"y":1154,"height":107,"name":"Outline","x":899},{"width":153,"y":1045,"height":107,"name":"OverGlow","x":899},{"width":127,"y":1752,"height":81,"name":"Solid_Yellow","x":1910},{"width":38,"y":1543,"height":38,"name":"FlashLight_12","x":1975},{"width":128,"y":667,"height":128,"name":"star","x":597},{"width":128,"y":923,"height":128,"name":"Effects_Textures_171-1","x":639},{"width":226,"y":943,"height":136,"name":"Border_Glow","x":1369},{"width":226,"y":667,"height":136,"name":"Bet_Effect_OverGlow","x":1352},{"width":213,"y":603,"height":213,"name":"Fish_Glow","x":727},{"width":213,"y":667,"height":213,"name":"Fish_Line","x":382},{"width":213,"y":603,"height":213,"name":"Fish_Solid","x":942},{"width":128,"y":923,"height":128,"name":"B_360Trail002_emis","x":769},{"width":1,"y":822,"height":1,"name":"500x","x":1364},{"width":1,"y":463,"height":1,"name":"500x_Golden","x":1773},{"width":226,"y":805,"height":136,"name":"Golden_Border_Glow","x":1369},{"width":215,"y":1,"height":435,"name":"DrawNo_Base_Red","x":657},{"width":215,"y":210,"height":435,"name":"DrawNo_Base_Black","x":218},{"width":215,"y":210,"height":435,"name":"DrawNo_Base_Green","x":1},{"width":1,"y":603,"height":1,"name":"Number","x":1163},{"width":1,"y":460,"height":1,"name":"Odd","x":1773},{"width":120,"y":1475,"height":225,"name":"Light_Effect_06","x":1480},{"width":120,"y":510,"height":225,"name":"Light_Effect_16","x":1925},{"width":120,"y":747,"height":225,"name":"Light_Effect_07","x":1755},{"width":120,"y":818,"height":225,"name":"Light_Effect_17","x":992},{"width":120,"y":1081,"height":225,"name":"Light_Effect_08","x":1358},{"width":120,"y":1026,"height":225,"name":"Light_Effect_18","x":1236},{"width":120,"y":1248,"height":225,"name":"Light_Effect_09","x":1480},{"width":120,"y":1191,"height":225,"name":"Light_Effect_01","x":1883},{"width":120,"y":1248,"height":225,"name":"Light_Effect_10","x":1602},{"width":120,"y":1418,"height":225,"name":"Light_Effect_02","x":1724},{"width":120,"y":1308,"height":225,"name":"Light_Effect_11","x":1358},{"width":120,"y":964,"height":225,"name":"Light_Effect_03","x":1877},{"width":120,"y":1475,"height":225,"name":"Light_Effect_12","x":1602},{"width":120,"y":1026,"height":225,"name":"Light_Effect_04","x":1114},{"width":120,"y":1132,"height":225,"name":"Light_Effect_13","x":1},{"width":120,"y":1191,"height":225,"name":"Light_Effect_05","x":1761},{"width":120,"y":950,"height":225,"name":"Light_Effect_14","x":175},{"width":120,"y":737,"height":225,"name":"Light_Effect_15","x":1925},{"width":1,"y":603,"height":1,"name":"chips","x":1157},{"width":1,"y":822,"height":1,"name":"Number_11","x":1352},{"width":1,"y":822,"height":1,"name":"Number_16","x":1361},{"width":1,"y":457,"height":1,"name":"Number_10","x":1773},{"width":1,"y":822,"height":1,"name":"Number_0","x":1355},{"width":1,"y":822,"height":1,"name":"Odd_100","x":1358},{"width":1,"y":454,"height":1,"name":"Odd_50","x":1773},{"width":1,"y":603,"height":1,"name":"Odd_300","x":1160}]}