{
    "width": 512,
    "imagePath": "common_tex.png",
    "height": 1024,
    "name": "common",
    "SubTexture": [
        {
            "y": 43,
            "frameX": -12,
            "frameHeight": 50,
            "frameY": -12,
            "width": 26,
            "frameWidth": 50,
            "height": 26,
            "name": "d_common_gamesetting",
            "x": 452
        },
        {
            "width": 19,
            "y": 97,
            "height": 26,
            "name": "d_common_gamesetting_sound_on",
            "x": 480
        },
        {
            "width": 5,
            "y": 473,
            "height": 14,
            "name": "d_common_gamesetting_sound_on_line",
            "x": 240
        },
        {
            "y": 71,
            "frameX": -1,
            "frameHeight": 26,
            "frameY": -1,
            "width": 24,
            "frameWidth": 26,
            "height": 24,
            "name": "d_common_gamesetting_sound_off_line",
            "x": 480
        },
        {
            "width": 26,
            "y": 43,
            "height": 26,
            "name": "d_common_gamesetting_stat_circle_circle",
            "x": 480
        },
        {
            "width": 2,
            "y": 531,
            "height": 14,
            "name": "d_common_gamesetting_stat_line",
            "x": 186
        },
        {
            "width": 35,
            "y": 333,
            "height": 24,
            "name": "d_common_gamesetting_video_on",
            "x": 472
        },
        {
            "width": 30,
            "y": 415,
            "height": 30,
            "name": "d_common_gamesetting_video_off_line",
            "x": 443
        },
        {
            "width": 36,
            "y": 415,
            "height": 36,
            "name": "d_common_betcontrol_btn_undo",
            "x": 405
        },
        {
            "y": 572,
            "frameX": -4,
            "frameHeight": 68,
            "frameY": -4,
            "width": 60,
            "frameWidth": 68,
            "height": 60,
            "name": "d_common_hideui_bg",
            "x": 154
        },
        {
            "width": 25,
            "y": 391,
            "height": 20,
            "name": "d_common_hideui2",
            "x": 472
        },
        {
            "width": 25,
            "y": 391,
            "height": 20,
            "name": "d_common_hideui1",
            "x": 247
        },
        {
            "width": 24,
            "y": 359,
            "height": 30,
            "name": "d_common_hideui3",
            "x": 472
        },
        {
            "y": 514,
            "frameX": -4,
            "frameHeight": 68,
            "frameY": -4,
            "width": 60,
            "frameWidth": 68,
            "height": 60,
            "name": "d_common_hideui_bg_border",
            "x": 269
        },
        {
            "y": 531,
            "frameX": -4,
            "frameHeight": 38,
            "frameY": -4,
            "width": 30,
            "frameWidth": 38,
            "height": 30,
            "name": "d_common_icon_back",
            "x": 154
        },
        {
            "y": 391,
            "frameX": -1,
            "frameHeight": 24,
            "frameY": -1,
            "width": 22,
            "frameWidth": 24,
            "height": 22,
            "name": "d_common_icon_betlimit_expand_circle",
            "x": 298
        },
        {
            "y": 374,
            "frameX": -1,
            "frameHeight": 9,
            "frameY": -1,
            "width": 12,
            "frameWidth": 14,
            "height": 7,
            "name": "d_common_icon_betlimit_expand_circle_arror",
            "x": 498
        },
        {
            "y": 71,
            "frameX": -1,
            "frameHeight": 28,
            "frameY": -1,
            "width": 26,
            "frameWidth": 28,
            "height": 26,
            "name": "d_common_icon_close",
            "x": 452
        },
        {
            "y": 391,
            "frameX": -1,
            "frameHeight": 24,
            "frameY": -1,
            "width": 22,
            "frameWidth": 24,
            "height": 22,
            "name": "d_common_icon_gameinfo_circle",
            "x": 274
        },
        {
            "y": 359,
            "frameX": -1,
            "frameHeight": 15,
            "frameY": -1,
            "width": 7,
            "frameWidth": 9,
            "height": 13,
            "name": "d_common_icon_gameinfo_i",
            "x": 498
        },
        {
            "y": 509,
            "frameX": -4,
            "frameHeight": 11,
            "frameY": -4,
            "width": 29,
            "frameWidth": 37,
            "height": 3,
            "name": "d_common_icon_menu_3",
            "x": 190
        },
        {
            "y": 406,
            "frameX": -4,
            "frameHeight": 11,
            "frameY": -4,
            "width": 29,
            "frameWidth": 37,
            "height": 3,
            "name": "d_common_icon_menu_2",
            "x": 322
        },
        {
            "y": 563,
            "frameX": -4,
            "frameHeight": 11,
            "frameY": -4,
            "width": 29,
            "frameWidth": 37,
            "height": 3,
            "name": "d_common_icon_menu_1",
            "x": 154
        },
        {
            "y": 391,
            "frameX": -4,
            "frameHeight": 21,
            "frameY": -4,
            "width": 22,
            "frameWidth": 30,
            "height": 13,
            "name": "d_common_icon_refresh_1",
            "x": 322
        },
        {
            "width": 80,
            "y": 391,
            "height": 80,
            "name": "mobile_size/m_betcontrol_btn_bg",
            "x": 83
        },
        {
            "width": 80,
            "y": 391,
            "height": 80,
            "name": "mobile_size/m_betcontrol_btn_bg_hover",
            "x": 165
        },
        {
            "width": 80,
            "y": 333,
            "height": 80,
            "name": "mobile_size/m_betcontrol_btn_clear",
            "x": 390
        },
        {
            "y": 473,
            "frameX": -15,
            "frameHeight": 80,
            "frameY": -22,
            "width": 48,
            "frameWidth": 80,
            "height": 34,
            "name": "mobile_size/m_betcontrol_btn_double",
            "x": 190
        },
        {
            "y": 1,
            "frameX": -20,
            "frameHeight": 80,
            "frameY": -20,
            "width": 46,
            "frameWidth": 80,
            "height": 40,
            "name": "mobile_size/m_betcontrol_btn_rebet",
            "x": 452
        },
        {
            "width": 80,
            "y": 391,
            "height": 80,
            "name": "mobile_size/m_betcontrol_btn_undo",
            "x": 1
        },
        {
            "y": 1,
            "frameX": -6,
            "frameHeight": 226,
            "frameY": -6,
            "width": 449,
            "frameWidth": 474,
            "height": 214,
            "name": "mobile_size/confirm btn/btn_bet_glow",
            "x": 1
        },
        {
            "y": 415,
            "frameX": -35,
            "frameHeight": 51,
            "frameY": -6,
            "width": 156,
            "frameWidth": 226,
            "height": 39,
            "name": "mobile_size/confirm btn/one_line_full",
            "x": 247
        },
        {
            "width": 72,
            "y": 531,
            "height": 50,
            "name": "mobile_size/confirm btn/icon_tick_normal",
            "x": 80
        },
        {
            "y": 71,
            "frameX": -103,
            "frameHeight": 124,
            "frameY": -22,
            "width": 2,
            "frameWidth": 372,
            "height": 80,
            "name": "mobile_size/confirm btn/timer_divider",
            "x": 506
        },
        {
            "y": 514,
            "frameX": -3,
            "frameHeight": 62,
            "frameY": -3,
            "width": 77,
            "frameWidth": 186,
            "height": 56,
            "name": "mobile_size/confirm btn/confirm_btn_effect/confirm_sequence_00004",
            "x": 190
        },
        {
            "y": 275,
            "frameX": -3,
            "frameHeight": 62,
            "frameY": -3,
            "width": 61,
            "frameWidth": 186,
            "height": 56,
            "name": "mobile_size/confirm btn/confirm_btn_effect/confirm_sequence_00003",
            "x": 450
        },
        {
            "y": 333,
            "frameX": -3,
            "frameHeight": 62,
            "frameY": -3,
            "width": 122,
            "frameWidth": 186,
            "height": 56,
            "name": "mobile_size/confirm btn/confirm_btn_effect/confirm_sequence_00007",
            "x": 266
        },
        {
            "y": 275,
            "frameX": -45,
            "frameHeight": 62,
            "frameY": -3,
            "width": 138,
            "frameWidth": 186,
            "height": 56,
            "name": "mobile_size/confirm btn/confirm_btn_effect/confirm_sequence_00014",
            "x": 310
        },
        {
            "y": 456,
            "frameX": -3,
            "frameHeight": 62,
            "frameY": -3,
            "width": 108,
            "frameWidth": 186,
            "height": 56,
            "name": "mobile_size/confirm btn/confirm_btn_effect/confirm_sequence_00006",
            "x": 247
        },
        {
            "y": 456,
            "frameX": -75,
            "frameHeight": 62,
            "frameY": -3,
            "width": 108,
            "frameWidth": 186,
            "height": 56,
            "name": "mobile_size/confirm btn/confirm_btn_effect/confirm_sequence_00016",
            "x": 357
        },
        {
            "y": 275,
            "frameX": -30,
            "frameHeight": 62,
            "frameY": -3,
            "width": 153,
            "frameWidth": 186,
            "height": 56,
            "name": "mobile_size/confirm btn/confirm_btn_effect/confirm_sequence_00013",
            "x": 1
        },
        {
            "y": 583,
            "frameX": -121,
            "frameHeight": 62,
            "frameY": -3,
            "width": 62,
            "frameWidth": 186,
            "height": 55,
            "name": "mobile_size/confirm btn/confirm_btn_effect/confirm_sequence_00019",
            "x": 80
        },
        {
            "y": 333,
            "frameX": -3,
            "frameHeight": 62,
            "frameY": -3,
            "width": 138,
            "frameWidth": 186,
            "height": 56,
            "name": "mobile_size/confirm btn/confirm_btn_effect/confirm_sequence_00008",
            "x": 1
        },
        {
            "y": 531,
            "frameX": -106,
            "frameHeight": 62,
            "frameY": -3,
            "width": 77,
            "frameWidth": 186,
            "height": 56,
            "name": "mobile_size/confirm btn/confirm_btn_effect/confirm_sequence_00018",
            "x": 1
        },
        {
            "y": 217,
            "frameX": -3,
            "frameHeight": 62,
            "frameY": -3,
            "width": 165,
            "frameWidth": 186,
            "height": 56,
            "name": "mobile_size/confirm btn/confirm_btn_effect/confirm_sequence_00010",
            "x": 340
        },
        {
            "y": 217,
            "frameX": -18,
            "frameHeight": 62,
            "frameY": -3,
            "width": 165,
            "frameWidth": 186,
            "height": 56,
            "name": "mobile_size/confirm btn/confirm_btn_effect/confirm_sequence_00012",
            "x": 173
        },
        {
            "y": 275,
            "frameX": -3,
            "frameHeight": 62,
            "frameY": -3,
            "width": 152,
            "frameWidth": 186,
            "height": 56,
            "name": "mobile_size/confirm btn/confirm_btn_effect/confirm_sequence_00009",
            "x": 156
        },
        {
            "y": 473,
            "frameX": -3,
            "frameHeight": 62,
            "frameY": -3,
            "width": 93,
            "frameWidth": 186,
            "height": 56,
            "name": "mobile_size/confirm btn/confirm_btn_effect/confirm_sequence_00005",
            "x": 1
        },
        {
            "y": 333,
            "frameX": -60,
            "frameHeight": 62,
            "frameY": -3,
            "width": 123,
            "frameWidth": 186,
            "height": 56,
            "name": "mobile_size/confirm btn/confirm_btn_effect/confirm_sequence_00015",
            "x": 141
        },
        {
            "y": 217,
            "frameX": -8,
            "frameHeight": 62,
            "frameY": -3,
            "width": 170,
            "frameWidth": 186,
            "height": 56,
            "name": "mobile_size/confirm btn/confirm_btn_effect/confirm_sequence_00011",
            "x": 1
        },
        {
            "y": 473,
            "frameX": -91,
            "frameHeight": 62,
            "frameY": -3,
            "width": 92,
            "frameWidth": 186,
            "height": 56,
            "name": "mobile_size/confirm btn/confirm_btn_effect/confirm_sequence_00017",
            "x": 96
        }
    ]
}