{"width":1024,"imagePath":"baccarat_game_result_tex.png","height":1024,"name":"baccarat_game_result","SubTexture":[{"width":669,"y":242,"height":195,"name":"L2_shadow","x":1},{"width":622,"y":439,"height":119,"name":"bg_banker","x":1},{"width":557,"y":678,"height":118,"name":"bg_player","x":1},{"width":557,"y":798,"height":118,"name":"bg_tie","x":1},{"width":238,"y":560,"height":113,"name":"B_R_line_01","x":624},{"frameY":-4,"y":793,"frameWidth":59,"frameX":-4,"frameHeight":113,"width":51,"height":105,"name":"B_R_line_02","x":727},{"frameY":-4,"y":675,"frameWidth":59,"frameX":-4,"frameHeight":113,"width":51,"height":105,"name":"B_R_line_03","x":801},{"frameY":-4,"y":239,"frameWidth":60,"frameX":-4,"frameHeight":113,"width":52,"height":105,"name":"B_R_line_04","x":672},{"frameY":-4,"y":675,"frameWidth":59,"frameX":-4,"frameHeight":113,"width":51,"height":105,"name":"B_R_line_05","x":854},{"frameY":-4,"y":900,"frameWidth":59,"frameX":-4,"frameHeight":113,"width":51,"height":105,"name":"B_R_line_06","x":780},{"frameY":-4,"y":793,"frameWidth":59,"frameX":-4,"frameHeight":113,"width":51,"height":105,"name":"B_R_line_07","x":780},{"frameY":-4,"y":346,"frameWidth":60,"frameX":-4,"frameHeight":113,"width":52,"height":105,"name":"B_R_line_08","x":817},{"width":239,"y":678,"height":113,"name":"B_L_line_01","x":560},{"frameY":-4,"y":453,"frameWidth":59,"frameX":-4,"frameHeight":113,"width":51,"height":105,"name":"B_L_line_02","x":817},{"frameY":-4,"y":854,"frameWidth":59,"frameX":-4,"frameHeight":113,"width":51,"height":105,"name":"B_L_line_03","x":621},{"frameY":-4,"y":239,"frameWidth":60,"frameX":-4,"frameHeight":113,"width":52,"height":105,"name":"B_L_line_04","x":726},{"frameY":-4,"y":782,"frameWidth":59,"frameX":-4,"frameHeight":113,"width":51,"height":105,"name":"B_L_line_05","x":833},{"frameY":-4,"y":854,"frameWidth":59,"frameX":-4,"frameHeight":113,"width":51,"height":105,"name":"B_L_line_06","x":674},{"frameY":-4,"y":900,"frameWidth":59,"frameX":-4,"frameHeight":113,"width":51,"height":105,"name":"B_L_line_07","x":727},{"frameY":-4,"y":239,"frameWidth":60,"frameX":-4,"frameHeight":113,"width":52,"height":105,"name":"B_L_line_08","x":817},{"frameY":-4,"y":1015,"frameWidth":599,"frameX":-4,"frameHeight":14,"width":591,"height":6,"name":"B_bottom_line","x":1},{"frameY":-4,"y":1007,"frameWidth":599,"frameX":-4,"frameHeight":14,"width":591,"height":6,"name":"B_top_line","x":1},{"width":1,"y":239,"height":1,"name":"txt","x":663},{"width":146,"y":560,"height":19,"name":"A_top_line_light_0","x":864},{"width":660,"y":1,"height":239,"name":"L1_shadow","x":1},{"width":110,"y":793,"height":59,"name":"A_pattern_01","x":560},{"width":190,"y":439,"height":99,"name":"A_pattern_02","x":625},{"width":264,"y":119,"height":118,"name":"A_pattern_03","x":663},{"width":348,"y":1,"height":116,"name":"A_pattern_04","x":663},{"width":621,"y":560,"height":116,"name":"A_pattern_05","x":1},{"frameY":-4,"y":1007,"frameWidth":283,"frameX":-4,"frameHeight":19,"width":275,"height":11,"name":"A_L_top_line","x":594},{"frameY":-4,"y":961,"frameWidth":283,"frameX":-4,"frameHeight":19,"width":275,"height":11,"name":"A_R_top_line","x":1},{"frameY":-4,"y":918,"frameWidth":626,"frameX":-4,"frameHeight":31,"width":618,"height":23,"name":"A_bottom_line","x":1},{"frameY":-4,"y":793,"frameWidth":27,"frameX":-4,"frameHeight":26,"width":19,"height":18,"name":"A_square","x":706},{"frameY":-4,"y":346,"frameWidth":71,"frameX":-4,"frameHeight":55,"width":63,"height":47,"name":"A_crown","x":672},{"width":32,"y":793,"height":46,"name":"A_crown_light_01","x":672},{"width":61,"y":346,"height":47,"name":"A_crown_light_02","x":737},{"width":1,"y":239,"height":1,"name":"+800","x":666}]}