{"width":1024,"SubTexture":[{"width":669,"y":242,"height":195,"name":"L2_shadow","x":1},{"width":557,"y":798,"height":118,"name":"bg_tie","x":1},{"width":622,"y":439,"height":119,"name":"bg_banker","x":1},{"width":557,"y":678,"height":118,"name":"bg_player","x":1},{"width":238,"y":560,"height":113,"name":"B_R_line_01","x":624},{"frameWidth":59,"y":453,"frameHeight":113,"width":51,"frameX":-4,"height":105,"name":"B_R_line_02","frameY":-4,"x":817},{"frameWidth":59,"y":793,"frameHeight":113,"width":51,"frameX":-4,"height":105,"name":"B_R_line_03","frameY":-4,"x":727},{"frameWidth":60,"y":239,"frameHeight":113,"width":52,"frameX":-4,"height":105,"name":"B_R_line_04","frameY":-4,"x":672},{"frameWidth":59,"y":675,"frameHeight":113,"width":51,"frameX":-4,"height":105,"name":"B_R_line_05","frameY":-4,"x":801},{"frameWidth":59,"y":900,"frameHeight":113,"width":51,"frameX":-4,"height":105,"name":"B_R_line_06","frameY":-4,"x":780},{"frameWidth":59,"y":793,"frameHeight":113,"width":51,"frameX":-4,"height":105,"name":"B_R_line_07","frameY":-4,"x":780},{"frameWidth":60,"y":239,"frameHeight":113,"width":52,"frameX":-4,"height":105,"name":"B_R_line_08","frameY":-4,"x":726},{"width":239,"y":678,"height":113,"name":"B_L_line_01","x":560},{"frameWidth":59,"y":854,"frameHeight":113,"width":51,"frameX":-4,"height":105,"name":"B_L_line_02","frameY":-4,"x":674},{"frameWidth":59,"y":900,"frameHeight":113,"width":51,"frameX":-4,"height":105,"name":"B_L_line_03","frameY":-4,"x":727},{"frameWidth":60,"y":346,"frameHeight":113,"width":52,"frameX":-4,"height":105,"name":"B_L_line_04","frameY":-4,"x":817},{"frameWidth":59,"y":782,"frameHeight":113,"width":51,"frameX":-4,"height":105,"name":"B_L_line_05","frameY":-4,"x":833},{"frameWidth":59,"y":854,"frameHeight":113,"width":51,"frameX":-4,"height":105,"name":"B_L_line_06","frameY":-4,"x":621},{"frameWidth":59,"y":675,"frameHeight":113,"width":51,"frameX":-4,"height":105,"name":"B_L_line_07","frameY":-4,"x":854},{"frameWidth":60,"y":239,"frameHeight":113,"width":52,"frameX":-4,"height":105,"name":"B_L_line_08","frameY":-4,"x":817},{"frameWidth":599,"y":1007,"frameHeight":14,"width":591,"frameX":-4,"height":6,"name":"B_bottom_line","frameY":-4,"x":1},{"frameWidth":599,"y":1015,"frameHeight":14,"width":591,"frameX":-4,"height":6,"name":"B_top_line","frameY":-4,"x":1},{"width":1,"y":239,"height":1,"name":"+800","x":663},{"width":1,"y":239,"height":1,"name":"txt","x":666},{"width":146,"y":560,"height":19,"name":"A_top_line_light_0","x":864},{"width":660,"y":1,"height":239,"name":"L1_shadow","x":1},{"width":110,"y":793,"height":59,"name":"A_pattern_01","x":560},{"width":190,"y":439,"height":99,"name":"A_pattern_02","x":625},{"width":264,"y":119,"height":118,"name":"A_pattern_03","x":663},{"width":348,"y":1,"height":116,"name":"A_pattern_04","x":663},{"width":621,"y":560,"height":116,"name":"A_pattern_05","x":1},{"frameWidth":283,"y":1007,"frameHeight":19,"width":275,"frameX":-4,"height":11,"name":"A_L_top_line","frameY":-4,"x":594},{"frameWidth":283,"y":961,"frameHeight":19,"width":275,"frameX":-4,"height":11,"name":"A_R_top_line","frameY":-4,"x":1},{"frameWidth":626,"y":918,"frameHeight":31,"width":618,"frameX":-4,"height":23,"name":"A_bottom_line","frameY":-4,"x":1},{"frameWidth":27,"y":793,"frameHeight":26,"width":19,"frameX":-4,"height":18,"name":"A_square","frameY":-4,"x":706},{"frameWidth":71,"y":346,"frameHeight":55,"width":63,"frameX":-4,"height":47,"name":"A_crown","frameY":-4,"x":672},{"width":32,"y":793,"height":46,"name":"A_crown_light_01","x":672},{"width":61,"y":346,"height":47,"name":"A_crown_light_02","x":737}],"height":1024,"name":"bccarat_game_result","imagePath":"bccarat_game_result_tex.png"}