{"width":256,"SubTexture":[{"width":56,"y":63,"height":56,"name":"d_ba_btn_pictureinpicture_bg","x":1},{"width":56,"y":1,"height":56,"name":"d_ba_btn_pictureinpicture_hover","x":63},{"width":23,"y":49,"height":23,"name":"d_ba_btn_pictureinpicture_arrow_1","x":169},{"width":50,"y":59,"height":50,"name":"_Hover_Circle","x":117},{"width":20,"y":1,"height":20,"name":"d_ba_betarea_icon_betpool_circle","x":177},{"width":6,"y":36,"height":10,"name":"d_ba_betarea_icon_betpool","x":192},{"width":10,"y":23,"height":11,"name":"d_ba_betarea_icon_playerount","x":192},{"frameX":-4,"y":63,"frameY":-4,"frameWidth":64,"width":56,"frameHeight":64,"height":56,"name":"d_ba_roadmap_btn_swap_number_bg","x":59},{"width":54,"y":1,"height":46,"name":"d_ba_roadmap_btn_swap_arror","x":121},{"frameX":-4,"y":23,"frameY":-4,"frameWidth":21,"width":13,"frameHeight":29,"height":21,"name":"d_ba_roadmap_btn_swap_number","x":177},{"frameX":-4,"y":1,"frameY":-4,"frameWidth":68,"width":60,"frameHeight":68,"height":60,"name":"d_common_hideui_bg_hover","x":1}],"height":128,"name":"Baccarat","imagePath":"Baccarat_tex.png"}