{"width":512,"SubTexture":[{"width":30,"y":480,"height":24,"name":"d_ro_fav_icon_confirm","x":91},{"width":24,"y":207,"height":24,"name":"d_ro_fav_icon_delete","x":153},{"width":30,"y":300,"height":30,"name":"d_ro_fav_icon_new","x":179},{"width":28,"y":480,"height":27,"name":"d_ro_fav_icon_saved","x":61},{"width":28,"y":480,"height":27,"name":"d_ro_fav_icon_saved_hover","x":31},{"width":115,"y":1,"height":122,"name":"d_ro_hotcold_cold_base","x":1},{"width":80,"y":207,"height":91,"name":"d_ro_hotcold_cold1","x":179},{"width":110,"y":1,"height":109,"name":"d_ro_hotcold_cold2","x":118},{"width":92,"y":243,"height":93,"name":"d_ro_hotcold_cold3","x":85},{"width":82,"y":243,"height":133,"name":"d_ro_hotcold_hot_base","x":1},{"width":79,"y":112,"height":71,"name":"d_ro_hotcold_hot1","x":200},{"width":79,"y":112,"height":93,"name":"d_ro_hotcold_hot2","x":119},{"width":68,"y":1,"height":97,"name":"d_ro_hotcold_hot3","x":230},{"width":32,"y":207,"height":32,"name":"d_ro_racetrack_bet_circle","x":119},{"width":28,"y":480,"height":28,"name":"d_ro_racetrack_bet_add","x":1},{"width":26,"y":100,"height":10,"name":"d_ro_racetrack_bet_deduct","x":230},{"width":86,"y":338,"height":85,"name":"d_ro_result_hightlight1","x":103},{"width":100,"y":378,"height":100,"name":"d_ro_result_hightlight2","x":1},{"width":116,"y":125,"height":116,"name":"d_ro_result_hightlight3","x":1}],"height":512,"name":"Roulette","imagePath":"Roulette_tex.png"}