{"name":"common_ui","SubTexture":[{"name":"d_common_gamesetting","x":480,"frameWidth":50,"height":26,"y":43,"frameHeight":50,"frameX":-12,"frameY":-12,"width":26},{"name":"d_common_gamesetting_sound_on","x":480,"height":26,"y":97,"width":19},{"name":"d_common_gamesetting_sound_on_line","x":240,"height":14,"y":473,"width":5},{"name":"d_common_gamesetting_sound_off_line","x":480,"frameWidth":26,"height":24,"y":71,"frameHeight":26,"frameX":-1,"frameY":-1,"width":24},{"name":"d_common_gamesetting_stat_circle_circle","x":452,"height":26,"y":43,"width":26},{"name":"d_common_gamesetting_stat_line","x":186,"height":14,"y":531,"width":2},{"name":"d_common_gamesetting_video_on","x":472,"height":24,"y":333,"width":35},{"name":"d_common_gamesetting_video_off_line","x":154,"height":30,"y":531,"width":30},{"name":"d_common_betcontrol_btn_undo","x":405,"height":36,"y":415,"width":36},{"name":"d_common_hideui_bg","x":154,"frameWidth":68,"height":60,"y":572,"frameHeight":68,"frameX":-4,"frameY":-4,"width":60},{"name":"d_common_hideui2","x":472,"height":20,"y":391,"width":25},{"name":"d_common_hideui1","x":247,"height":20,"y":391,"width":25},{"name":"d_common_hideui3","x":472,"height":30,"y":359,"width":24},{"name":"d_common_hideui_bg_border","x":269,"frameWidth":68,"height":60,"y":514,"frameHeight":68,"frameX":-4,"frameY":-4,"width":60},{"name":"d_common_icon_back","x":443,"frameWidth":38,"height":30,"y":415,"frameHeight":38,"frameX":-4,"frameY":-4,"width":30},{"name":"d_common_icon_betlimit_expand_circle","x":298,"frameWidth":24,"height":22,"y":391,"frameHeight":24,"frameX":-1,"frameY":-1,"width":22},{"name":"d_common_icon_betlimit_expand_circle_arror","x":498,"frameWidth":14,"height":7,"y":374,"frameHeight":9,"frameX":-1,"frameY":-1,"width":12},{"name":"d_common_icon_close","x":452,"frameWidth":28,"height":26,"y":71,"frameHeight":28,"frameX":-1,"frameY":-1,"width":26},{"name":"d_common_icon_gameinfo_circle","x":274,"frameWidth":24,"height":22,"y":391,"frameHeight":24,"frameX":-1,"frameY":-1,"width":22},{"name":"d_common_icon_gameinfo_i","x":498,"frameWidth":9,"height":13,"y":359,"frameHeight":15,"frameX":-1,"frameY":-1,"width":7},{"name":"d_common_icon_menu_3","x":154,"frameWidth":37,"height":3,"y":563,"frameHeight":11,"frameX":-4,"frameY":-4,"width":29},{"name":"d_common_icon_menu_2","x":322,"frameWidth":37,"height":3,"y":406,"frameHeight":11,"frameX":-4,"frameY":-4,"width":29},{"name":"d_common_icon_menu_1","x":190,"frameWidth":37,"height":3,"y":509,"frameHeight":11,"frameX":-4,"frameY":-4,"width":29},{"name":"d_common_icon_refresh_1","x":322,"frameWidth":30,"height":13,"y":391,"frameHeight":21,"frameX":-4,"frameY":-4,"width":22},{"name":"mobile_size/m_betcontrol_btn_bg","x":83,"height":80,"y":391,"width":80},{"name":"mobile_size/m_betcontrol_btn_bg_hover","x":165,"height":80,"y":391,"width":80},{"name":"mobile_size/m_betcontrol_btn_clear","x":1,"height":80,"y":391,"width":80},{"name":"mobile_size/m_betcontrol_btn_double","x":190,"frameWidth":80,"height":34,"y":473,"frameHeight":80,"frameX":-15,"frameY":-22,"width":48},{"name":"mobile_size/m_betcontrol_btn_rebet","x":452,"frameWidth":80,"height":40,"y":1,"frameHeight":80,"frameX":-20,"frameY":-20,"width":46},{"name":"mobile_size/m_betcontrol_btn_undo","x":390,"height":80,"y":333,"width":80},{"name":"mobile_size/confirm btn/btn_bet_glow","x":1,"frameWidth":474,"height":214,"y":1,"frameHeight":226,"frameX":-6,"frameY":-6,"width":449},{"name":"mobile_size/confirm btn/one_line_full","x":247,"frameWidth":226,"height":39,"y":415,"frameHeight":51,"frameX":-35,"frameY":-6,"width":156},{"name":"mobile_size/confirm btn/icon_tick_normal","x":80,"height":50,"y":531,"width":72},{"name":"mobile_size/confirm btn/timer_divider","x":506,"frameWidth":372,"height":80,"y":71,"frameHeight":124,"frameX":-103,"frameY":-22,"width":2},{"name":"mobile_size/confirm btn/confirm_btn_effect/confirm_sequence_00006","x":247,"frameWidth":186,"height":56,"y":456,"frameHeight":62,"frameX":-3,"frameY":-3,"width":108},{"name":"mobile_size/confirm btn/confirm_btn_effect/confirm_sequence_00013","x":1,"frameWidth":186,"height":56,"y":275,"frameHeight":62,"frameX":-30,"frameY":-3,"width":153},{"name":"mobile_size/confirm btn/confirm_btn_effect/confirm_sequence_00005","x":1,"frameWidth":186,"height":56,"y":473,"frameHeight":62,"frameX":-3,"frameY":-3,"width":93},{"name":"mobile_size/confirm btn/confirm_btn_effect/confirm_sequence_00014","x":1,"frameWidth":186,"height":56,"y":333,"frameHeight":62,"frameX":-45,"frameY":-3,"width":138},{"name":"mobile_size/confirm btn/confirm_btn_effect/confirm_sequence_00010","x":340,"frameWidth":186,"height":56,"y":217,"frameHeight":62,"frameX":-3,"frameY":-3,"width":165},{"name":"mobile_size/confirm btn/confirm_btn_effect/confirm_sequence_00009","x":156,"frameWidth":186,"height":56,"y":275,"frameHeight":62,"frameX":-3,"frameY":-3,"width":152},{"name":"mobile_size/confirm btn/confirm_btn_effect/confirm_sequence_00016","x":357,"frameWidth":186,"height":56,"y":456,"frameHeight":62,"frameX":-75,"frameY":-3,"width":108},{"name":"mobile_size/confirm btn/confirm_btn_effect/confirm_sequence_00012","x":173,"frameWidth":186,"height":56,"y":217,"frameHeight":62,"frameX":-18,"frameY":-3,"width":165},{"name":"mobile_size/confirm btn/confirm_btn_effect/confirm_sequence_00019","x":80,"frameWidth":186,"height":55,"y":583,"frameHeight":62,"frameX":-121,"frameY":-3,"width":62},{"name":"mobile_size/confirm btn/confirm_btn_effect/confirm_sequence_00003","x":450,"frameWidth":186,"height":56,"y":275,"frameHeight":62,"frameX":-3,"frameY":-3,"width":61},{"name":"mobile_size/confirm btn/confirm_btn_effect/confirm_sequence_00008","x":310,"frameWidth":186,"height":56,"y":275,"frameHeight":62,"frameX":-3,"frameY":-3,"width":138},{"name":"mobile_size/confirm btn/confirm_btn_effect/confirm_sequence_00015","x":141,"frameWidth":186,"height":56,"y":333,"frameHeight":62,"frameX":-60,"frameY":-3,"width":123},{"name":"mobile_size/confirm btn/confirm_btn_effect/confirm_sequence_00007","x":266,"frameWidth":186,"height":56,"y":333,"frameHeight":62,"frameX":-3,"frameY":-3,"width":122},{"name":"mobile_size/confirm btn/confirm_btn_effect/confirm_sequence_00017","x":96,"frameWidth":186,"height":56,"y":473,"frameHeight":62,"frameX":-91,"frameY":-3,"width":92},{"name":"mobile_size/confirm btn/confirm_btn_effect/confirm_sequence_00004","x":190,"frameWidth":186,"height":56,"y":514,"frameHeight":62,"frameX":-3,"frameY":-3,"width":77},{"name":"mobile_size/confirm btn/confirm_btn_effect/confirm_sequence_00011","x":1,"frameWidth":186,"height":56,"y":217,"frameHeight":62,"frameX":-8,"frameY":-3,"width":170},{"name":"mobile_size/confirm btn/confirm_btn_effect/confirm_sequence_00018","x":1,"frameWidth":186,"height":56,"y":531,"frameHeight":62,"frameX":-106,"frameY":-3,"width":77}],"imagePath":"common_ui_tex.png","height":1024,"width":512}