{"width":1024,"SubTexture":[{"frameWidth":561,"y":1,"frameHeight":313,"width":553,"frameX":-4,"height":309,"name":"flare","frameY":0,"x":1},{"frameWidth":192,"y":1,"frameHeight":174,"width":184,"frameX":-4,"height":166,"name":"R_bg_black","frameY":-4,"x":803},{"frameWidth":192,"y":482,"frameHeight":174,"width":184,"frameX":-4,"height":166,"name":"R_bg_red","frameY":-4,"x":248},{"frameWidth":192,"y":169,"frameHeight":174,"width":184,"frameX":-4,"height":166,"name":"R_bg_green","frameY":-4,"x":803},{"frameWidth":230,"y":312,"frameHeight":176,"width":222,"frameX":-4,"height":168,"name":"line_right","frameY":-4,"x":248},{"frameWidth":191,"y":510,"frameHeight":174,"width":183,"frameX":-4,"height":166,"name":"L_bg_green","frameY":-4,"x":1},{"frameWidth":191,"y":560,"frameHeight":174,"width":183,"frameX":-4,"height":166,"name":"L_bg_black","frameY":-4,"x":695},{"frameWidth":191,"y":567,"frameHeight":174,"width":183,"frameX":-4,"height":166,"name":"L_bg_red","frameY":-4,"x":434},{"width":1,"y":394,"height":1,"name":"L_txt","x":472},{"frameWidth":229,"y":397,"frameHeight":176,"width":221,"frameX":-4,"height":168,"name":"line_left","frameY":-4,"x":472},{"frameWidth":114,"y":628,"frameHeight":68,"width":106,"frameX":-4,"height":60,"name":"graphic_03","frameY":-4,"x":880},{"frameWidth":80,"y":312,"frameHeight":82,"width":72,"frameX":-4,"height":74,"name":"graphic_02","frameY":-4,"x":472},{"frameWidth":46,"y":567,"frameHeight":87,"width":38,"frameX":-4,"height":79,"name":"graphic_01","frameY":-4,"x":619},{"frameWidth":364,"y":728,"frameHeight":92,"width":356,"frameX":-4,"height":84,"name":"tag","frameY":-4,"x":619},{"width":245,"y":1,"height":196,"name":"bg_green","x":556},{"width":245,"y":312,"height":196,"name":"bg_black","x":1},{"width":245,"y":199,"height":196,"name":"bg_red","x":556},{"frameWidth":29,"y":482,"frameHeight":29,"width":21,"frameX":-4,"height":21,"name":"square","frameY":-4,"x":434},{"frameWidth":92,"y":337,"frameHeight":52,"width":84,"frameX":-4,"height":44,"name":"textutre_01","frameY":-4,"x":803},{"frameWidth":136,"y":560,"frameHeight":74,"width":128,"frameX":-4,"height":66,"name":"textutre_02","frameY":-4,"x":880},{"frameWidth":187,"y":814,"frameHeight":100,"width":179,"frameX":-4,"height":92,"name":"textutre_03","frameY":-4,"x":434},{"width":225,"y":397,"height":161,"name":"textutre_04","x":695},{"width":1,"y":388,"height":1,"name":"-800","x":472},{"width":1,"y":391,"height":1,"name":"middle_txt","x":472}],"height":1024,"name":"roulette_game_result","imagePath":"roulette_game_result_tex.png"}