{"width":1024,"SubTexture":[{"frameWidth":137,"y":1535,"frameHeight":122,"width":129,"frameX":-4,"height":114,"name":"East_Diamond","frameY":-4,"x":1},{"frameWidth":137,"y":1651,"frameHeight":122,"width":129,"frameX":-4,"height":114,"name":"North_Diamond","frameY":-4,"x":1},{"frameWidth":137,"y":1767,"frameHeight":122,"width":129,"frameX":-4,"height":114,"name":"West_Diamond","frameY":-4,"x":1},{"frameWidth":137,"y":936,"frameHeight":122,"width":129,"frameX":-4,"height":114,"name":"South_Diamond","frameY":-4,"x":853},{"frameWidth":137,"y":1688,"frameHeight":122,"width":129,"frameX":-4,"height":114,"name":"Gold_Diamond","frameY":-4,"x":132},{"frameWidth":137,"y":1572,"frameHeight":122,"width":129,"frameX":-4,"height":114,"name":"White_Diamond","frameY":-4,"x":132},{"frameWidth":255,"y":1104,"frameHeight":140,"width":247,"frameX":-4,"height":132,"name":"East_Top_Line","frameY":-4,"x":250},{"frameWidth":255,"y":1164,"frameHeight":140,"width":247,"frameX":-4,"height":132,"name":"West_Top_Line","frameY":-4,"x":1},{"frameWidth":255,"y":1104,"frameHeight":140,"width":247,"frameX":-4,"height":132,"name":"White_Top_Line","frameY":-4,"x":748},{"frameWidth":255,"y":1104,"frameHeight":140,"width":247,"frameX":-4,"height":132,"name":"Gold_Top_Line","frameY":-4,"x":499},{"frameWidth":255,"y":1030,"frameHeight":140,"width":247,"frameX":-4,"height":132,"name":"South_Top_Line","frameY":-4,"x":1},{"frameWidth":255,"y":1238,"frameHeight":140,"width":247,"frameX":-4,"height":132,"name":"North_Top_Line","frameY":-4,"x":250},{"frameWidth":263,"y":1922,"frameHeight":45,"width":255,"frameX":-4,"height":37,"name":"South_Bottom_Line","frameY":-4,"x":1},{"frameWidth":263,"y":1883,"frameHeight":45,"width":255,"frameX":-4,"height":37,"name":"North_Bottom_Line","frameY":-4,"x":1},{"frameWidth":263,"y":1961,"frameHeight":45,"width":255,"frameX":-4,"height":37,"name":"East_Bottom_Line","frameY":-4,"x":1},{"frameWidth":263,"y":1804,"frameHeight":45,"width":255,"frameX":-4,"height":37,"name":"White_Bottom_Line","frameY":-4,"x":132},{"frameWidth":263,"y":1996,"frameHeight":45,"width":255,"frameX":-4,"height":37,"name":"West_Bottom_Line","frameY":-4,"x":258},{"frameWidth":263,"y":2009,"frameHeight":45,"width":255,"frameX":-4,"height":37,"name":"Gold_Bottom_Line","frameY":-4,"x":1},{"width":132,"y":1359,"height":235,"name":"White_Shadow","x":499},{"width":132,"y":1475,"height":235,"name":"South_Shadow","x":767},{"width":132,"y":1712,"height":235,"name":"West_Shadow","x":767},{"width":132,"y":1298,"height":235,"name":"East_Shadow","x":1},{"width":132,"y":1238,"height":235,"name":"Gold_Shadow","x":770},{"width":132,"y":1372,"height":235,"name":"North_Shadow","x":633},{"width":289,"y":579,"height":281,"name":"BG","x":292},{"width":289,"y":579,"height":281,"name":"BG_Shadow","x":1},{"width":424,"y":852,"height":82,"name":"North_800_BG","x":583},{"width":424,"y":768,"height":82,"name":"East_800_BG","x":583},{"width":424,"y":936,"height":82,"name":"Gold_800_BG","x":427},{"width":424,"y":862,"height":82,"name":"White_800_BG","x":1},{"width":424,"y":946,"height":82,"name":"South_800_BG","x":1},{"width":424,"y":1020,"height":82,"name":"West_800_BG","x":427},{"width":1,"y":1535,"height":1,"name":"800_Number","x":132},{"width":94,"y":1298,"height":51,"name":"Pattern_01","x":135},{"width":148,"y":1949,"height":79,"name":"Pattern_02","x":711},{"width":199,"y":579,"height":109,"name":"Pattern_03","x":819},{"width":234,"y":579,"height":187,"name":"Pattern_04","x":583},{"width":269,"y":1238,"height":119,"name":"Pattern_05","x":499},{"width":296,"y":290,"height":287,"name":"West_Border","x":299},{"width":296,"y":1,"height":287,"name":"South_Border","x":299},{"width":296,"y":290,"height":287,"name":"White_Border","x":597},{"width":296,"y":1,"height":287,"name":"Gold_Border","x":597},{"width":296,"y":290,"height":287,"name":"North_Border","x":1},{"width":296,"y":1,"height":287,"name":"East_Border","x":1},{"width":142,"y":1796,"height":198,"name":"South_Bet","x":423},{"width":142,"y":1372,"height":198,"name":"West_Bet","x":135},{"width":142,"y":1609,"height":198,"name":"North_Bet","x":567},{"width":142,"y":1596,"height":198,"name":"Gold_Bet_Green","x":423},{"width":142,"y":1572,"height":198,"name":"East_Bet","x":279},{"width":142,"y":1372,"height":198,"name":"White_Bet","x":279},{"width":142,"y":1809,"height":198,"name":"Gold_Bet_Red","x":567}],"height":2048,"name":"luckywheel_game_result","imagePath":"luckywheel_game_result_tex.png"}