{"width":1024,"SubTexture":[{"width":75,"y":1388,"height":59,"name":"East_Diamond","x":145},{"width":75,"y":1573,"height":59,"name":"White_Diamond","x":921},{"width":75,"y":862,"height":59,"name":"West_Diamond","x":427},{"width":75,"y":862,"height":59,"name":"South_Diamond","x":504},{"width":75,"y":1402,"height":59,"name":"North_Diamond","x":403},{"width":75,"y":1341,"height":59,"name":"Gold_Diamond","x":403},{"width":192,"y":1504,"height":75,"name":"White_Top_Line","x":339},{"width":192,"y":690,"height":75,"name":"North_Top_Line","x":819},{"width":192,"y":1504,"height":75,"name":"West_Top_Line","x":533},{"width":192,"y":1573,"height":75,"name":"South_Top_Line","x":727},{"width":192,"y":1581,"height":75,"name":"Gold_Top_Line","x":533},{"width":192,"y":1504,"height":75,"name":"East_Top_Line","x":145},{"width":258,"y":1656,"height":23,"name":"East_Bottom_Line","x":1},{"width":258,"y":1631,"height":23,"name":"White_Bottom_Line","x":261},{"width":258,"y":1606,"height":23,"name":"West_Bottom_Line","x":261},{"width":258,"y":1631,"height":23,"name":"South_Bottom_Line","x":1},{"width":258,"y":1606,"height":23,"name":"North_Bottom_Line","x":1},{"width":258,"y":1581,"height":23,"name":"Gold_Bottom_Line","x":145},{"width":132,"y":1267,"height":235,"name":"South_Shadow","x":269},{"width":132,"y":1151,"height":235,"name":"North_Shadow","x":135},{"width":132,"y":1104,"height":235,"name":"Gold_Shadow","x":406},{"width":132,"y":1151,"height":235,"name":"East_Shadow","x":1},{"width":132,"y":1030,"height":235,"name":"White_Shadow","x":272},{"width":132,"y":936,"height":235,"name":"West_Shadow","x":853},{"width":289,"y":579,"height":281,"name":"BG","x":1},{"width":289,"y":579,"height":281,"name":"BG_Shadow","x":292},{"width":424,"y":768,"height":82,"name":"West_800_BG","x":583},{"width":424,"y":862,"height":82,"name":"South_800_BG","x":1},{"width":424,"y":1020,"height":82,"name":"North_800_BG","x":427},{"width":424,"y":946,"height":82,"name":"Gold_800_BG","x":1},{"width":424,"y":936,"height":82,"name":"East_800_BG","x":427},{"width":424,"y":852,"height":82,"name":"White_800_BG","x":583},{"width":94,"y":1504,"height":51,"name":"Pattern_01","x":727},{"width":148,"y":1650,"height":79,"name":"Pattern_02","x":727},{"width":199,"y":579,"height":109,"name":"Pattern_03","x":819},{"width":234,"y":579,"height":187,"name":"Pattern_04","x":583},{"width":269,"y":1030,"height":119,"name":"Pattern_05","x":1},{"width":296,"y":1,"height":287,"name":"East_Border","x":299},{"width":296,"y":1,"height":287,"name":"White_Border","x":597},{"width":296,"y":290,"height":287,"name":"West_Border","x":299},{"width":296,"y":1,"height":287,"name":"South_Border","x":1},{"width":296,"y":290,"height":287,"name":"North_Border","x":597},{"width":296,"y":290,"height":287,"name":"Gold_Border","x":1},{"width":142,"y":1388,"height":198,"name":"Gold_Bet_Red","x":1},{"width":142,"y":1104,"height":198,"name":"Gold_Bet_Green","x":684},{"width":142,"y":1304,"height":198,"name":"White_Bet","x":540},{"width":142,"y":1173,"height":198,"name":"East_Bet","x":828},{"width":142,"y":1304,"height":198,"name":"West_Bet","x":684},{"width":142,"y":1373,"height":198,"name":"South_Bet","x":828},{"width":142,"y":1104,"height":198,"name":"North_Bet","x":540}],"height":2048,"name":"Luckywheel_Game_Result","imagePath":"Luckywheel_Game_Result_tex.png"}