{"width":1024,"imagePath":"gof_roulette_desktop_tex.png","height":2048,"name":"gof_roulette_desktop","SubTexture":[{"width":1,"y":1803,"height":1,"name":"OverGlow","x":247},{"width":1,"y":1961,"height":1,"name":"Solid_Yellow","x":767},{"width":1,"y":1806,"height":1,"name":"FlashLight_12","x":247},{"width":1,"y":1970,"height":1,"name":"star","x":767},{"width":1,"y":1979,"height":1,"name":"Effects_Textures_171-1","x":767},{"width":1,"y":1803,"height":1,"name":"Border_Glow","x":253},{"width":1,"y":1809,"height":1,"name":"Bet_Effect_OverGlow","x":244},{"width":1,"y":1958,"height":1,"name":"Fish_Glow","x":767},{"width":1,"y":1800,"height":1,"name":"Fish_Line","x":250},{"width":1,"y":1976,"height":1,"name":"Fish_Solid","x":767},{"width":1,"y":1964,"height":1,"name":"B_360Trail002_emis","x":767},{"width":1,"y":1967,"height":1,"name":"Golden_Border_Glow","x":767},{"width":1,"y":1800,"height":1,"name":"500x_Golden","x":244},{"width":1,"y":1800,"height":1,"name":"500x","x":247},{"width":112,"y":1476,"height":226,"name":"DrawNo_Base_Red","x":418},{"width":112,"y":302,"height":226,"name":"DrawNo_Base_Black","x":904},{"width":112,"y":1583,"height":226,"name":"DrawNo_Base_Green","x":1},{"width":1,"y":1800,"height":1,"name":"Number","x":253},{"width":1,"y":1803,"height":1,"name":"Odd","x":244},{"width":63,"y":1920,"height":117,"name":"Light_Effect_01","x":496},{"width":63,"y":1801,"height":117,"name":"Light_Effect_02","x":399},{"width":63,"y":1476,"height":117,"name":"Light_Effect_03","x":597},{"width":63,"y":1,"height":117,"name":"Light_Effect_04","x":958},{"width":63,"y":1476,"height":117,"name":"Light_Effect_17","x":662},{"width":63,"y":1476,"height":117,"name":"Light_Effect_12","x":727},{"width":63,"y":1563,"height":117,"name":"Light_Effect_09","x":792},{"width":63,"y":1801,"height":117,"name":"Light_Effect_05","x":529},{"width":63,"y":1801,"height":117,"name":"Light_Effect_06","x":464},{"width":63,"y":1563,"height":117,"name":"Light_Effect_14","x":922},{"width":63,"y":1595,"height":117,"name":"Light_Effect_15","x":673},{"width":63,"y":530,"height":117,"name":"Light_Effect_08","x":959},{"width":63,"y":120,"height":117,"name":"Light_Effect_07","x":958},{"width":63,"y":1682,"height":117,"name":"Light_Effect_13","x":608},{"width":63,"y":1563,"height":117,"name":"Light_Effect_16","x":857},{"width":63,"y":1476,"height":117,"name":"Light_Effect_10","x":532},{"width":63,"y":1801,"height":117,"name":"Light_Effect_18","x":594},{"width":63,"y":1682,"height":117,"name":"Light_Effect_11","x":922},{"width":1,"y":1973,"height":1,"name":"chips","x":767},{"width":303,"y":1222,"height":147,"name":"Base_Black_Shadow02","x":681},{"width":290,"y":511,"height":227,"name":"Win_Flare","x":1},{"width":203,"y":995,"height":235,"name":"WinRO_A_Light_Violet","x":1},{"width":193,"y":1222,"height":217,"name":"WinRO_A_Light_Red","x":206},{"width":190,"y":1371,"height":190,"name":"WinRO_A_Light_Green","x":813},{"width":208,"y":1062,"height":220,"name":"WinRO_B_Light_Yellow","x":471},{"width":230,"y":983,"height":237,"name":"WinRO_B_Light_Orange","x":239},{"width":236,"y":740,"height":253,"name":"WinRO_B_Light_Blue","x":1},{"width":73,"y":1837,"height":82,"name":"WinRO_C_Light_Red","x":890},{"width":81,"y":1758,"height":77,"name":"WinRO_C_Light_Orange","x":817},{"width":102,"y":1931,"height":106,"name":"WinRO_C_Light_Blue","x":392},{"width":90,"y":511,"height":80,"name":"WinRO_C_Light_Green","x":437},{"width":142,"y":511,"height":88,"name":"WinRO_Cloud_L","x":293},{"width":95,"y":1837,"height":65,"name":"WinRO_Cloud_S","x":793},{"width":311,"y":883,"height":177,"name":"Win_Ray_Light","x":532},{"width":77,"y":1682,"height":89,"name":"Win_Speaker","x":738},{"width":100,"y":1947,"height":98,"name":"Win_Star_L","x":1},{"width":85,"y":1595,"height":85,"name":"Win_Star_S","x":532},{"width":106,"y":1969,"height":75,"name":"GOD_Hat_Deco","x":103},{"width":141,"y":1816,"height":151,"name":"GOD_Arm_R","x":115},{"width":172,"y":883,"height":180,"name":"GOD_Arm_L","x":845},{"width":179,"y":1232,"height":165,"name":"GOD_Body","x":1},{"width":85,"y":1065,"height":149,"name":"GOD_Necklace","x":935},{"width":127,"y":1641,"height":173,"name":"GOD_Face","x":115},{"width":32,"y":1969,"height":71,"name":"GOD_So","x":211},{"width":111,"y":1904,"height":52,"name":"GOD_Sunglass","x":659},{"width":14,"y":1685,"height":15,"name":"GOD_Sunglass_Effect","x":368},{"width":111,"y":1773,"height":52,"name":"GOD_Sunglass_Frame","x":673},{"width":142,"y":603,"height":110,"name":"GOD_Hat","x":815},{"width":90,"y":1682,"height":74,"name":"GOD_Hand_L","x":817},{"width":84,"y":1811,"height":134,"name":"GOD_Hand_R","x":1},{"width":75,"y":1904,"height":76,"name":"Cat_Hand_L","x":772},{"width":139,"y":1800,"height":129,"name":"Cat_Body","x":258},{"width":54,"y":983,"height":59,"name":"Cat_Ear_R","x":471},{"width":42,"y":1595,"height":40,"name":"Cat_Ear_L","x":619},{"width":44,"y":1641,"height":42,"name":"Cat_Arm_R","x":368},{"width":132,"y":1931,"height":108,"name":"Cat_Head","x":258},{"width":98,"y":715,"height":122,"name":"Cat_Money","x":913},{"width":63,"y":239,"height":61,"name":"Cat_Leg","x":958},{"width":63,"y":649,"height":63,"name":"Cat_Font","x":959},{"width":51,"y":1714,"height":52,"name":"Cat_Hand_R","x":673},{"width":114,"y":1738,"height":60,"name":"Cat_Sunglass","x":399},{"width":59,"y":1222,"height":60,"name":"Cat_Eye_Light_01","x":401},{"width":60,"y":1827,"height":59,"name":"Cat_Eye_Light 02","x":659},{"width":122,"y":1641,"height":157,"name":"Speaker_Small","x":244},{"width":156,"y":1399,"height":182,"name":"Speaker_Large","x":1},{"width":84,"y":1738,"height":57,"name":"Speaker_Thunder_Large","x":515},{"width":47,"y":530,"height":62,"name":"Speaker_Thunder_Small","x":904},{"width":520,"y":603,"height":124,"name":"Win_DJ_Gay","x":293},{"width":654,"y":1,"height":207,"name":"Base_White_Cloud","x":1},{"width":72,"y":511,"height":63,"name":"Fish_Hand_R","x":529},{"width":237,"y":729,"height":252,"name":"Fish_Body","x":293},{"width":96,"y":1920,"height":73,"name":"Fish_Hand_L","x":561},{"width":252,"y":1065,"height":97,"name":"Base_Green_Cloud","x":681},{"width":299,"y":210,"height":299,"name":"Base_Disk_Green","x":1},{"width":299,"y":210,"height":299,"name":"Base_Disk_Red","x":302},{"width":299,"y":1,"height":299,"name":"Base_Disk_Black","x":657},{"width":299,"y":302,"height":299,"name":"Base_Disk_HighLight","x":603},{"width":210,"y":1441,"height":198,"name":"Base_Disk_Effect","x":206},{"width":379,"y":729,"height":152,"name":"800_Win","x":532},{"width":393,"y":1371,"height":103,"name":"800_Loss","x":418},{"width":277,"y":1284,"height":42,"name":"800_Volume_Line_02","x":401},{"width":238,"y":1704,"height":32,"name":"800_Volume_Line_01","x":368},{"width":239,"y":1164,"height":52,"name":"800_Volume_Line_04","x":681},{"width":240,"y":1328,"height":40,"name":"800_Volume_Line_03","x":401},{"width":1,"y":1812,"height":1,"name":"Base_Odd","x":244},{"width":1,"y":1806,"height":1,"name":"Base_Number_10","x":244},{"width":106,"y":1958,"height":33,"name":"800_Liight","x":659},{"width":1,"y":1803,"height":1,"name":"800","x":250},{"width":230,"y":1995,"height":27,"name":"800_Close_Line","x":561}]}