{"width":2048,"imagePath":"God_of_Wealth_Roulette_Destop_tex.png","height":2048,"name":"God_of_Wealth_Roulette_Destop","SubTexture":[{"width":112,"y":967,"height":226,"name":"DrawNo_Base_Red","x":213},{"width":112,"y":1195,"height":226,"name":"DrawNo_Base_Green","x":213},{"width":112,"y":1,"height":226,"name":"DrawNo_Base_Black","x":1932},{"width":1,"y":1115,"height":1,"name":"Number","x":1135},{"width":1,"y":1112,"height":1,"name":"Odd","x":1132},{"width":63,"y":923,"height":117,"name":"Light_Effect_15","x":1156},{"width":63,"y":1403,"height":117,"name":"Light_Effect_01","x":144},{"width":63,"y":484,"height":117,"name":"Light_Effect_17","x":1951},{"width":63,"y":859,"height":117,"name":"Light_Effect_10","x":1481},{"width":63,"y":716,"height":117,"name":"Light_Effect_16","x":1185},{"width":63,"y":1284,"height":117,"name":"Light_Effect_08","x":144},{"width":63,"y":1178,"height":117,"name":"Light_Effect_03","x":1351},{"width":63,"y":976,"height":117,"name":"Light_Effect_09","x":1018},{"width":63,"y":976,"height":117,"name":"Light_Effect_11","x":1083},{"width":63,"y":1059,"height":117,"name":"Light_Effect_12","x":1351},{"width":63,"y":940,"height":117,"name":"Light_Effect_18","x":1286},{"width":63,"y":1493,"height":117,"name":"Light_Effect_05","x":1},{"width":63,"y":859,"height":117,"name":"Light_Effect_04","x":1416},{"width":63,"y":923,"height":117,"name":"Light_Effect_02","x":1221},{"width":63,"y":1493,"height":117,"name":"Light_Effect_14","x":66},{"width":63,"y":940,"height":117,"name":"Light_Effect_13","x":1351},{"width":63,"y":1165,"height":117,"name":"Light_Effect_06","x":130},{"width":63,"y":1059,"height":117,"name":"Light_Effect_07","x":1286},{"width":1,"y":1112,"height":1,"name":"chips","x":1135},{"width":303,"y":356,"height":147,"name":"Base_Black_Shadow02","x":1364},{"width":290,"y":1,"height":227,"name":"Win_Flare","x":1259},{"width":203,"y":511,"height":235,"name":"WinRO_A_Light_Violet","x":233},{"width":193,"y":748,"height":217,"name":"WinRO_A_Light_Red","x":233},{"width":190,"y":505,"height":190,"name":"WinRO_A_Light_Green","x":1759},{"width":208,"y":356,"height":220,"name":"WinRO_B_Light_Yellow","x":1154},{"width":230,"y":511,"height":237,"name":"WinRO_B_Light_Orange","x":1},{"width":236,"y":302,"height":253,"name":"WinRO_B_Light_Blue","x":603},{"width":73,"y":1095,"height":82,"name":"WinRO_C_Light_Red","x":944},{"width":81,"y":1082,"height":77,"name":"WinRO_C_Light_Orange","x":764},{"width":102,"y":837,"height":106,"name":"WinRO_C_Light_Blue","x":944},{"width":90,"y":603,"height":80,"name":"WinRO_C_Light_Green","x":1951},{"width":142,"y":769,"height":88,"name":"WinRO_Cloud_L","x":1425},{"width":95,"y":1082,"height":65,"name":"WinRO_Cloud_S","x":847},{"width":311,"y":302,"height":177,"name":"Win_Ray_Light","x":841},{"width":77,"y":967,"height":89,"name":"Win_Speaker","x":327},{"width":100,"y":840,"height":98,"name":"Win_Star_L","x":1314},{"width":85,"y":610,"height":85,"name":"Win_Star_S","x":1662},{"width":106,"y":899,"height":75,"name":"GOD_Hat_Deco","x":1048},{"width":141,"y":1340,"height":151,"name":"GOD_Arm_R","x":1},{"width":172,"y":557,"height":180,"name":"GOD_Arm_L","x":653},{"width":179,"y":910,"height":165,"name":"GOD_Body","x":428},{"width":85,"y":1077,"height":149,"name":"GOD_Necklace","x":482},{"width":127,"y":1165,"height":173,"name":"GOD_Face","x":1},{"width":32,"y":1042,"height":71,"name":"GOD_So","x":1240},{"width":111,"y":709,"height":52,"name":"GOD_Sunglass","x":1425},{"width":14,"y":1095,"height":15,"name":"GOD_Sunglass_Effect","x":1132},{"width":111,"y":1095,"height":52,"name":"GOD_Sunglass_Frame","x":1019},{"width":142,"y":1186,"height":110,"name":"GOD_Hat","x":327},{"width":90,"y":1042,"height":74,"name":"GOD_Hand_L","x":1148},{"width":84,"y":769,"height":134,"name":"GOD_Hand_R","x":1569},{"width":75,"y":1149,"height":76,"name":"Cat_Hand_L","x":847},{"width":139,"y":709,"height":129,"name":"Cat_Body","x":1284},{"width":54,"y":1179,"height":59,"name":"Cat_Ear_R","x":924},{"width":42,"y":923,"height":40,"name":"Cat_Ear_L","x":739},{"width":44,"y":302,"height":42,"name":"Cat_Arm_R","x":1207},{"width":132,"y":697,"height":108,"name":"Cat_Head","x":1662},{"width":98,"y":356,"height":122,"name":"Cat_Money","x":1669},{"width":63,"y":1178,"height":61,"name":"Cat_Leg","x":1283},{"width":63,"y":1118,"height":63,"name":"Cat_Font","x":1218},{"width":51,"y":302,"height":52,"name":"Cat_Hand_R","x":1154},{"width":114,"y":155,"height":60,"name":"Cat_Sunglass","x":1792},{"width":59,"y":1149,"height":60,"name":"Cat_Eye_Light_01","x":1019},{"width":60,"y":1241,"height":59,"name":"Cat_Eye_Light 02","x":1283},{"width":122,"y":610,"height":157,"name":"Speaker_Small","x":1538},{"width":156,"y":739,"height":182,"name":"Speaker_Large","x":656},{"width":84,"y":1118,"height":57,"name":"Speaker_Thunder_Large","x":1132},{"width":47,"y":210,"height":62,"name":"Speaker_Thunder_Small","x":603},{"width":520,"y":230,"height":124,"name":"Win_DJ_Gay","x":1259},{"width":654,"y":1,"height":207,"name":"Base_White_Cloud","x":1},{"width":72,"y":1161,"height":63,"name":"Fish_Hand_R","x":764},{"width":237,"y":230,"height":252,"name":"Fish_Body","x":1781},{"width":96,"y":481,"height":73,"name":"Fish_Hand_L","x":1056},{"width":252,"y":610,"height":97,"name":"Base_Green_Cloud","x":1284},{"width":299,"y":1,"height":299,"name":"Base_Disk_Green","x":657},{"width":299,"y":210,"height":299,"name":"Base_Disk_Red","x":1},{"width":299,"y":210,"height":299,"name":"Base_Disk_Black","x":302},{"width":299,"y":1,"height":299,"name":"Base_Disk_HighLight","x":958},{"width":210,"y":965,"height":198,"name":"Base_Disk_Effect","x":1},{"width":379,"y":1,"height":152,"name":"800_Win","x":1551},{"width":393,"y":505,"height":103,"name":"800_Loss","x":1364},{"width":277,"y":967,"height":42,"name":"800_Volume_Line_02","x":739},{"width":240,"y":1011,"height":40,"name":"800_Volume_Line_03","x":739},{"width":238,"y":697,"height":32,"name":"800_Volume_Line_01","x":1796},{"width":239,"y":155,"height":52,"name":"800_Volume_Line_04","x":1551},{"width":1,"y":1115,"height":1,"name":"Base_Odd","x":1138},{"width":1,"y":1115,"height":1,"name":"Base_Number_10","x":1141},{"width":106,"y":716,"height":33,"name":"800_Liight","x":1055},{"width":1,"y":1112,"height":1,"name":"800","x":1141},{"width":230,"y":1053,"height":27,"name":"800_Close_Line","x":764},{"width":153,"y":1077,"height":107,"name":"Outline","x":327},{"width":153,"y":1053,"height":107,"name":"OverGlow","x":609},{"width":127,"y":840,"height":81,"name":"Solid_Yellow","x":1185},{"width":38,"y":511,"height":38,"name":"FlashLight_12","x":438},{"width":128,"y":923,"height":128,"name":"star","x":609},{"width":128,"y":837,"height":128,"name":"Effects_Textures_171-1","x":814},{"width":226,"y":699,"height":136,"name":"Border_Glow","x":827},{"width":226,"y":772,"height":136,"name":"Bet_Effect_OverGlow","x":428},{"width":213,"y":557,"height":213,"name":"Fish_Glow","x":438},{"width":213,"y":750,"height":213,"name":"Fish_Line","x":1},{"width":213,"y":484,"height":213,"name":"Fish_Solid","x":841},{"width":128,"y":769,"height":128,"name":"B_360Trail002_emis","x":1055},{"width":226,"y":578,"height":136,"name":"Golden_Border_Glow","x":1056},{"width":1,"y":1115,"height":1,"name":"500x_Golden","x":1132},{"width":1,"y":1112,"height":1,"name":"500x","x":1138}]}