{"width":2048,"SubTexture":[{"width":112,"y":1,"height":226,"name":"DrawNo_Base_Green","x":1932},{"width":112,"y":461,"height":226,"name":"DrawNo_Base_Red","x":1545},{"width":112,"y":461,"height":226,"name":"DrawNo_Base_Black","x":1659},{"width":1,"y":1200,"height":1,"name":"Number","x":1859},{"width":1,"y":1197,"height":1,"name":"Odd","x":1859},{"width":63,"y":796,"height":117,"name":"Light_Effect_11","x":1071},{"width":63,"y":796,"height":117,"name":"Light_Effect_01","x":1006},{"width":63,"y":848,"height":117,"name":"Light_Effect_12","x":1964},{"width":63,"y":803,"height":117,"name":"Light_Effect_02","x":1266},{"width":63,"y":924,"height":117,"name":"Light_Effect_13","x":1591},{"width":63,"y":803,"height":117,"name":"Light_Effect_03","x":1331},{"width":63,"y":820,"height":117,"name":"Light_Effect_14","x":1461},{"width":63,"y":922,"height":117,"name":"Light_Effect_04","x":1331},{"width":63,"y":796,"height":117,"name":"Light_Effect_15","x":1201},{"width":63,"y":796,"height":117,"name":"Light_Effect_05","x":1136},{"width":63,"y":776,"height":117,"name":"Light_Effect_16","x":527},{"width":63,"y":1043,"height":117,"name":"Light_Effect_06","x":1591},{"width":63,"y":1095,"height":117,"name":"Light_Effect_17","x":1974},{"width":63,"y":1043,"height":117,"name":"Light_Effect_07","x":1526},{"width":63,"y":939,"height":117,"name":"Light_Effect_18","x":1461},{"width":63,"y":939,"height":117,"name":"Light_Effect_08","x":1396},{"width":63,"y":924,"height":117,"name":"Light_Effect_09","x":1526},{"width":63,"y":820,"height":117,"name":"Light_Effect_10","x":1396},{"width":1,"y":1197,"height":1,"name":"chips","x":1862},{"width":303,"y":484,"height":147,"name":"Base_Black_Shadow02","x":841},{"width":290,"y":1,"height":227,"name":"Win_Flare","x":1259},{"width":203,"y":511,"height":235,"name":"WinRO_A_Light_Violet","x":233},{"width":193,"y":557,"height":217,"name":"WinRO_A_Light_Red","x":438},{"width":190,"y":748,"height":190,"name":"WinRO_A_Light_Green","x":233},{"width":208,"y":356,"height":220,"name":"WinRO_B_Light_Yellow","x":1154},{"width":230,"y":511,"height":237,"name":"WinRO_B_Light_Orange","x":1},{"width":236,"y":302,"height":253,"name":"WinRO_B_Light_Blue","x":603},{"width":73,"y":736,"height":82,"name":"WinRO_C_Light_Red","x":1841},{"width":81,"y":1214,"height":77,"name":"WinRO_C_Light_Orange","x":1938},{"width":102,"y":1095,"height":106,"name":"WinRO_C_Light_Blue","x":1870},{"width":90,"y":677,"height":80,"name":"WinRO_C_Light_Green","x":1046},{"width":142,"y":971,"height":88,"name":"WinRO_Cloud_L","x":1784},{"width":95,"y":1293,"height":65,"name":"WinRO_Cloud_S","x":1951},{"width":311,"y":302,"height":177,"name":"Win_Ray_Light","x":841},{"width":77,"y":1203,"height":89,"name":"Win_Speaker","x":1859},{"width":100,"y":803,"height":98,"name":"Win_Star_L","x":425},{"width":85,"y":1120,"height":85,"name":"Win_Star_S","x":1656},{"width":106,"y":677,"height":75,"name":"GOD_Hat_Deco","x":938},{"width":141,"y":583,"height":151,"name":"GOD_Arm_R","x":1773},{"width":172,"y":557,"height":180,"name":"GOD_Arm_L","x":633},{"width":179,"y":461,"height":165,"name":"GOD_Body","x":1364},{"width":85,"y":969,"height":149,"name":"GOD_Necklace","x":1697},{"width":127,"y":628,"height":173,"name":"GOD_Face","x":1304},{"width":32,"y":557,"height":71,"name":"GOD_So","x":807},{"width":111,"y":819,"height":52,"name":"GOD_Sunglass","x":592},{"width":14,"y":803,"height":15,"name":"GOD_Sunglass_Effect","x":1396},{"width":111,"y":873,"height":52,"name":"GOD_Sunglass_Frame","x":592},{"width":142,"y":689,"height":110,"name":"GOD_Hat","x":1574},{"width":90,"y":1294,"height":74,"name":"GOD_Hand_L","x":1859},{"width":84,"y":1061,"height":134,"name":"GOD_Hand_R","x":1784},{"width":75,"y":1360,"height":76,"name":"Cat_Hand_L","x":1951},{"width":139,"y":689,"height":129,"name":"Cat_Body","x":1433},{"width":54,"y":819,"height":59,"name":"Cat_Ear_R","x":705},{"width":42,"y":511,"height":40,"name":"Cat_Ear_L","x":546},{"width":44,"y":689,"height":42,"name":"Cat_Arm_R","x":1718},{"width":132,"y":859,"height":108,"name":"Cat_Head","x":1697},{"width":98,"y":971,"height":122,"name":"Cat_Money","x":1928},{"width":63,"y":950,"height":61,"name":"Cat_Leg","x":140},{"width":63,"y":950,"height":63,"name":"Cat_Font","x":75},{"width":51,"y":1015,"height":52,"name":"Cat_Hand_R","x":63},{"width":114,"y":1197,"height":60,"name":"Cat_Sunglass","x":1743},{"width":59,"y":1013,"height":60,"name":"Cat_Eye_Light_01","x":140},{"width":60,"y":1041,"height":59,"name":"Cat_Eye_Light 02","x":1},{"width":122,"y":689,"height":157,"name":"Speaker_Small","x":1916},{"width":156,"y":578,"height":182,"name":"Speaker_Large","x":1146},{"width":84,"y":628,"height":57,"name":"Speaker_Thunder_Large","x":1433},{"width":47,"y":210,"height":62,"name":"Speaker_Thunder_Small","x":603},{"width":520,"y":230,"height":124,"name":"Win_DJ_Gay","x":1259},{"width":654,"y":1,"height":207,"name":"Base_White_Cloud","x":1},{"width":72,"y":950,"height":63,"name":"Fish_Hand_R","x":1},{"width":237,"y":230,"height":252,"name":"Fish_Body","x":1781},{"width":96,"y":155,"height":73,"name":"Fish_Hand_L","x":1792},{"width":252,"y":484,"height":97,"name":"Base_Green_Cloud","x":1773},{"width":299,"y":210,"height":299,"name":"Base_Disk_Green","x":302},{"width":299,"y":1,"height":299,"name":"Base_Disk_Red","x":958},{"width":299,"y":210,"height":299,"name":"Base_Disk_Black","x":1},{"width":299,"y":1,"height":299,"name":"Base_Disk_HighLight","x":657},{"width":210,"y":750,"height":198,"name":"Base_Disk_Effect","x":1},{"width":379,"y":1,"height":152,"name":"800_Win","x":1551},{"width":393,"y":356,"height":103,"name":"800_Loss","x":1364},{"width":238,"y":762,"height":32,"name":"800_Volume_Line_01","x":1006},{"width":239,"y":155,"height":52,"name":"800_Volume_Line_04","x":1551},{"width":277,"y":633,"height":42,"name":"800_Volume_Line_02","x":807},{"width":240,"y":757,"height":40,"name":"800_Volume_Line_03","x":764},{"width":1,"y":1200,"height":1,"name":"Base_Odd","x":1862},{"width":1,"y":1197,"height":1,"name":"Base_Number_10","x":1865},{"width":106,"y":511,"height":33,"name":"800_Liight","x":438},{"width":1,"y":1200,"height":1,"name":"800","x":1865},{"width":230,"y":799,"height":27,"name":"800_Close_Line","x":764},{"width":87,"y":940,"height":61,"name":"OverGlow","x":288},{"width":72,"y":302,"height":46,"name":"Solid_Yellow","x":1154},{"width":22,"y":274,"height":22,"name":"FlashLight_12","x":603},{"width":73,"y":940,"height":73,"name":"star","x":213},{"width":73,"y":903,"height":73,"name":"Effects_Textures_171-1","x":425},{"width":129,"y":677,"height":78,"name":"Border_Glow","x":807},{"width":129,"y":583,"height":78,"name":"Bet_Effect_OverGlow","x":1916},{"width":121,"y":848,"height":121,"name":"Fish_Glow","x":1841},{"width":121,"y":736,"height":121,"name":"Fish_Line","x":1718},{"width":121,"y":801,"height":121,"name":"Fish_Solid","x":1574},{"width":73,"y":903,"height":73,"name":"B_360Trail002_emis","x":500},{"width":129,"y":739,"height":78,"name":"Golden_Border_Glow","x":633},{"width":1,"y":630,"height":1,"name":"500x_Golden","x":810},{"width":1,"y":630,"height":1,"name":"500x","x":807}],"height":2048,"name":"gof_roulette_desktop","imagePath":"gof_roulette_desktop_tex.png"}