{"width":1024,"imagePath":"roulette_game_result_tex.png","height":1024,"name":"roulette_game_result","SubTexture":[{"y":1,"frameX":-4,"frameHeight":313,"frameY":0,"width":553,"frameWidth":561,"height":309,"name":"flare","x":1},{"y":1,"frameX":-4,"frameHeight":174,"frameY":-4,"width":184,"frameWidth":192,"height":166,"name":"R_bg_green","x":803},{"y":482,"frameX":-4,"frameHeight":174,"frameY":-4,"width":184,"frameWidth":192,"height":166,"name":"R_bg_black","x":248},{"y":169,"frameX":-4,"frameHeight":174,"frameY":-4,"width":184,"frameWidth":192,"height":166,"name":"R_bg_red","x":803},{"y":312,"frameX":-4,"frameHeight":176,"frameY":-4,"width":222,"frameWidth":230,"height":168,"name":"line_right","x":248},{"y":510,"frameX":-4,"frameHeight":174,"frameY":-4,"width":183,"frameWidth":191,"height":166,"name":"L_bg_green","x":1},{"y":567,"frameX":-4,"frameHeight":174,"frameY":-4,"width":183,"frameWidth":191,"height":166,"name":"L_bg_black","x":434},{"y":560,"frameX":-4,"frameHeight":174,"frameY":-4,"width":183,"frameWidth":191,"height":166,"name":"L_bg_red","x":695},{"y":397,"frameX":-4,"frameHeight":176,"frameY":-4,"width":221,"frameWidth":229,"height":168,"name":"line_left","x":472},{"y":628,"frameX":-4,"frameHeight":68,"frameY":-4,"width":106,"frameWidth":114,"height":60,"name":"graphic_03","x":880},{"y":312,"frameX":-4,"frameHeight":82,"frameY":-4,"width":72,"frameWidth":80,"height":74,"name":"graphic_02","x":472},{"y":567,"frameX":-4,"frameHeight":87,"frameY":-4,"width":38,"frameWidth":46,"height":79,"name":"graphic_01","x":619},{"y":728,"frameX":-4,"frameHeight":92,"frameY":-4,"width":356,"frameWidth":364,"height":84,"name":"tag","x":619},{"width":245,"y":199,"height":196,"name":"bg_green","x":556},{"width":245,"y":312,"height":196,"name":"bg_black","x":1},{"width":245,"y":1,"height":196,"name":"bg_red","x":556},{"y":482,"frameX":-4,"frameHeight":29,"frameY":-4,"width":21,"frameWidth":29,"height":21,"name":"square","x":434},{"y":337,"frameX":-4,"frameHeight":52,"frameY":-4,"width":84,"frameWidth":92,"height":44,"name":"textutre_01","x":803},{"y":560,"frameX":-4,"frameHeight":74,"frameY":-4,"width":128,"frameWidth":136,"height":66,"name":"textutre_02","x":880},{"y":814,"frameX":-4,"frameHeight":100,"frameY":-4,"width":179,"frameWidth":187,"height":92,"name":"textutre_03","x":434},{"width":225,"y":397,"height":161,"name":"textutre_04","x":695}]}