{"SubTexture":[{"width":1182,"y":2492,"height":60,"name":"bet_bar","x":622},{"frameX":-4,"frameHeight":258,"y":1407,"frameY":-15,"frameWidth":88,"width":84,"height":228,"name":"bar_effect/spark (06)","x":1815},{"frameX":-5,"frameHeight":38,"y":1702,"frameY":-5,"frameWidth":38,"width":28,"height":28,"name":"bar_effect/FlashLight_12","x":2017},{"frameX":-4,"frameHeight":18,"y":2471,"frameY":-4,"frameWidth":60,"width":52,"height":10,"name":"line_rectengle_green","x":1243},{"frameX":-4,"frameHeight":18,"y":1625,"frameY":-4,"frameWidth":60,"width":52,"height":10,"name":"line_rectengle_red","x":1901},{"frameX":-4,"frameHeight":18,"y":1613,"frameY":-4,"frameWidth":60,"width":52,"height":10,"name":"line_rectengle_blue","x":1901},{"frameX":-4,"frameHeight":137,"y":2393,"frameY":-4,"frameWidth":627,"width":619,"height":129,"name":"bg_red","x":1},{"frameX":-4,"frameHeight":137,"y":2340,"frameY":-4,"frameWidth":627,"width":619,"height":129,"name":"bg_green","x":693},{"frameX":-4,"frameHeight":137,"y":2361,"frameY":-4,"frameWidth":627,"width":619,"height":129,"name":"bg_blue","x":1314},{"frameX":-4,"frameHeight":130,"y":2554,"frameY":-4,"frameWidth":508,"width":500,"height":122,"name":"pattern_red","x":984},{"frameX":-4,"frameHeight":130,"y":2554,"frameY":-4,"frameWidth":508,"width":500,"height":122,"name":"pattern_blue","x":482},{"frameX":-4,"frameHeight":130,"y":2554,"frameY":-4,"frameWidth":508,"width":500,"height":122,"name":"pattern_green","x":1486},{"frameX":-40,"frameHeight":61,"y":2678,"frameY":0,"frameWidth":250,"width":203,"height":61,"name":"result_pattern/result_pattern0008","x":1015},{"frameX":-70,"frameHeight":61,"y":1656,"frameY":0,"frameWidth":250,"width":180,"height":61,"name":"result_pattern/result_pattern0009","x":760},{"frameX":-100,"frameHeight":61,"y":2006,"frameY":-4,"frameWidth":250,"width":150,"height":57,"name":"result_pattern/result_pattern0010","x":1703},{"width":250,"y":2678,"height":61,"name":"result_pattern/result_pattern0000","x":302},{"frameX":-130,"frameHeight":61,"y":2492,"frameY":-4,"frameWidth":250,"width":120,"height":57,"name":"result_pattern/result_pattern0011","x":1806},{"frameX":0,"frameHeight":61,"y":2006,"frameY":-4,"frameWidth":250,"width":39,"height":51,"name":"result_pattern/result_pattern0001","x":1988},{"frameX":-160,"frameHeight":61,"y":2496,"frameY":-4,"frameWidth":250,"width":90,"height":51,"name":"result_pattern/result_pattern0012","x":1928},{"frameX":0,"frameHeight":61,"y":2006,"frameY":-4,"frameWidth":250,"width":69,"height":51,"name":"result_pattern/result_pattern0002","x":1855},{"frameX":0,"frameHeight":61,"y":64,"frameY":0,"frameWidth":250,"width":99,"height":61,"name":"result_pattern/result_pattern0003","x":1943},{"frameX":0,"frameHeight":61,"y":1550,"frameY":0,"frameWidth":250,"width":129,"height":61,"name":"result_pattern/result_pattern0004","x":1901},{"width":250,"y":2678,"height":61,"name":"result_pattern/result_pattern0015","x":554},{"frameX":-190,"frameHeight":61,"y":2006,"frameY":-4,"frameWidth":250,"width":60,"height":51,"name":"result_pattern/result_pattern0013","x":1926},{"frameX":0,"frameHeight":61,"y":1,"frameY":0,"frameWidth":250,"width":159,"height":61,"name":"result_pattern/result_pattern0005","x":1870},{"frameX":-221,"frameHeight":61,"y":1443,"frameY":-4,"frameWidth":250,"width":29,"height":51,"name":"result_pattern/result_pattern0014","x":911},{"frameX":-1,"frameHeight":61,"y":1593,"frameY":0,"frameWidth":250,"width":188,"height":61,"name":"result_pattern/result_pattern0006","x":760},{"frameX":-12,"frameHeight":61,"y":2678,"frameY":0,"frameWidth":250,"width":207,"height":61,"name":"result_pattern/result_pattern0007","x":806},{"frameX":-4,"frameHeight":72,"y":1484,"frameY":-4,"frameWidth":154,"width":146,"height":64,"name":"credit","x":1901},{"frameX":-4,"frameHeight":83,"y":1407,"frameY":-4,"frameWidth":142,"width":134,"height":75,"name":"result","x":1901},{"frameX":-4,"frameHeight":28,"y":1712,"frameY":-4,"frameWidth":37,"width":29,"height":20,"name":"rectengle","x":693},{"frameX":-4,"frameHeight":13,"y":2478,"frameY":-4,"frameWidth":627,"width":619,"height":5,"name":"line_red","x":622},{"frameX":-4,"frameHeight":13,"y":2485,"frameY":-4,"frameWidth":627,"width":619,"height":5,"name":"line_blue","x":622},{"frameX":-4,"frameHeight":13,"y":2471,"frameY":-4,"frameWidth":627,"width":619,"height":5,"name":"line_green","x":622},{"width":757,"y":956,"height":754,"name":"circle_D","x":1},{"width":35,"y":1389,"height":52,"name":"dot","x":911},{"width":851,"y":887,"height":845,"name":"circle_E","x":962},{"width":959,"y":1,"height":953,"name":"circle_F","x":1},{"width":906,"y":1,"height":884,"name":"circle_G","x":962},{"width":411,"y":1734,"height":332,"name":"outer_rectangle_B","x":1290},{"width":305,"y":2068,"height":291,"name":"outer_rectangle_A","x":1689},{"width":690,"y":1712,"height":679,"name":"circle_C","x":1},{"width":397,"y":2068,"height":270,"name":"blue_light","x":1290},{"width":299,"y":2674,"height":204,"name":"white_light","x":1},{"width":315,"y":1734,"height":270,"name":"bar","x":1703},{"width":200,"y":1637,"height":94,"name":"bar_grow","x":1815},{"width":479,"y":2524,"height":148,"name":"circle_mask_a","x":1},{"width":158,"y":956,"height":431,"name":"circle_mask_b","x":760},{"width":17,"y":1613,"height":87,"name":"red_card","x":2017},{"width":595,"y":1734,"height":567,"name":"center_mask","x":693},{"width":108,"y":2361,"height":133,"name":"icon","x":1935},{"width":126,"y":887,"height":178,"name":"poker/card_frame","x":1815},{"width":115,"y":1237,"height":168,"name":"poker/card_back","x":1932},{"width":115,"y":1067,"height":168,"name":"poker/card_front","x":1932},{"width":115,"y":1237,"height":168,"name":"poker/red_card_poker","x":1815},{"width":67,"y":64,"height":67,"name":"poker/card_info_vertical","x":1870},{"frameX":-64,"frameHeight":27,"y":2303,"frameY":0,"frameWidth":607,"width":479,"height":27,"name":"poker/card_fx2","x":693},{"width":63,"y":2303,"height":33,"name":"poker/card_number","x":1174},{"width":115,"y":1067,"height":168,"name":"poker/card_disable","x":1815},{"width":149,"y":1389,"height":202,"name":"poker/card_selecet","x":760},{"width":67,"y":2393,"height":67,"name":"poker/card_info_horizontal","x":622}],"width":2048,"height":4096,"name":"blockchain_ba_mobile","imagePath":"blockchain_ba_mobile_tex.png"}