{"width":2048,"imagePath":"gof_sicbo_mobile_tex.png","height":2048,"name":"gof_sicbo_mobile","SubTexture":[{"width":438,"y":1617,"height":284,"name":"Neon/Black Shadow","x":1},{"width":341,"y":1596,"height":285,"name":"Neon/Color_Blur","x":1473},{"width":173,"y":1260,"height":183,"name":"Neon/Fireworks_B_Violet","x":865},{"width":177,"y":1260,"height":177,"name":"Neon/Fireworks_B_Red","x":1040},{"width":178,"y":1260,"height":176,"name":"Neon/Fireworks_B_Green","x":1219},{"width":162,"y":1,"height":186,"name":"Neon/Fireworks_A_Yellow","x":1511},{"width":194,"y":1741,"height":218,"name":"Neon/Fireworks_Red","x":1160},{"width":203,"y":1093,"height":165,"name":"Neon/Fireworks_Blue","x":701},{"width":157,"y":616,"height":107,"name":"Neon/Cloud","x":1399},{"width":186,"y":1,"height":62,"name":"Neon/Water_LB","x":1256},{"width":186,"y":1,"height":62,"name":"Neon/Water_LT","x":795},{"width":186,"y":763,"height":62,"name":"Neon/Water_RB","x":1524},{"width":186,"y":1,"height":62,"name":"Neon/Water_RT","x":1068},{"width":165,"y":669,"height":92,"name":"Neon/Island","x":1558},{"width":162,"y":1468,"height":125,"name":"Neon/Tree","x":701},{"width":245,"y":1093,"height":153,"name":"Neon/Rabbit_Red","x":374},{"width":377,"y":1741,"height":227,"name":"Neon/Rabbit_Blue","x":781},{"width":160,"y":355,"height":164,"name":"Neon/Crown","x":1511},{"width":72,"y":65,"height":70,"name":"Neon/Star_Red","x":870},{"width":99,"y":763,"height":101,"name":"Neon/Star_Blue","x":1712},{"width":63,"y":827,"height":63,"name":"Neon/Cross_Red","x":1606},{"width":63,"y":827,"height":63,"name":"Neon/Cross_Blue","x":1541},{"width":63,"y":1,"height":63,"name":"Neon/Cross_Green","x":1444},{"width":128,"y":131,"height":126,"name":"Neon/Star_Big_Yellow","x":1677},{"width":73,"y":65,"height":71,"name":"Neon/Star_Yellow","x":795},{"width":162,"y":1260,"height":206,"name":"Neon/Mic","x":701},{"width":690,"y":1596,"height":143,"name":"White_Cloud","x":781},{"width":86,"y":669,"height":68,"name":"Chicken_Leg_L","x":1725},{"width":77,"y":259,"height":74,"name":"Chicken_Leg_R","x":1677},{"width":201,"y":1445,"height":113,"name":"Chicken_Body","x":865},{"width":140,"y":827,"height":70,"name":"Chicken_Necklace","x":1399},{"width":78,"y":1195,"height":56,"name":"Chicken_Hair","x":621},{"width":123,"y":725,"height":100,"name":"Chicken_Head","x":1399},{"width":101,"y":1741,"height":112,"name":"Chicken_Wing","x":1356},{"width":42,"y":259,"height":53,"name":"Chicken_Mouth","x":1756},{"width":62,"y":616,"height":46,"name":"Chicken_Sunglass","x":1558},{"width":303,"y":1883,"height":129,"name":"Green_Cloud_Loss","x":1356},{"width":1,"y":339,"height":1,"name":"Base_Dice_2","x":1809},{"width":1,"y":345,"height":1,"name":"Base_Dice_3","x":1809},{"width":1,"y":339,"height":1,"name":"Base_Dice_1","x":1812},{"width":338,"y":1596,"height":338,"name":"Base_Disk_Black","x":441},{"width":338,"y":1256,"height":338,"name":"Base_Disk_HighLight","x":361},{"width":419,"y":1,"height":395,"name":"Base_Disk_Effect","x":1},{"width":330,"y":1936,"height":110,"name":"800_Base","x":319},{"width":243,"y":521,"height":93,"name":"Green_Cloud","x":1399},{"width":315,"y":472,"height":27,"name":"800_Close_Line","x":754},{"width":311,"y":1547,"height":42,"name":"800_Volume_Line_02","x":1216},{"width":308,"y":2014,"height":32,"name":"800_Volume_Line_01","x":1179},{"width":312,"y":430,"height":40,"name":"800_Volume_Line_03","x":754},{"width":313,"y":1970,"height":53,"name":"800_Volume_Line_04","x":651},{"width":74,"y":1093,"height":100,"name":"Thunder","x":621},{"width":1,"y":342,"height":1,"name":"Base_Odd_25","x":1809},{"width":1,"y":345,"height":1,"name":"Base_Number_6","x":1812},{"width":211,"y":1970,"height":65,"name":"800_Liight","x":966},{"width":1,"y":342,"height":1,"name":"800","x":1812},{"width":371,"y":827,"height":427,"name":"BG","x":1},{"width":371,"y":1,"height":427,"name":"BG_BorderHighLight","x":422},{"width":371,"y":398,"height":427,"name":"BG_Frame_Add","x":1},{"width":188,"y":1,"height":219,"name":"EdgeLight/EdgeLight_00008","x":1816},{"width":188,"y":651,"height":219,"name":"EdgeLight/EdgeLight_00011","x":374},{"width":188,"y":222,"height":219,"name":"EdgeLight/EdgeLight_00012","x":1816},{"width":188,"y":1548,"height":219,"name":"EdgeLight/EdgeLight_00003","x":1816},{"width":188,"y":664,"height":219,"name":"EdgeLight/EdgeLight_00013","x":1816},{"width":188,"y":443,"height":219,"name":"EdgeLight/EdgeLight_00004","x":1816},{"width":188,"y":430,"height":219,"name":"EdgeLight/EdgeLight_00014","x":564},{"width":188,"y":872,"height":219,"name":"EdgeLight/EdgeLight_00015","x":564},{"width":188,"y":885,"height":219,"name":"EdgeLight/EdgeLight_00016","x":1816},{"width":188,"y":1327,"height":219,"name":"EdgeLight/EdgeLight_00005","x":1816},{"width":188,"y":651,"height":219,"name":"EdgeLight/EdgeLight_00006","x":564},{"width":188,"y":1106,"height":219,"name":"EdgeLight/EdgeLight_00009","x":1816},{"width":188,"y":872,"height":219,"name":"EdgeLight/EdgeLight_00007","x":374},{"width":188,"y":1769,"height":219,"name":"EdgeLight/EdgeLight_00010","x":1816},{"width":358,"y":1256,"height":359,"name":"Number_BG","x":1},{"width":316,"y":1903,"height":134,"name":"Odd_Frame","x":1},{"width":290,"y":1438,"height":107,"name":"Odd_Frame_Add","x":1511},{"width":290,"y":1438,"height":107,"name":"Odd_Frame_HightLight","x":1219},{"width":164,"y":189,"height":164,"name":"BetEffect/Neon","x":1511},{"width":188,"y":430,"height":219,"name":"EdgeLight/EdgeLight_00017","x":374},{"width":128,"y":1,"height":128,"name":"Orion/Effects_Textures_171-1","x":1675},{"width":73,"y":1,"height":73,"name":"Orion/star","x":983},{"width":22,"y":314,"height":22,"name":"Orion/FlashLight_12","x":1781},{"width":141,"y":355,"height":136,"name":"Orion/border","x":1673},{"width":146,"y":521,"height":146,"name":"Orion/egg_solid+glow","x":1644},{"width":146,"y":1883,"height":146,"name":"Orion/egg_outline","x":1661},{"width":27,"y":725,"height":24,"name":"Orion/coins5","x":1524},{"width":26,"y":338,"height":14,"name":"Orion/coins4","x":1781},{"width":26,"y":398,"height":23,"name":"Orion/coins3","x":374},{"width":25,"y":335,"height":18,"name":"Orion/coins2","x":1677},{"width":23,"y":314,"height":23,"name":"Orion/coins1","x":1756},{"width":146,"y":1439,"height":146,"name":"Orion/egg_crack","x":1068}]}