{"width":2048,"imagePath":"blockchain_sqba_ske_tex.png","height":4096,"name":"blockchain_sqba_ske","SubTexture":[{"width":1182,"y":2492,"height":60,"name":"bet_bar","x":622},{"frameY":-15,"y":1407,"frameWidth":88,"frameX":-4,"frameHeight":258,"width":84,"height":228,"name":"bar_effect/spark (06)","x":1815},{"frameY":-5,"y":1702,"frameWidth":38,"frameX":-5,"frameHeight":38,"width":28,"height":28,"name":"bar_effect/FlashLight_12","x":2017},{"frameY":-4,"y":1613,"frameWidth":60,"frameX":-4,"frameHeight":18,"width":52,"height":10,"name":"line_rectengle_blue","x":1901},{"frameY":-4,"y":2471,"frameWidth":60,"frameX":-4,"frameHeight":18,"width":52,"height":10,"name":"line_rectengle_green","x":1243},{"frameY":-4,"y":1625,"frameWidth":60,"frameX":-4,"frameHeight":18,"width":52,"height":10,"name":"line_rectengle_red","x":1901},{"frameY":-4,"y":2393,"frameWidth":627,"frameX":-4,"frameHeight":137,"width":619,"height":129,"name":"bg_green","x":1},{"frameY":-4,"y":2361,"frameWidth":627,"frameX":-4,"frameHeight":137,"width":619,"height":129,"name":"bg_red","x":1314},{"frameY":-4,"y":2340,"frameWidth":627,"frameX":-4,"frameHeight":137,"width":619,"height":129,"name":"bg_blue","x":693},{"frameY":-4,"y":2554,"frameWidth":508,"frameX":-4,"frameHeight":130,"width":500,"height":122,"name":"pattern_red","x":482},{"frameY":-4,"y":2554,"frameWidth":508,"frameX":-4,"frameHeight":130,"width":500,"height":122,"name":"pattern_blue","x":1486},{"frameY":-4,"y":2554,"frameWidth":508,"frameX":-4,"frameHeight":130,"width":500,"height":122,"name":"pattern_green","x":984},{"frameY":0,"y":1656,"frameWidth":250,"frameX":-70,"frameHeight":61,"width":180,"height":61,"name":"result_pattern/result_pattern0009","x":760},{"frameY":-4,"y":2006,"frameWidth":250,"frameX":-100,"frameHeight":61,"width":150,"height":57,"name":"result_pattern/result_pattern0010","x":1703},{"width":250,"y":2678,"height":61,"name":"result_pattern/result_pattern0000","x":554},{"frameY":-4,"y":2492,"frameWidth":250,"frameX":-130,"frameHeight":61,"width":120,"height":57,"name":"result_pattern/result_pattern0011","x":1806},{"frameY":-4,"y":2006,"frameWidth":250,"frameX":0,"frameHeight":61,"width":39,"height":51,"name":"result_pattern/result_pattern0001","x":1988},{"frameY":-4,"y":2496,"frameWidth":250,"frameX":-160,"frameHeight":61,"width":90,"height":51,"name":"result_pattern/result_pattern0012","x":1928},{"frameY":-4,"y":2006,"frameWidth":250,"frameX":0,"frameHeight":61,"width":69,"height":51,"name":"result_pattern/result_pattern0002","x":1855},{"frameY":-4,"y":2006,"frameWidth":250,"frameX":-190,"frameHeight":61,"width":60,"height":51,"name":"result_pattern/result_pattern0013","x":1926},{"frameY":0,"y":64,"frameWidth":250,"frameX":0,"frameHeight":61,"width":99,"height":61,"name":"result_pattern/result_pattern0003","x":1943},{"frameY":-4,"y":1443,"frameWidth":250,"frameX":-221,"frameHeight":61,"width":29,"height":51,"name":"result_pattern/result_pattern0014","x":911},{"frameY":0,"y":1550,"frameWidth":250,"frameX":0,"frameHeight":61,"width":129,"height":61,"name":"result_pattern/result_pattern0004","x":1901},{"width":250,"y":2678,"height":61,"name":"result_pattern/result_pattern0015","x":302},{"frameY":0,"y":1,"frameWidth":250,"frameX":0,"frameHeight":61,"width":159,"height":61,"name":"result_pattern/result_pattern0005","x":1870},{"frameY":0,"y":1593,"frameWidth":250,"frameX":-1,"frameHeight":61,"width":188,"height":61,"name":"result_pattern/result_pattern0006","x":760},{"frameY":0,"y":2678,"frameWidth":250,"frameX":-12,"frameHeight":61,"width":207,"height":61,"name":"result_pattern/result_pattern0007","x":806},{"frameY":0,"y":2678,"frameWidth":250,"frameX":-40,"frameHeight":61,"width":203,"height":61,"name":"result_pattern/result_pattern0008","x":1015},{"frameY":-4,"y":1484,"frameWidth":154,"frameX":-4,"frameHeight":72,"width":146,"height":64,"name":"credit","x":1901},{"frameY":-4,"y":1407,"frameWidth":142,"frameX":-4,"frameHeight":83,"width":134,"height":75,"name":"result","x":1901},{"frameY":-4,"y":1712,"frameWidth":37,"frameX":-4,"frameHeight":28,"width":29,"height":20,"name":"rectengle","x":693},{"frameY":-4,"y":2471,"frameWidth":627,"frameX":-4,"frameHeight":13,"width":619,"height":5,"name":"line_green","x":622},{"frameY":-4,"y":2478,"frameWidth":627,"frameX":-4,"frameHeight":13,"width":619,"height":5,"name":"line_red","x":622},{"frameY":-4,"y":2485,"frameWidth":627,"frameX":-4,"frameHeight":13,"width":619,"height":5,"name":"line_blue","x":622},{"width":757,"y":956,"height":754,"name":"circle_D","x":1},{"width":35,"y":1389,"height":52,"name":"dot","x":911},{"width":851,"y":887,"height":845,"name":"circle_E","x":962},{"width":959,"y":1,"height":953,"name":"circle_F","x":1},{"width":906,"y":1,"height":884,"name":"circle_G","x":962},{"width":411,"y":1734,"height":332,"name":"outer_rectangle_B","x":1290},{"width":305,"y":2068,"height":291,"name":"outer_rectangle_A","x":1689},{"width":690,"y":1712,"height":679,"name":"circle_C","x":1},{"width":397,"y":2068,"height":270,"name":"blue_light","x":1290},{"width":299,"y":2674,"height":204,"name":"white_light","x":1},{"width":315,"y":1734,"height":270,"name":"bar","x":1703},{"width":200,"y":1637,"height":94,"name":"bar_grow","x":1815},{"width":479,"y":2524,"height":148,"name":"circle_mask_a","x":1},{"width":158,"y":956,"height":431,"name":"circle_mask_b","x":760},{"width":17,"y":1613,"height":87,"name":"red_card","x":2017},{"width":595,"y":1734,"height":567,"name":"center_mask","x":693},{"width":108,"y":2361,"height":133,"name":"icon","x":1935},{"width":126,"y":887,"height":178,"name":"poker/card_frame","x":1815},{"width":115,"y":1237,"height":168,"name":"poker/card_back","x":1932},{"width":115,"y":1237,"height":168,"name":"poker/card_front","x":1815},{"width":115,"y":1067,"height":168,"name":"poker/red_card_poker","x":1932},{"width":67,"y":64,"height":67,"name":"poker/card_info_vertical","x":1870},{"frameY":0,"y":2303,"frameWidth":607,"frameX":-64,"frameHeight":27,"width":479,"height":27,"name":"poker/card_fx2","x":693},{"width":63,"y":2303,"height":33,"name":"poker/card_number","x":1174},{"width":115,"y":1067,"height":168,"name":"poker/card_disable","x":1815},{"width":149,"y":1389,"height":202,"name":"poker/card_selecet","x":760},{"width":67,"y":2393,"height":67,"name":"poker/card_info_horizontal","x":622}]}