{"name":"blockchain_sqba","imagePath":"blockchain_sqba_tex.png","height":4096,"SubTexture":[{"name":"bet_bar","x":622,"height":60,"y":2492,"width":1182},{"name":"bar_effect/spark (06)","x":1815,"height":228,"frameWidth":88,"y":1407,"frameY":-15,"frameHeight":258,"frameX":-4,"width":84},{"name":"bar_effect/FlashLight_12","x":2017,"height":28,"frameWidth":38,"y":1702,"frameY":-5,"frameHeight":38,"frameX":-5,"width":28},{"name":"line_rectengle_red","x":1243,"height":10,"frameWidth":60,"y":2471,"frameY":-4,"frameHeight":18,"frameX":-4,"width":52},{"name":"line_rectengle_green","x":1901,"height":10,"frameWidth":60,"y":1625,"frameY":-4,"frameHeight":18,"frameX":-4,"width":52},{"name":"line_rectengle_blue","x":1901,"height":10,"frameWidth":60,"y":1613,"frameY":-4,"frameHeight":18,"frameX":-4,"width":52},{"name":"bg_blue","x":1,"height":129,"frameWidth":627,"y":2393,"frameY":-4,"frameHeight":137,"frameX":-4,"width":619},{"name":"bg_green","x":1314,"height":129,"frameWidth":627,"y":2361,"frameY":-4,"frameHeight":137,"frameX":-4,"width":619},{"name":"bg_red","x":693,"height":129,"frameWidth":627,"y":2340,"frameY":-4,"frameHeight":137,"frameX":-4,"width":619},{"name":"pattern_red","x":984,"height":122,"frameWidth":508,"y":2554,"frameY":-4,"frameHeight":130,"frameX":-4,"width":500},{"name":"pattern_green","x":482,"height":122,"frameWidth":508,"y":2554,"frameY":-4,"frameHeight":130,"frameX":-4,"width":500},{"name":"pattern_blue","x":1486,"height":122,"frameWidth":508,"y":2554,"frameY":-4,"frameHeight":130,"frameX":-4,"width":500},{"name":"result_pattern/result_pattern0009","x":760,"height":61,"frameWidth":250,"y":1656,"frameY":0,"frameHeight":61,"frameX":-70,"width":180},{"name":"result_pattern/result_pattern0012","x":1928,"height":51,"frameWidth":250,"y":2496,"frameY":-4,"frameHeight":61,"frameX":-160,"width":90},{"name":"result_pattern/result_pattern0001","x":1988,"height":51,"frameWidth":250,"y":2006,"frameY":-4,"frameHeight":61,"frameX":0,"width":39},{"name":"result_pattern/result_pattern0006","x":760,"height":61,"frameWidth":250,"y":1593,"frameY":0,"frameHeight":61,"frameX":-1,"width":188},{"name":"result_pattern/result_pattern0014","x":911,"height":51,"frameWidth":250,"y":1443,"frameY":-4,"frameHeight":61,"frameX":-221,"width":29},{"name":"result_pattern/result_pattern0013","x":1926,"height":51,"frameWidth":250,"y":2006,"frameY":-4,"frameHeight":61,"frameX":-190,"width":60},{"name":"result_pattern/result_pattern0002","x":1855,"height":51,"frameWidth":250,"y":2006,"frameY":-4,"frameHeight":61,"frameX":0,"width":69},{"name":"result_pattern/result_pattern0007","x":806,"height":61,"frameWidth":250,"y":2678,"frameY":0,"frameHeight":61,"frameX":-12,"width":207},{"name":"result_pattern/result_pattern0010","x":1703,"height":57,"frameWidth":250,"y":2006,"frameY":-4,"frameHeight":61,"frameX":-100,"width":150},{"name":"result_pattern/result_pattern0005","x":1870,"height":61,"frameWidth":250,"y":1,"frameY":0,"frameHeight":61,"frameX":0,"width":159},{"name":"result_pattern/result_pattern0011","x":1806,"height":57,"frameWidth":250,"y":2492,"frameY":-4,"frameHeight":61,"frameX":-130,"width":120},{"name":"result_pattern/result_pattern0000","x":302,"height":61,"y":2678,"width":250},{"name":"result_pattern/result_pattern0003","x":1943,"height":61,"frameWidth":250,"y":64,"frameY":0,"frameHeight":61,"frameX":0,"width":99},{"name":"result_pattern/result_pattern0008","x":1015,"height":61,"frameWidth":250,"y":2678,"frameY":0,"frameHeight":61,"frameX":-40,"width":203},{"name":"result_pattern/result_pattern0015","x":554,"height":61,"y":2678,"width":250},{"name":"result_pattern/result_pattern0004","x":1901,"height":61,"frameWidth":250,"y":1550,"frameY":0,"frameHeight":61,"frameX":0,"width":129},{"name":"credit","x":1901,"height":64,"frameWidth":154,"y":1484,"frameY":-4,"frameHeight":72,"frameX":-4,"width":146},{"name":"result","x":1901,"height":75,"frameWidth":142,"y":1407,"frameY":-4,"frameHeight":83,"frameX":-4,"width":134},{"name":"rectengle","x":693,"height":20,"frameWidth":37,"y":1712,"frameY":-4,"frameHeight":28,"frameX":-4,"width":29},{"name":"line_red","x":622,"height":5,"frameWidth":627,"y":2471,"frameY":-4,"frameHeight":13,"frameX":-4,"width":619},{"name":"line_green","x":622,"height":5,"frameWidth":627,"y":2485,"frameY":-4,"frameHeight":13,"frameX":-4,"width":619},{"name":"line_blue","x":622,"height":5,"frameWidth":627,"y":2478,"frameY":-4,"frameHeight":13,"frameX":-4,"width":619},{"name":"circle_D","x":1,"height":754,"y":956,"width":757},{"name":"dot","x":911,"height":52,"y":1389,"width":35},{"name":"circle_E","x":962,"height":845,"y":887,"width":851},{"name":"circle_F","x":1,"height":953,"y":1,"width":959},{"name":"circle_G","x":962,"height":884,"y":1,"width":906},{"name":"outer_rectangle_B","x":1290,"height":332,"y":1734,"width":411},{"name":"outer_rectangle_A","x":1689,"height":291,"y":2068,"width":305},{"name":"circle_C","x":1,"height":679,"y":1712,"width":690},{"name":"blue_light","x":1290,"height":270,"y":2068,"width":397},{"name":"white_light","x":1,"height":204,"y":2674,"width":299},{"name":"bar","x":1703,"height":270,"y":1734,"width":315},{"name":"bar_grow","x":1815,"height":94,"y":1637,"width":200},{"name":"circle_mask_a","x":1,"height":148,"y":2524,"width":479},{"name":"circle_mask_b","x":760,"height":431,"y":956,"width":158},{"name":"red_card","x":2017,"height":87,"y":1613,"width":17},{"name":"center_mask","x":693,"height":567,"y":1734,"width":595},{"name":"icon","x":1935,"height":133,"y":2361,"width":108},{"name":"poker/card_frame","x":1815,"height":178,"y":887,"width":126},{"name":"poker/card_back","x":1815,"height":168,"y":1237,"width":115},{"name":"poker/card_front","x":1932,"height":168,"y":1067,"width":115},{"name":"poker/red_card_poker","x":1932,"height":168,"y":1237,"width":115},{"name":"poker/card_info_vertical","x":622,"height":67,"y":2393,"width":67},{"name":"poker/card_fx2","x":693,"height":27,"frameWidth":607,"y":2303,"frameY":0,"frameHeight":27,"frameX":-64,"width":479},{"name":"poker/card_number","x":1174,"height":33,"y":2303,"width":63},{"name":"poker/card_disable","x":1815,"height":168,"y":1067,"width":115},{"name":"poker/card_selecet","x":760,"height":202,"y":1389,"width":149},{"name":"poker/card_info_horizontal","x":1870,"height":67,"y":64,"width":67}],"width":2048}