{"frameRate":30,"name":"chips_select","version":"5.5","compatibleVersion":"5.5","armature":[{"type":"Armature","frameRate":30,"name":"chips_select","aabb":{"x":-89.5,"y":-106.5,"width":263,"height":263},"bone":[{"name":"root"},{"name":"Chips_Group","parent":"root"},{"name":"Chips","parent":"Chips_Group","transform":{"x":41.97,"y":26.32}},{"length":100,"name":"Circle_Select1","parent":"Chips","transform":{"x":0.03,"y":-1.32,"scX":0.4,"scY":0.4}},{"length":100,"name":"Circle_Select2","parent":"Chips","transform":{"x":0.03,"y":-1.32,"scX":0.4,"scY":0.4}},{"length":100,"name":"Shadow","parent":"Chips","transform":{"y":-1.02,"scX":0.09,"scY":0.09}},{"name":"Number","parent":"Chips","transform":{"x":1.03,"y":-0.32,"scY":0.75}}],"slot":[{"name":"Shadow","parent":"Shadow","color":{"aM":0}},{"name":"Circle_select","parent":"Circle_Select1","color":{"aM":0}},{"blendMode":"add","name":"Circle_select2","parent":"Circle_Select2","color":{"aM":0}},{"name":"chips_select","parent":"Chips"},{"name":"chips_deselect","parent":"Chips"},{"name":"number","parent":"Number"}],"skin":[{"slot":[{"name":"Shadow","display":[{"type":"mesh","name":"Chips_Shadow","width":128,"height":128,"vertices":[611.26,613.81,-611.24,613.81,-611.24,-608.69,611.26,-608.69],"uvs":[1,1,0,1,0,0,1,0],"triangles":[1,0,3,2,1,3],"edges":[1,0,0,3,3,2,2,1],"userEdges":[]}]},{"name":"Circle_select","display":[{"name":"Circle_Select"}]},{"name":"Circle_select2","display":[{"name":"Circle_Select"}]},{"name":"chips_select","display":[{"name":"Chips_Select_Destop","transform":{"x":0.09,"y":-1.81}}]},{"name":"chips_deselect","display":[{"name":"Chips_Deselect_Destop","transform":{"x":1.09,"y":6.19}}]},{"name":"number","display":[{"name":"Chips_8"}]}]}],"animation":[{"duration":100,"name":"All","bone":[{"name":"Chips","scaleFrame":[{"duration":6},{"duration":2,"curve":[0.258,0,0.619,0.45]},{"duration":6,"curve":[0.363,0.44,0.755,1],"x":1.04,"y":1.04},{"duration":84,"x":1.1,"y":1.1},{"curve":[0.25,0,0.75,1],"x":1.1,"y":1.1},{}]},{"name":"Circle_Select1","scaleFrame":[{"duration":8,"x":0.8,"y":0.8},{"duration":13,"curve":[0.25,0,0.75,1],"x":0.8,"y":0.8},{"duration":19,"curve":[0.25,0,0.75,1]},{"duration":25,"curve":[0.25,0,0.75,1],"x":0.94,"y":0.94},{"duration":25,"curve":[0.25,0,0.75,1]},{"duration":10,"x":0.94,"y":0.94}]},{"name":"Circle_Select2","scaleFrame":[{"duration":8,"x":0.8,"y":0.8},{"duration":13,"curve":[0.25,0,0.75,1],"x":0.8,"y":0.8},{"duration":19,"curve":[0.25,0,0.75,1],"x":0.88,"y":0.88},{"curve":[0.25,0,0.75,1]},{"duration":49,"curve":[0.25,0,0.75,1],"x":0.88,"y":0.88},{"duration":10}]},{"name":"Number","translateFrame":[{"duration":7},{"tweenEasing":0},{"duration":91,"y":-7.69},{"tweenEasing":0,"y":-7.69},{"duration":0}],"scaleFrame":[{"duration":7,"y":0.75},{"tweenEasing":0,"y":0.75},{"duration":91},{"tweenEasing":0},{"duration":0,"y":0.75}]}],"slot":[{"name":"Circle_select","colorFrame":[{"duration":8,"value":{"aM":0}},{"duration":32,"curve":[0.25,0,0.75,1],"value":{"aM":0}},{},{"duration":24,"curve":[0.25,0,0.75,1]},{"duration":25,"curve":[0.25,0,0.75,1],"value":{"aM":45}},{"duration":10,"curve":[0.25,0,0.75,1]},{"duration":0,"value":{"aM":0}}]},{"name":"Circle_select2","colorFrame":[{"duration":8,"value":{"aM":0}},{"duration":13,"curve":[0.25,0,0.75,1],"value":{"aM":0}},{"duration":19,"curve":[0.25,0,0.75,1]},{"duration":20,"curve":[0.25,0,0.75,1],"value":{"aM":0}},{"duration":30,"curve":[0.25,0,0.75,1],"value":{"aM":49}},{"duration":10,"value":{"aM":0}}]},{"name":"Shadow","colorFrame":[{"duration":7,"value":{"aM":0}},{"duration":7,"curve":[0.25,0,0.75,1],"value":{"aM":0}},{"duration":84,"value":{"aM":32}},{"curve":[0.25,0,0.75,1],"value":{"aM":32}},{"value":{"aM":0}}]},{"name":"chips_deselect","colorFrame":[{"duration":7},{},{"duration":92,"value":{"aM":0}},{"duration":0}]},{"name":"chips_select","colorFrame":[{"duration":7,"value":{"aM":0}},{"value":{"aM":0}},{"duration":92}]}]},{"duration":40,"name":"in","bone":[{"name":"Chips","scaleFrame":[{"duration":6},{"duration":2,"curve":[0.258,0,0.619,0.45]},{"duration":6,"curve":[0.363,0.44,0.755,1],"x":1.04,"y":1.04},{"duration":26,"x":1.1,"y":1.1}]},{"name":"Circle_Select1","scaleFrame":[{"duration":8,"x":0.8,"y":0.8},{"duration":13,"curve":[0.25,0,0.75,1],"x":0.8,"y":0.8},{"duration":19,"curve":[0.25,0,0.75,1]},{"duration":0,"x":0.94,"y":0.94}]},{"name":"Circle_Select2","scaleFrame":[{"duration":8,"x":0.8,"y":0.8},{"duration":13,"curve":[0.25,0,0.75,1],"x":0.8,"y":0.8},{"duration":19,"curve":[0.25,0,0.75,1],"x":0.88,"y":0.88},{"duration":0}]},{"name":"Number","translateFrame":[{"duration":7},{"tweenEasing":0},{"duration":32,"y":-7.69}],"scaleFrame":[{"duration":7,"y":0.75},{"tweenEasing":0,"y":0.75},{"duration":32}]}],"slot":[{"name":"Circle_select","colorFrame":[{"duration":8,"value":{"aM":0}},{"duration":32,"curve":[0.25,0,0.75,1],"value":{"aM":0}},{"duration":0}]},{"name":"Circle_select2","colorFrame":[{"duration":8,"value":{"aM":0}},{"duration":13,"curve":[0.25,0,0.75,1],"value":{"aM":0}},{"duration":19,"curve":[0.25,0,0.75,1]},{"duration":0,"value":{"aM":0}}]},{"name":"Shadow","colorFrame":[{"duration":7,"value":{"aM":0}},{"duration":7,"curve":[0.25,0,0.75,1],"value":{"aM":0}},{"duration":26,"value":{"aM":32}}]},{"name":"chips_deselect","colorFrame":[{"duration":7},{},{"duration":32,"value":{"aM":0}}]},{"name":"chips_select","colorFrame":[{"duration":7,"value":{"aM":0}},{"value":{"aM":0}},{"duration":32}]}]},{"duration":50,"name":"loop","bone":[{"name":"Chips","scaleFrame":[{"duration":50,"x":1.1,"y":1.1}]},{"name":"Circle_Select1","scaleFrame":[{"duration":25,"curve":[0.25,0,0.75,1],"x":0.94,"y":0.94},{"duration":25,"curve":[0.25,0,0.75,1]},{"duration":0,"x":0.94,"y":0.94}]},{"name":"Circle_Select2","scaleFrame":[{"curve":[0.25,0,0.75,1]},{"duration":49,"curve":[0.25,0,0.75,1],"x":0.88,"y":0.88},{"duration":0}]},{"name":"Number","translateFrame":[{"duration":50,"y":-7.69}]}],"slot":[{"name":"Circle_select","colorFrame":[{},{"duration":24,"curve":[0.25,0,0.75,1]},{"duration":25,"curve":[0.25,0,0.75,1],"value":{"aM":45}},{"duration":0}]},{"name":"Circle_select2","colorFrame":[{"duration":20,"curve":[0.25,0,0.75,1],"value":{"aM":0}},{"duration":30,"curve":[0.25,0,0.75,1],"value":{"aM":49}},{"duration":0,"value":{"aM":0}}]},{"name":"Shadow","colorFrame":[{"duration":50,"value":{"aM":32}}]},{"name":"chips_deselect","displayFrame":[{"duration":50,"value":-1}]}]},{"duration":10,"name":"out","bone":[{"name":"Chips","scaleFrame":[{"duration":8,"x":1.1,"y":1.1},{"curve":[0.25,0,0.75,1],"x":1.1,"y":1.1},{}]},{"name":"Circle_Select1","scaleFrame":[{"duration":10,"x":0.94,"y":0.94}]},{"name":"Number","translateFrame":[{"duration":9,"y":-7.69},{"tweenEasing":0,"y":-7.69},{"duration":0}],"scaleFrame":[{"duration":9},{"tweenEasing":0},{"duration":0,"y":0.75}]}],"slot":[{"name":"Circle_select","colorFrame":[{"duration":10,"curve":[0.25,0,0.75,1]},{"duration":0,"value":{"aM":0}}]},{"name":"Shadow","colorFrame":[{"duration":8,"value":{"aM":32}},{"curve":[0.25,0,0.75,1],"value":{"aM":32}},{"value":{"aM":0}}]},{"name":"chips_deselect","displayFrame":[{"duration":10,"value":-1},{"duration":0}]},{"name":"chips_select","colorFrame":[{"duration":9,"tweenEasing":0},{"tweenEasing":0},{"duration":0,"value":{"aM":0}}]}]}],"defaultActions":[{"gotoAndPlay":"All"}]}]}