{"name":"chips_select","imagePath":"chips_select_tex.png","height":512,"SubTexture":[{"name":"Chips_Shadow","x":1,"height":128,"y":258,"width":128},{"name":"Circle_Select","x":1,"height":255,"frameWidth":263,"y":1,"frameY":-4,"frameHeight":263,"frameX":-4,"width":255},{"name":"Chips_Select_Destop","x":1,"height":89,"y":388,"width":86},{"name":"Chips_Deselect_Destop","x":89,"height":64,"y":388,"width":86},{"name":"Chips_8","x":1,"height":24,"frameWidth":16,"y":479,"frameY":-2,"frameHeight":28,"frameX":-2,"width":12}],"width":512}