{"width":2048,"SubTexture":[{"width":1182,"y":2492,"height":60,"name":"bet_bar","x":622},{"frameX":-4,"y":1057,"frameY":-15,"frameWidth":88,"width":84,"frameHeight":258,"height":228,"name":"bar_effect/spark (06)","x":1815},{"frameX":-5,"y":2303,"frameY":-5,"frameWidth":38,"width":28,"frameHeight":38,"height":28,"name":"bar_effect/FlashLight_12","x":1239},{"frameX":-4,"y":2471,"frameY":-4,"frameWidth":60,"width":52,"frameHeight":18,"height":10,"name":"line_rectengle_green","x":1243},{"frameX":-4,"y":1598,"frameY":-4,"frameWidth":60,"width":52,"frameHeight":18,"height":10,"name":"line_rectengle_red","x":1976},{"frameX":-4,"y":2524,"frameY":-4,"frameWidth":60,"width":52,"frameHeight":18,"height":10,"name":"line_rectengle_blue","x":482},{"frameX":-4,"y":2361,"frameY":-4,"frameWidth":627,"width":619,"frameHeight":137,"height":129,"name":"bg_green","x":1314},{"frameX":-4,"y":2393,"frameY":-4,"frameWidth":627,"width":619,"frameHeight":137,"height":129,"name":"bg_blue","x":1},{"frameX":-4,"y":2340,"frameY":-4,"frameWidth":627,"width":619,"frameHeight":137,"height":129,"name":"bg_red","x":693},{"frameX":-4,"y":2554,"frameY":-4,"frameWidth":508,"width":500,"frameHeight":130,"height":122,"name":"pattern_green","x":984},{"frameX":-4,"y":2554,"frameY":-4,"frameWidth":508,"width":500,"frameHeight":130,"height":122,"name":"pattern_blue","x":1486},{"frameX":-4,"y":2554,"frameY":-4,"frameWidth":508,"width":500,"frameHeight":130,"height":122,"name":"pattern_red","x":482},{"frameX":-160,"y":2496,"frameY":-4,"frameWidth":250,"width":90,"frameHeight":61,"height":51,"name":"result_pattern/result_pattern0012","x":1928},{"frameX":-12,"y":1287,"frameY":0,"frameWidth":250,"width":207,"frameHeight":61,"height":61,"name":"result_pattern/result_pattern0007","x":1815},{"frameX":0,"y":1227,"frameY":-4,"frameWidth":250,"width":69,"frameHeight":61,"height":51,"name":"result_pattern/result_pattern0002","x":1901},{"frameX":-1,"y":1665,"frameY":0,"frameWidth":250,"width":188,"frameHeight":61,"height":61,"name":"result_pattern/result_pattern0006","x":760},{"frameX":-130,"y":2492,"frameY":-4,"frameWidth":250,"width":120,"frameHeight":61,"height":57,"name":"result_pattern/result_pattern0011","x":1806},{"width":250,"y":2678,"height":61,"name":"result_pattern/result_pattern0015","x":554},{"frameX":0,"y":1553,"frameY":0,"frameWidth":250,"width":159,"frameHeight":61,"height":61,"name":"result_pattern/result_pattern0005","x":1815},{"frameX":-100,"y":2006,"frameY":-4,"frameWidth":250,"width":150,"frameHeight":61,"height":57,"name":"result_pattern/result_pattern0010","x":1703},{"frameX":0,"y":1413,"frameY":-4,"frameWidth":250,"width":39,"frameHeight":61,"height":51,"name":"result_pattern/result_pattern0001","x":1997},{"frameX":-70,"y":1413,"frameY":0,"frameWidth":250,"width":180,"frameHeight":61,"height":61,"name":"result_pattern/result_pattern0009","x":1815},{"width":250,"y":2678,"height":61,"name":"result_pattern/result_pattern0000","x":302},{"frameX":0,"y":1,"frameY":0,"frameWidth":250,"width":129,"frameHeight":61,"height":61,"name":"result_pattern/result_pattern0004","x":1870},{"frameX":-221,"y":1545,"frameY":-4,"frameWidth":250,"width":29,"frameHeight":61,"height":51,"name":"result_pattern/result_pattern0014","x":1976},{"frameX":0,"y":64,"frameY":0,"frameWidth":250,"width":99,"frameHeight":61,"height":61,"name":"result_pattern/result_pattern0003","x":1870},{"frameX":-190,"y":1227,"frameY":-4,"frameWidth":250,"width":60,"frameHeight":61,"height":51,"name":"result_pattern/result_pattern0013","x":1972},{"frameX":-40,"y":1350,"frameY":0,"frameWidth":250,"width":203,"frameHeight":61,"height":61,"name":"result_pattern/result_pattern0008","x":1815},{"frameX":-4,"y":1616,"frameY":-4,"frameWidth":154,"width":146,"frameHeight":72,"height":64,"name":"credit","x":1815},{"frameX":-4,"y":1476,"frameY":-4,"frameWidth":142,"width":134,"frameHeight":83,"height":75,"name":"result","x":1815},{"frameX":-4,"y":1712,"frameY":-4,"frameWidth":37,"width":29,"frameHeight":28,"height":20,"name":"rectengle","x":693},{"frameX":-4,"y":2471,"frameY":-4,"frameWidth":627,"width":619,"frameHeight":13,"height":5,"name":"line_green","x":622},{"frameX":-4,"y":2485,"frameY":-4,"frameWidth":627,"width":619,"frameHeight":13,"height":5,"name":"line_red","x":622},{"frameX":-4,"y":2478,"frameY":-4,"frameWidth":627,"width":619,"frameHeight":13,"height":5,"name":"line_blue","x":622},{"width":126,"y":1389,"height":178,"name":"poker/card_frame","x":760},{"width":115,"y":1057,"height":168,"name":"poker/card_back","x":1932},{"width":115,"y":887,"height":168,"name":"poker/card_front","x":1815},{"width":115,"y":887,"height":168,"name":"poker/red_card_poker","x":1932},{"width":67,"y":1476,"height":67,"name":"poker/card_info_vertical","x":1951},{"width":67,"y":2393,"height":67,"name":"poker/card_info_horizontal","x":622},{"frameX":-64,"y":2303,"frameY":0,"frameWidth":607,"width":479,"frameHeight":27,"height":27,"name":"poker/card_fx2","x":693},{"width":63,"y":2303,"height":33,"name":"poker/card_number","x":1174},{"width":757,"y":956,"height":754,"name":"circle_D","x":1},{"width":35,"y":1616,"height":52,"name":"dot","x":1963},{"width":851,"y":887,"height":845,"name":"circle_E","x":962},{"width":959,"y":1,"height":953,"name":"circle_F","x":1},{"width":906,"y":1,"height":884,"name":"circle_G","x":962},{"width":411,"y":1734,"height":332,"name":"outer_rectangle_B","x":1290},{"width":305,"y":2068,"height":291,"name":"outer_rectangle_A","x":1689},{"width":690,"y":1712,"height":679,"name":"circle_C","x":1},{"width":397,"y":2068,"height":270,"name":"blue_light","x":1290},{"width":299,"y":2674,"height":204,"name":"white_light","x":1},{"width":315,"y":1734,"height":270,"name":"bar","x":1703},{"width":200,"y":1569,"height":94,"name":"bar_grow","x":760},{"width":479,"y":2524,"height":148,"name":"circle_mask_a","x":1},{"width":158,"y":956,"height":431,"name":"circle_mask_b","x":760},{"width":17,"y":1280,"height":87,"name":"red_card","x":2024},{"width":595,"y":1734,"height":567,"name":"center_mask","x":693},{"width":108,"y":2361,"height":133,"name":"icon","x":1935}],"height":4096,"name":"blockchain_ske","imagePath":"blockchain_ske_tex.png"}